Workbook

Sheet Draft
A1: KERTAS KERJA PENILAIAN PENUNJUKKAN KAP DALAM RANGKA AUDIT ATAS NERACA PENUTUPAN PT BPR TEBAS LOKARIZKI (DL) - SAMBAS
A2: I. Administrasi
A3: No. | B3: KAP | C3: Proposal diterima tepat waktu | D3: Surat Pengantar | G3: Izin Menkeu | H3: Terdaftar di BI/OJK | I3: Pengalaman Audit Industri Perbankan | J3: Pegawai Tetap | L3: Lulus | M3: Tidak Lulus
D4: Tepat Waktu | E4: di TTD Pimpinan/ Rekan | F4: Memuat pernyataan yg disyaratkan | J4: Minimal 6 orang | K4: Min 50% dari pegawai yg ditugaskan
A5: 1 | B5: KAP Luthfi Muhammad & Rekan | C5: V | D5: V | E5: V | F5: V | G5: V | H5: V | I5: V | J5: V | K5: V | L5: V
A6: 2 | B6: KAP Yaniswar & Rekan | C6: V | D6: V | E6: V | F6: V | G6: V | H6: V | I6: V | J6: V | K6: V | L6: V | M6: -
A7: 3 | B7: KAP Drs. Abror, Ak | C7: V | D7: V | E7: V | F7: V | G7: V | H7: V | I7: V | J7: V | K7: V | L7: V | M7: -
A9: II. Penilaian
A10: A. | B10: Penilaian Teknis - Pengalaman KAP
A11: No. | B11: KAP | C11: Pengalaman KAP | D11: Nilai | F11: Jumlah | H11: Keterangan
D12: TL | E12: Analisis | F12: TL | G12: Analisis
A13: 1 | B13: KAP Luthfi Muhammad & Rekan | C13: 0.3 | D13: 85 | E13: 80 | F13: =D13*C13 -> 25.5 | G13: =E13*C13 -> 24 | H13: Hasil penilaian TL telah sesuai dengan pedoman penunjukkan KAP, berdasarkan verifikasi atas proposal, KAP telah memiliki pengalaman audit NAL & NP pada 3 BDL dalam 5 tahun terakhir.
A14: 2 | B14: KAP Yaniswar & Rekan | C14: 0.3 | D14: 85 | E14: 90 | F14: =D14*C14 -> 25.5 | G14: =E14*C14 -> 27 | H14: Hasil penilaian TL telah sesuai dengan pedoman penunjukkan KAP, berdasarkan verifikasi atas proposal, KAP telah memiliki pengalaman audit NAL & NP pada 4 BDL dalam 5 tahun terakhir.
A15: 3 | B15: KAP Drs. Abror, Ak | C15: 0.3 | D15: 100 | E15: =D15 -> 100 | F15: =D15*C15 -> 30 | G15: =E15*C15 -> 30 | H15: Hasil penilaian TL telah sesuai dengan pedoman penunjukkan KAP, berdasarkan verifikasi atas proposal, KAP/Personil telah memiliki pengalaman audit NAL & NP pada 4 BDL & audit umum pada 5 BPR dalam 5 th terakhir.
A17: B. | B17: Penilaian Teknis - AP/Personil
A18: No. | B18: KAP | C18: Pengalaman KAP | D18: Nilai | F18: Jumlah | H18: Keterangan
D19: TL | E19: Analisis | F19: TL | G19: Analisis
A20: 1 | B20: KAP Luthfi Muhammad & Rekan | C20: 0.3 | D20: 85 | E20: 80 | F20: =D20*C20 -> 25.5 | G20: =E20*C20 -> 24 | H20: Hasil penilaian TL telah sesuai dengan pedoman penunjukkan KAP, berdasarkan verifikasi atas proposal, KAP telah memiliki pengalaman audit NAL & NP pada 3 BDL dalam 5 tahun terakhir.
A21: 2 | B21: KAP Yaniswar & Rekan | C21: 0.3 | D21: 85 | E21: 90 | F21: =D21*C21 -> 25.5 | G21: =E21*C21 -> 27 | H21: Hasil penilaian TL telah sesuai dengan pedoman penunjukkan KAP, berdasarkan verifikasi atas proposal, KAP telah memiliki pengalaman audit NAL & NP pada 4 BDL dalam 5 tahun terakhir.
A22: 3 | B22: KAP Drs. Abror, Ak | C22: 0.3 | D22: 100 | E22: =D22 -> 100 | F22: =D22*C22 -> 30 | G22: =E22*C22 -> 30 | H22: Hasil penilaian TL telah sesuai dengan pedoman penunjukkan KAP, berdasarkan verifikasi atas proposal, KAP/Personil telah memiliki pengalaman audit NAL & NP pada 6 BDL & audit umum pada 14 BPR serta 1 BPD dalam 5 th terakhir.
A24: C. | B24: Penilaian Teknis - Metodologi & Usulan Prosedur yang Disepakati
A25: No. | B25: KAP | C25: Pengalaman KAP | D25: Nilai | F25: Jumlah | H25: Keterangan
D26: TL | E26: Analisis | F26: TL | G26: Analisis
A27: 1 | B27: KAP Luthfi Muhammad & Rekan | C27: 0.3 | D27: 81 | E27: 50 | F27: =D27*C27 -> 24.3 | G27: =E27*C27 -> 15 | H27: Hasil penilaian TL telah sesuai dengan pedoman penunjukkan KAP, berdasarkan verifikasi atas proposal cakupan dan relevansi atas metodologi dan usulan prosedur yang disepakati telah sesuai.
A28: 2 | B28: KAP Yaniswar & Rekan | C28: 0.3 | D28: 81 | E28: 50 | F28: =D28*C28 -> 24.3 | G28: =E28*C28 -> 15 | H28: Hasil penilaian TL telah sesuai dengan pedoman penunjukkan KAP, berdasarkan verifikasi atas proposal cakupan dan relevansi atas metodologi dan usulan prosedur yang disepakati telah sesuai.
A29: 3 | B29: KAP Drs. Abror, Ak | C29: 0.3 | D29: 85 | E29: 100 | F29: =D29*C29 -> 25.5 | G29: =E29*C29 -> 30 | H29: Hasil penilaian TL telah sesuai dengan pedoman penunjukkan KAP, berdasarkan verifikasi atas proposal cakupan dan relevansi atas metodologi dan usulan prosedur yang disepakati telah sesuai.
A32: D. | B32: Penilaian Biaya
A33: No. | B33: KAP | C33: Biaya Remunerasi | E33: Biaya Operasional | G33: PPN | I33: Total | K33: Keterangan
C34: Penawaran | D34: HPS | E34: Penawaran | F34: HPS | G34: Penawaran | H34: HPS | I34: Penawaran | J34: HPS (Pembulatan) | K34: Dibawah HPS | L34: Diatas HPS | M34: Penjelasan
A35: 1 | B35: KAP Luthfi Muhammad & Rekan | C35: 83000000 | D35: 55775000 | E35: 17000000 | F35: 13943750 | G35: 10000000 | H35: 7808500 | I35: =SUM(C35,E35,G35) -> 110000000 | J35: =D35+F35+H35 -> 77527250 | K35: - | L35: Ya
A36: 2 | B36: KAP Yaniswar & Rekan | C36: 49450000 | D36: =D35 -> 55775000 | E36: 13960000 | F36: =F35 -> 13943750 | G36: 6341000 | H36: =H35 -> 7808500 | I36: =SUM(C36,E36,G36) -> 69751000 | J36: =D36+F36+H36 -> 77527250 | K36: Ya | L36: -
A37: 3 | B37: KAP Drs. Abror, Ak | C37: 47000000 | D37: =D36 -> 55775000 | E37: 18000000 | F37: =F36 -> 13943750 | G37: 0 | H37: =H36 -> 7808500 | I37: =SUM(C37,E37,G37) -> 65000000 | J37: =D37+F37+H37 -> 77527250 | K37: Ya | L37: - | M37: Menawarkan biaya terendah
A39: III. Kesimpulan :
A40: No. | B40: KAP | C40: Administrasi | D40: Teknis | E40: Biaya | F40: Keterangan 1) TL telah mengundang 8 (delapan) KAP untuk mengajukan proposal penawaran 2) Berdasarkan hasil verifikasi atas penilaian TL terhadap proposal penawaran, diketahui bahwa hasil penilaian tersebut telah sesuai dengan Pedoman Penunjukkan KAP dalam rangka Audit Atas Neraca Penutupan Bank Yang dicabut Izin Usahanya (Lampiran KKE No.Kep-064/KE/VII/2008 Tgl 10 Juli 2008) 2) KAP Drs. Abror, Ak yang diusulkan TL telah memenuhi syarat untuk ditunjuk sebagai pelaksana Audit atas Neraca Penutupan PT. BPR Tebas Lokarizki.(DL) dari aspek administrasi, teknis dan biaya.
A42: 1 | B42: KAP Luthfi Muhammad & Rekan | C42: Lulus | D42: =F13+F20+F27 -> 75.3 | E42: =I35 -> 110000000
A43: 2 | B43: KAP Yaniswar & Rekan | C43: Lulus | D43: =F14+F21+F28 -> 75.3 | E43: =I36 -> 69751000
A44: 3 | B44: KAP Drs. Abror, Ak | C44: Lulus | D44: =F15+F22+F29 -> 85.5 | E44: =I37 -> 65000000
D46: 0.7 | E46: =D44*D46 -> 59.85 | F46: KAP Luthfi Muhammad & Rekan
C47: 100 | D47: 0.3 | E47: =C47*D47 -> 30 | F47: KAP Yaniswar & Rekan
F48: KAP Drs. Abror, Ak

Sheet Revised
A1: KERTAS KERJA PENILAIAN PENUNJUKKAN KAP DALAM RANGKA AUDIT ATAS NERACA PENUTUPAN PT BPR TEBAS LOKARIZKI (DL) - SAMBAS
A2: I. Administrasi
A3: No. | B3: KAP | C3: Proposal diterima tepat waktu | D3: Surat Pengantar | G3: Izin Menkeu | H3: Terdaftar di BI/OJK | I3: Pengalaman Audit Industri Perbankan | J3: Pegawai Tetap | L3: Lulus | M3: Tidak Lulus
D4: Tepat Waktu | E4: di TTD Pimpinan/ Rekan | F4: Memuat pernyataan yg disyaratkan | J4: Minimal 6 orang | K4: Min 50% dari pegawai yg ditugaskan
A5: 1 | B5: KAP Luthfi Muhammad & Rekan | C5: V | D5: V | E5: V | F5: V | G5: V | H5: V | I5: V | J5: - | K5: - | L5: - | M5: V
A6: 2 | B6: KAP Yaniswar & Rekan | C6: V | D6: V | E6: V | F6: V | G6: V | H6: V | I6: V | J6: V | K6: V | L6: V
A7: 3 | B7: KAP Drs. Abror, Ak | C7: V | D7: V | E7: V | F7: V | G7: V | H7: V | I7: V | J7: V | K7: V | L7: V | M7: -
A9: II. Penilaian
A10: A. | B10: Penilaian Teknis - Pengalaman KAP
A11: No. | B11: KAP | C11: Pengalaman KAP | D11: Nilai | F11: Jumlah | H11: Keterangan
D12: TL | E12: Analisis | F12: TL | G12: Analisis
A13: 1 | B13: KAP Luthfi Muhammad & Rekan | C13: 0.3 | D13: 85 | E13: N/A | F13: =C13*D13 -> 25.5 | G13: N/A | H13: N/A
A14: 2 | B14: KAP Yaniswar & Rekan | C14: 0.3 | D14: 85 | E14: N/A | F14: =C14*D14 -> 25.5 | G14: N/A | H14: N/A
A15: 3 | B15: KAP Drs. Abror, Ak | C15: 0.3 | D15: 100 | E15: =D15 -> 100 | F15: =C15*D15 -> 30 | G15: =E15*C15 -> 30 | H15: Hasil penilaian TL telah sesuai dengan pedoman penunjukkan KAP, berdasarkan verifikasi atas proposal, KAP/Personil telah memiliki pengalaman audit NAL & NP pada 4 BDL & audit umum pada 5 BPR dalam 5 th terakhir.
A17: B. | B17: Penilaian Teknis - AP/Personil
A18: No. | B18: KAP | C18: Pengalaman KAP | D18: Nilai | F18: Jumlah | H18: Keterangan
D19: TL | E19: Analisis | F19: TL | G19: Analisis
A20: 1 | B20: KAP Luthfi Muhammad & Rekan | C20: 0.3 | D20: 85 | E20: N/A | F20: =C20*D20 -> 25.5 | G20: N/A | H20: N/A
A21: 2 | B21: KAP Yaniswar & Rekan | C21: 0.3 | D21: 85 | E21: N/A | F21: =C21*D21 -> 25.5 | G21: N/A | H21: N/A
A22: 3 | B22: KAP Drs. Abror, Ak | C22: 0.3 | D22: 100 | E22: =D22 -> 100 | F22: =C22*D22 -> 30 | G22: =E22*C22 -> 30 | H22: Hasil penilaian TL telah sesuai dengan pedoman penunjukkan KAP, berdasarkan verifikasi atas proposal, KAP/Personil telah memiliki pengalaman audit NAL & NP pada 6 BDL & audit umum pada 14 BPR serta 1 BPD dalam 5 th terakhir.
A24: C. | B24: Penilaian Teknis - Metodologi & Usulan Prosedur yang Disepakati
A25: No. | B25: KAP | C25: Pengalaman KAP | D25: Nilai | F25: Jumlah | H25: Keterangan
D26: TL | E26: Analisis | F26: TL | G26: Analisis
A27: 1 | B27: KAP Luthfi Muhammad & Rekan | C27: 0.4 | D27: 81 | E27: N/A | F27: =C27*D27 -> 32.4 | G27: N/A | H27: N/A
A28: 2 | B28: KAP Yaniswar & Rekan | C28: 0.4 | D28: 81 | E28: N/A | F28: =C28*D28 -> 32.4 | G28: N/A | H28: N/A
A29: 3 | B29: KAP Drs. Abror, Ak | C29: 0.4 | D29: 85 | E29: 100 | F29: =C29*D29 -> 34 | G29: =E29*C29 -> 40 | H29: Hasil penilaian TL telah sesuai dengan pedoman penunjukkan KAP, berdasarkan verifikasi atas proposal cakupan dan relevansi atas metodologi dan usulan prosedur yang disepakati telah sesuai.
A32: D. | B32: Penilaian Biaya
A33: No. | B33: KAP | C33: Biaya Remunerasi | E33: Biaya Operasional | G33: PPN | I33: Total | K33: Keterangan
C34: Penawaran | D34: HPS | E34: Penawaran | F34: HPS | G34: Penawaran | H34: HPS | I34: Penawaran | J34: HPS (Pembulatan) | K34: Dibawah HPS | L34: Diatas HPS | M34: Penjelasan
A35: 1 | B35: KAP Luthfi Muhammad & Rekan | C35: N/A | D35: 55775000 | E35: N/A | F35: 13943750 | G35: N/A | H35: 6971875 | I35: =SUM(C35,E35,G35) -> 0 | J35: =ROUNDUP(D35+F35+H35,-3) -> 76691000 | K35: - | L35: - | M35: N/A
A36: 2 | B36: KAP Yaniswar & Rekan | C36: N/A | D36: =D35 -> 55775000 | E36: N/A | F36: =F35 -> 13943750 | G36: N/A | H36: =H35 -> 6971875 | I36: =SUM(C36,E36,G36) -> 0 | J36: =ROUNDUP(D36+F36+H36,-3) -> 76691000 | K36: - | L36: - | M36: N/A
A37: 3 | B37: KAP Drs. Abror, Ak | C37: 47000000 | D37: =D36 -> 55775000 | E37: 18000000 | F37: =F36 -> 13943750 | G37: 0 | H37: =H36 -> 6971875 | I37: =SUM(C37,E37,G37) -> 65000000 | J37: =ROUNDUP(D37+F37+H37,-3) -> 76691000 | K37: Ya | L37: - | M37: Menawarkan biaya terendah
A39: III. Kesimpulan :
A40: No. | B40: KAP | C40: Administrasi | D40: Teknis | E40: Biaya | F40: Total | G40: Keterangan 1) TL telah mengundang 8 (delapan) KAP untuk mengajukan proposal penawaran 2) Berdasarkan hasil verifikasi atas penilaian TL terhadap proposal penawaran, diketahui bahwa hasil penilaian tersebut telah sesuai dengan Pedoman Penunjukkan KAP dalam rangka Audit Atas Neraca Penutupan Bank Yang dicabut Izin Usahanya (Lampiran KKE No.Kep-064/KE/VII/2008 Tgl 10 Juli 2008) 2) KAP Drs. Abror, Ak yang diusulkan TL telah memenuhi syarat untuk ditunjuk sebagai pelaksana Audit atas Neraca Penutupan PT. BPR Tebas Lokarizki.(DL) dari aspek administrasi, teknis dan biaya.
A42: 1 | B42: KAP Luthfi Muhammad & Rekan | C42: Tidak Lulus | D42: N/A | E42: N/A | F42: N/A
A43: 2 | B43: KAP Yaniswar & Rekan | C43: Tidak Lulus | D43: N/A | E43: N/A | F43: N/A
A44: 3 | B44: KAP Drs. Abror, Ak | C44: Lulus | D44: =(F15+F22+F29) -> 94 | E44: =100 -> 100 | F44: =D44*0.7+E44*0.3 -> 95.8
A46: KECAKUPAN DAN RELEVANSI USULAN PROSEDUR YANG DISEPAKATI*)
A47: No. | B47: AKUN | D47: KECAKUPAN | E47: KECAKUPAN | F47: RELEVANSI
D48: (Ya/Tidak) | E48: (0 atau 4.2) | F48: (0,1.4,2.8,4.2)
B49: AKTIVA
A50: 1 | B50: Kas | D50: Ya | E50: 4.17 | F50: 4.17
A51: 2 | B51: Giro dan tabungan | D51: Ya | E51: 4.17 | F51: 4.17
A52: 3 | B52: Deposito | D52: Ya | E52: 4.17 | F52: 4.17
A53: 4 | B53: Surat berharga dan derivatif | D53: Tidak | E53: 0 | F53: 0
A54: 5 | B54: Kredit/pembiayaan | D54: Ya | E54: 4.17 | F54: 4.17
A55: 6 | B55: Tagihan lain | D55: Tidak | E55: 0 | F55: 0
A56: 7 | B56: Tanah | D56: Ya | E56: 4.17 | F56: 4.17
A57: 8 | B57: Bangunan | D57: Ya | E57: 4.17 | F57: 4.17
A58: 9 | B58: Kendaraan | D58: Ya | E58: 4.17 | F58: 4.17
A59: 10 | B59: Peralatan dan perlengkapan | D59: Ya | E59: 4.17 | F59: 4.17
A60: 11 | B60: Aset yang diagunkan | D60: Tidak | E60: 0 | F60: 0
A61: 12 | B61: Aset lain-lain | D61: Ya | E61: 4.17 | F61: 4.17
B62: PASIVA
A63: 13 | B63: Hak kreditur separatis | D63: Tidak | E63: 0 | F63: 0
A64: 14 | B64: Akrual estimasi biaya likuidasi | D64: Ya | E64: 4.17 | F64: 4.17
A65: 15 | B65: Akrual estimasi biaya pelepasan | D65: Ya | E65: 4.17 | F65: 4.17
A66: 16 | B66: Utang operasional likuidasi | D66: Ya | E66: 4.17 | F66: 4.17
A67: 17 | B67: Utang talangan gaji pegawai | D67: Ya | E67: 4.17 | F67: 4.17
A68: 18 | B68: Utang talangan pesangon pegawai | D68: Ya | E68: 4.17 | F68: 4.17
A69: 19 | B69: Utang biaya perkara pengadilan, lelang, dan operasional kantor | D69: Ya | E69: 4.17 | F69: 4.17
A70: 20 | B70: Utang biaya penyelamatan | D70: Ya | E70: 4.17 | F70: 4.17
A71: 21 | B71: Utang klaim penjaminan | D71: Ya | E71: 4.17 | F71: 4.17
A72: 22 | B72: Utang pajak | D72: Ya | E72: 4.17 | F72: 4.17
A73: 23 | B73: Bagian simpanan yang tidak dibayarkan penjaminannya dan simpanan yang tidak dijamin | D73: Ya | E73: 4.17 | F73: 4.17
A74: 24 | B74: Hak kreditur lain | D74: Ya | E74: 4.17 | F74: 4.17
A75: T O T A L | E75: =SUM(E50:E74) -> 83.4 | F75: =SUM(F50:F74) -> 83.4

Sheet Rekap Penilaian KAP
A1: KERTAS KERJA
A2: PENILAIAN PENUNJUKKAN KAP DALAM RANGKA AUDIT ATAS NERACA PENUTUPAN
A3: KOPERASI BPR ABANG PASAR (DL)
A5: I. Administrasi
A6: No. | B6: KAP | C6: A1. Kelengkapan Dokumen | E6: A2. Penilaian Aspek Administratif | G6: A3. Harga Perkiraan Sendiri (HPS) | I6: A4. Umum | K6: Jumlah | M6: Keterangan
C8: TL | D8: Analisis | E8: TL | F8: Analisis | G8: TL | H8: Analisis | I8: TL | J8: Analisis | K8: TL | L8: Analisis
A9: 1 | B9: =IF('Aspek Penilaian KAP Yaniswar'!$C$2=0,"",('Aspek Penilaian KAP Yaniswar'!$A$2&" "&'Aspek Penilaian KAP Yaniswar'!$C$2)) -> KAP KAP Yaniswar dan Rekan | C9: ='Aspek Penilaian KAP Yaniswar'!F28 -> 94.444444 | D9: ='Aspek Penilaian KAP Yaniswar'!O28 -> 100 | E9: ='Aspek Penilaian KAP Yaniswar'!F40 -> 100 | F9: ='Aspek Penilaian KAP Yaniswar'!O40 -> 87.5 | G9: ='Aspek Penilaian KAP Yaniswar'!F47 -> 66.666667 | H9: ='Aspek Penilaian KAP Yaniswar'!O47 -> 66.666667 | I9: ='Aspek Penilaian KAP Yaniswar'!F58 -> 100 | J9: ='Aspek Penilaian KAP Yaniswar'!O58 -> 100 | K9: ='Aspek Penilaian KAP Yaniswar'!F59 -> 94.444444 | L9: ='Aspek Penilaian KAP Yaniswar'!O59 -> 94.444444 | M9: Tanda daftar KAP terlampir pada https://kapyaniswar.com/aspek-legal/
A10: 2 | B10: =IF('Aspek Penilaian KAP DEF'!$C$2=0,"",('Aspek Penilaian KAP DEF'!$A$2&" "&'Aspek Penilaian KAP DEF'!$C$2)) | C10: ='Aspek Penilaian KAP DEF'!F28 -> 0 | D10: ='Aspek Penilaian KAP DEF'!O28 -> 0 | E10: ='Aspek Penilaian KAP DEF'!F40 -> 0 | F10: ='Aspek Penilaian KAP DEF'!O40 -> 0 | G10: ='Aspek Penilaian KAP DEF'!F47 -> 0 | H10: ='Aspek Penilaian KAP DEF'!O47 -> 0 | I10: ='Aspek Penilaian KAP DEF'!F58 -> 0 | J10: ='Aspek Penilaian KAP DEF'!O58 -> 0 | K10: ='Aspek Penilaian KAP DEF'!F59 -> 0 | L10: ='Aspek Penilaian KAP DEF'!O59 -> 0
A11: 3 | B11: =IF('Aspek Penilaian KAP GHI'!$C$2=0,"",('Aspek Penilaian KAP GHI'!$A$2&" "&'Aspek Penilaian KAP GHI'!$C$2)) | C11: ='Aspek Penilaian KAP GHI'!F28 -> 0 | D11: ='Aspek Penilaian KAP GHI'!O28 -> 0 | E11: ='Aspek Penilaian KAP GHI'!F40 -> 0 | F11: ='Aspek Penilaian KAP GHI'!O40 -> 0 | G11: ='Aspek Penilaian KAP GHI'!F47 -> 0 | H11: ='Aspek Penilaian KAP GHI'!O47 -> 0 | I11: ='Aspek Penilaian KAP GHI'!F58 -> 0 | J11: ='Aspek Penilaian KAP GHI'!O58 -> 0 | K11: ='Aspek Penilaian KAP GHI'!F59 -> 0 | L11: ='Aspek Penilaian KAP GHI'!O59 -> 0
A12: 4 | B12: =IF('Aspek Penilaian KAP JKL'!$C$2=0,"",('Aspek Penilaian KAP JKL'!$A$2&" "&'Aspek Penilaian KAP JKL'!$C$2)) | C12: ='Aspek Penilaian KAP JKL'!F28 -> 0 | D12: ='Aspek Penilaian KAP JKL'!O28 -> 0 | E12: ='Aspek Penilaian KAP JKL'!F40 -> 0 | F12: ='Aspek Penilaian KAP JKL'!O40 -> 0 | G12: ='Aspek Penilaian KAP JKL'!F47 -> 0 | H12: ='Aspek Penilaian KAP JKL'!O47 -> 0 | I12: ='Aspek Penilaian KAP JKL'!F58 -> 0 | J12: ='Aspek Penilaian KAP JKL'!O58 -> 0 | K12: ='Aspek Penilaian KAP JKL'!F59 -> 0 | L12: ='Aspek Penilaian KAP JKL'!O59 -> 0
A13: 5 | B13: =IF('Aspek Penilaian KAP MNO'!$C$2=0,"",('Aspek Penilaian KAP MNO'!$A$2&" "&'Aspek Penilaian KAP MNO'!$C$2)) | C13: ='Aspek Penilaian KAP MNO'!F28 -> 0 | D13: ='Aspek Penilaian KAP MNO'!O28 -> 0 | E13: ='Aspek Penilaian KAP MNO'!F40 -> 0 | F13: ='Aspek Penilaian KAP MNO'!O40 -> 0 | G13: ='Aspek Penilaian KAP MNO'!F47 -> 0 | H13: ='Aspek Penilaian KAP MNO'!O47 -> 0 | I13: ='Aspek Penilaian KAP MNO'!F58 -> 0 | J13: ='Aspek Penilaian KAP MNO'!O58 -> 0 | K13: ='Aspek Penilaian KAP MNO'!F59 -> 0 | L13: ='Aspek Penilaian KAP MNO'!O59 -> 0
A15: II. Penilaian
A16: A. | B16: Penilaian Teknis - Pengalaman KAP
A17: No. | B17: KAP | C17: Pengalaman KAP | D17: Nilai | F17: Jumlah | H17: Keterangan
D18: TL | E18: Analisis | F18: TL | G18: Analisis
A19: 1 | B19: =IF('Aspek Penilaian KAP Yaniswar'!$C$2=0,"",('Aspek Penilaian KAP Yaniswar'!$A$2&" "&'Aspek Penilaian KAP Yaniswar'!$C$2)) -> KAP KAP Yaniswar dan Rekan | C19: 0.3 | D19: ='Aspek Penilaian KAP Yaniswar'!E63 -> 0 | E19: ='Aspek Penilaian KAP Yaniswar'!N63 -> 24 | F19: =C19*D19 -> 0 | G19: =E19*C19 -> 7.2
A20: 2 | B20: =IF('Aspek Penilaian KAP DEF'!$C$2=0,"",('Aspek Penilaian KAP DEF'!$A$2&" "&'Aspek Penilaian KAP DEF'!$C$2)) | C20: 0.3 | D20: ='Aspek Penilaian KAP DEF'!E63 -> 0 | E20: ='Aspek Penilaian KAP DEF'!N63 -> 0 | F20: =C20*D20 -> 0 | G20: =E20*C20 -> 0
A21: 3 | B21: =IF('Aspek Penilaian KAP GHI'!$C$2=0,"",('Aspek Penilaian KAP GHI'!$A$2&" "&'Aspek Penilaian KAP GHI'!$C$2)) | C21: 0.3 | D21: ='Aspek Penilaian KAP GHI'!E63 -> 0 | E21: ='Aspek Penilaian KAP GHI'!N63 -> 0 | F21: =C21*D21 -> 0 | G21: =E21*C21 -> 0
A22: 4 | B22: =IF('Aspek Penilaian KAP JKL'!$C$2=0,"",('Aspek Penilaian KAP JKL'!$A$2&" "&'Aspek Penilaian KAP JKL'!$C$2)) | C22: 0.3 | D22: ='Aspek Penilaian KAP JKL'!E63 -> 0 | E22: ='Aspek Penilaian KAP JKL'!N63 -> 0 | F22: =C22*D22 -> 0 | G22: =E22*C22 -> 0
A23: 5 | B23: =IF('Aspek Penilaian KAP MNO'!$C$2=0,"",('Aspek Penilaian KAP MNO'!$A$2&" "&'Aspek Penilaian KAP MNO'!$C$2)) | C23: 0.3 | D23: ='Aspek Penilaian KAP MNO'!E63 -> 0 | E23: ='Aspek Penilaian KAP MNO'!N63 -> 0 | F23: =C23*D23 -> 0 | G23: =E23*C23 -> 0
A25: B. | B25: Penilaian Teknis - AP/Personil
A26: No. | B26: KAP | C26: Pengalaman KAP | D26: Nilai | F26: Jumlah | H26: Keterangan
D27: TL | E27: Analisis | F27: TL | G27: Analisis
A28: 1 | B28: =IF('Aspek Penilaian KAP Yaniswar'!$C$2=0,"",('Aspek Penilaian KAP Yaniswar'!$A$2&" "&'Aspek Penilaian KAP Yaniswar'!$C$2)) -> KAP KAP Yaniswar dan Rekan | C28: 0.3 | D28: ='Aspek Penilaian KAP Yaniswar'!E64 -> 100 | E28: ='Aspek Penilaian KAP Yaniswar'!N64 -> 16 | F28: =C28*D28 -> 30 | G28: =E28*C28 -> 4.8
A29: 2 | B29: =IF('Aspek Penilaian KAP DEF'!$C$2=0,"",('Aspek Penilaian KAP DEF'!$A$2&" "&'Aspek Penilaian KAP DEF'!$C$2)) | C29: 0.3 | D29: ='Aspek Penilaian KAP DEF'!E64 -> 0 | E29: ='Aspek Penilaian KAP DEF'!N64 -> 0 | F29: =C29*D29 -> 0 | G29: =E29*C29 -> 0
A30: 3 | B30: =IF('Aspek Penilaian KAP GHI'!$C$2=0,"",('Aspek Penilaian KAP GHI'!$A$2&" "&'Aspek Penilaian KAP GHI'!$C$2)) | C30: 0.3 | D30: ='Aspek Penilaian KAP GHI'!E64 -> 0 | E30: ='Aspek Penilaian KAP GHI'!N64 -> 0 | F30: =C30*D30 -> 0 | G30: =E30*C30 -> 0
A31: 4 | B31: =IF('Aspek Penilaian KAP JKL'!$C$2=0,"",('Aspek Penilaian KAP JKL'!$A$2&" "&'Aspek Penilaian KAP JKL'!$C$2)) | C31: 0.3 | D31: ='Aspek Penilaian KAP JKL'!E64 -> 0 | E31: ='Aspek Penilaian KAP JKL'!N64 -> 0 | F31: =C31*D31 -> 0 | G31: =E31*C31 -> 0
A32: 5 | B32: =IF('Aspek Penilaian KAP MNO'!$C$2=0,"",('Aspek Penilaian KAP MNO'!$A$2&" "&'Aspek Penilaian KAP MNO'!$C$2)) | C32: 0.3 | D32: ='Aspek Penilaian KAP MNO'!E64 -> 0 | E32: ='Aspek Penilaian KAP MNO'!N64 -> 0 | F32: =C32*D32 -> 0 | G32: =E32*C32 -> 0
A34: C. | B34: Penilaian Teknis - Metodologi & Usulan Prosedur yang Disepakati
A35: No. | B35: KAP | C35: Pengalaman KAP | D35: Nilai | F35: Jumlah | H35: Keterangan
D36: TL | E36: Analisis | F36: TL | G36: Analisis
A37: 1 | B37: =IF('Aspek Penilaian KAP Yaniswar'!$C$2=0,"",('Aspek Penilaian KAP Yaniswar'!$A$2&" "&'Aspek Penilaian KAP Yaniswar'!$C$2)) -> KAP KAP Yaniswar dan Rekan | C37: 0.4 | D37: ='Aspek Penilaian KAP Yaniswar'!E65 -> 40 | E37: ='Aspek Penilaian KAP Yaniswar'!N65 -> 48.4 | F37: =C37*D37 -> 16 | G37: =E37*C37 -> 19.36 | H37: Prosedur yang diusulkan berdasarkan KAK yang ditetapkan TL sesuai pedoman LPS
A38: 2 | B38: =IF('Aspek Penilaian KAP DEF'!$C$2=0,"",('Aspek Penilaian KAP DEF'!$A$2&" "&'Aspek Penilaian KAP DEF'!$C$2)) | C38: 0.4 | D38: ='Aspek Penilaian KAP DEF'!E65 -> 0 | E38: ='Aspek Penilaian KAP DEF'!N65 -> 0 | F38: =C38*D38 -> 0 | G38: =E38*C38 -> 0
A39: 3 | B39: =IF('Aspek Penilaian KAP GHI'!$C$2=0,"",('Aspek Penilaian KAP GHI'!$A$2&" "&'Aspek Penilaian KAP GHI'!$C$2)) | C39: 0.4 | D39: ='Aspek Penilaian KAP GHI'!E65 -> 0 | E39: ='Aspek Penilaian KAP GHI'!N65 -> 0 | F39: =C39*D39 -> 0 | G39: =E39*C39 -> 0
A40: 4 | B40: =IF('Aspek Penilaian KAP JKL'!$C$2=0,"",('Aspek Penilaian KAP JKL'!$A$2&" "&'Aspek Penilaian KAP JKL'!$C$2)) | C40: 0.4 | D40: ='Aspek Penilaian KAP JKL'!E65 -> 0 | E40: ='Aspek Penilaian KAP JKL'!N65 -> 0 | F40: =C40*D40 -> 0 | G40: =E40*C40 -> 0
A41: 5 | B41: =IF('Aspek Penilaian KAP MNO'!$C$2=0,"",('Aspek Penilaian KAP MNO'!$A$2&" "&'Aspek Penilaian KAP MNO'!$C$2)) | C41: 0.4 | D41: ='Aspek Penilaian KAP MNO'!E65 -> 0 | E41: ='Aspek Penilaian KAP MNO'!N65 -> 0 | F41: =C41*D41 -> 0 | G41: =E41*C41 -> 0
A43: D. | B43: Penilaian Biaya
A44: No. | B44: KAP | C44: Biaya Remunerasi | F44: Biaya Operasional | I44: PPN | L44: Total | O44: Keterangan
C45: Penawaran | E45: HPS | F45: Penawaran | H45: HPS | I45: Penawaran | K45: HPS | L45: Penawaran | N45: HPS (Pembulatan) | O45: Di bawah HPS | Q45: Penjelasan
C46: TL | D46: Analisis | F46: TL | G46: Analisis | I46: TL | J46: Analisis | L46: TL | M46: Analisis | O46: TL | P46: Analisis
A47: 1 | B47: =IF('Aspek Penilaian KAP Yaniswar'!$C$2=0,"",('Aspek Penilaian KAP Yaniswar'!$A$2&" "&'Aspek Penilaian KAP Yaniswar'!$C$2)) -> KAP KAP Yaniswar dan Rekan | C47: ='Aspek Penilaian KAP Yaniswar'!E93 -> 49800000 | D47: ='Aspek Penilaian KAP Yaniswar'!N93 -> 49800000 | E47: =HPS!$F$30 -> 70057500 | F47: ='Aspek Penilaian KAP Yaniswar'!E94 -> 22900000 | G47: ='Aspek Penilaian KAP Yaniswar'!N94 -> 22900000 | H47: =HPS!$F$31 -> 17514375 | I47: ='Aspek Penilaian KAP Yaniswar'!E95 -> 7270000 | J47: ='Aspek Penilaian KAP Yaniswar'!N95 -> 7270000 | K47: =HPS!$F$33 -> 8757187.5 | L47: =SUM(C47,F47,I47) -> 79970000 | M47: =SUM(D47,G47,J47) -> 79970000 | N47: =ROUNDUP(E47+H47+K47,-3) -> 96330000 | O47: =IF(L47=0," ",IF(L47<N47,"Ya","Tidak")) -> Ya | P47: =IF(M47=0," ",IF(M47<N47,"Ya","Tidak")) -> Ya
A48: 2 | B48: =IF('Aspek Penilaian KAP DEF'!$C$2=0,"",('Aspek Penilaian KAP DEF'!$A$2&" "&'Aspek Penilaian KAP DEF'!$C$2)) | C48: ='Aspek Penilaian KAP DEF'!E93 -> 0 | D48: ='Aspek Penilaian KAP DEF'!N93 -> 0 | E48: =HPS!$F$30 -> 70057500 | F48: ='Aspek Penilaian KAP DEF'!E94 -> 0 | G48: ='Aspek Penilaian KAP DEF'!N94 -> 0 | H48: =HPS!$F$31 -> 17514375 | I48: ='Aspek Penilaian KAP DEF'!E95 -> 0 | J48: ='Aspek Penilaian KAP DEF'!N95 -> 0 | K48: =HPS!$F$33 -> 8757187.5 | L48: =SUM(C48,F48,I48) -> 0 | M48: =SUM(D48,G48,J48) -> 0 | N48: =ROUNDUP(E48+H48+K48,-3) -> 96330000 | O48: =IF(L48=0," ",IF(L48<N48,"Ya","Tidak")) | P48: =IF(M48=0," ",IF(M48<N48,"Ya","Tidak"))
A49: 3 | B49: =IF('Aspek Penilaian KAP GHI'!$C$2=0,"",('Aspek Penilaian KAP GHI'!$A$2&" "&'Aspek Penilaian KAP GHI'!$C$2)) | C49: ='Aspek Penilaian KAP GHI'!E93 -> 0 | D49: ='Aspek Penilaian KAP GHI'!N93 -> 0 | E49: =HPS!$F$30 -> 70057500 | F49: ='Aspek Penilaian KAP GHI'!E94 -> 0 | G49: ='Aspek Penilaian KAP GHI'!N94 -> 0 | H49: =HPS!$F$31 -> 17514375 | I49: ='Aspek Penilaian KAP GHI'!E95 -> 0 | J49: ='Aspek Penilaian KAP GHI'!N95 -> 0 | K49: =HPS!$F$33 -> 8757187.5 | L49: =SUM(C49,F49,I49) -> 0 | M49: =SUM(D49,G49,J49) -> 0 | N49: =ROUNDUP(E49+H49+K49,-3) -> 96330000 | O49: =IF(L49=0," ",IF(L49<N49,"Ya","Tidak")) | P49: =IF(M49=0," ",IF(M49<N49,"Ya","Tidak"))
A50: 4 | B50: =IF('Aspek Penilaian KAP JKL'!$C$2=0,"",('Aspek Penilaian KAP JKL'!$A$2&" "&'Aspek Penilaian KAP JKL'!$C$2)) | C50: ='Aspek Penilaian KAP JKL'!E93 -> 0 | D50: ='Aspek Penilaian KAP JKL'!N93 -> 0 | E50: =HPS!$F$30 -> 70057500 | F50: ='Aspek Penilaian KAP JKL'!E94 -> 0 | G50: ='Aspek Penilaian KAP JKL'!N94 -> 0 | H50: =HPS!$F$31 -> 17514375 | I50: ='Aspek Penilaian KAP JKL'!E95 -> 0 | J50: ='Aspek Penilaian KAP JKL'!N95 -> 0 | K50: =HPS!$F$33 -> 8757187.5 | L50: =SUM(C50,F50,I50) -> 0 | M50: =SUM(D50,G50,J50) -> 0 | N50: =ROUNDUP(E50+H50+K50,-3) -> 96330000 | O50: =IF(L50=0," ",IF(L50<N50,"Ya","Tidak")) | P50: =IF(M50=0," ",IF(M50<N50,"Ya","Tidak"))
A51: 5 | B51: =IF('Aspek Penilaian KAP MNO'!$C$2=0,"",('Aspek Penilaian KAP MNO'!$A$2&" "&'Aspek Penilaian KAP MNO'!$C$2)) | C51: ='Aspek Penilaian KAP MNO'!E93 -> 0 | D51: ='Aspek Penilaian KAP MNO'!N93 -> 0 | E51: =HPS!$F$30 -> 70057500 | F51: ='Aspek Penilaian KAP MNO'!E94 -> 0 | G51: ='Aspek Penilaian KAP MNO'!N94 -> 0 | H51: =HPS!$F$31 -> 17514375 | I51: ='Aspek Penilaian KAP MNO'!E95 -> 0 | J51: ='Aspek Penilaian KAP MNO'!N95 -> 0 | K51: =HPS!$F$33 -> 8757187.5 | L51: =SUM(C51,F51,I51) -> 0 | M51: =SUM(D51,G51,J51) -> 0 | N51: =ROUNDUP(E51+H51+K51,-3) -> 96330000 | O51: =IF(L51=0," ",IF(L51<N51,"Ya","Tidak")) | P51: =IF(M51=0," ",IF(M51<N51,"Ya","Tidak"))
A53: IIIA. Kesimpulan TL :
A54: No. | B54: KAP | C54: Administrasi | D54: Teknis | E54: Biaya | F54: Total | G54: Keterangan 1) TL telah mengundang 7 (tujuh) KAP untuk mengajukan proposal penawaran 2) Berdasarkan hasil verifikasi atas penilaian TL terhadap proposal penawaran, diketahui bahwa hasil penilaian tersebut telah sesuai dengan Pedoman Penunjukkan KAP dalam rangka Audit Atas Neraca Penutupan Bank Yang dicabut Izin Usahanya (Lampiran PKE Nomor 46 Tahun 2019 tentang Pengawasan Pelaksanaan Likuidasi Bank) 3) KAP Yaniswar dan Rekan yang diusulkan TL telah memenuhi syarat untuk ditunjuk sebagai pelaksana Audit atas Neraca Penutupan Koperasi BPR Abang Pasar (DL) dari aspek administrasi, teknis dan biaya. | J54: Nama KAP | K54: Biaya | M54: Ranking | O54: Nilai Awal | P54: Bobot Nilai | Q54: Nilai Akhir
C55: 0.3 | D55: 0.35 | E55: 0.35 | K55: Di bawah HPS | L55: Di atas HPS | M55: Di bawah HPS | N55: Di atas HPS
A56: 1 | B56: =IF('Aspek Penilaian KAP Yaniswar'!$C$2=0,"",('Aspek Penilaian KAP Yaniswar'!$A$2&" "&'Aspek Penilaian KAP Yaniswar'!$C$2)) -> KAP KAP Yaniswar dan Rekan | C56: =K9 -> 94.444444 | D56: =F19+F28+F37 -> 46 | E56: =IF(Q56="",0,Q56) -> 100 | F56: =C56*C$55+D56*D$55+E56*E$55 -> 79.433333 | J56: =IF('Aspek Penilaian KAP Yaniswar'!$C$2=0,"",('Aspek Penilaian KAP Yaniswar'!$A$2&" "&'Aspek Penilaian KAP Yaniswar'!$C$2)) -> KAP KAP Yaniswar dan Rekan | K56: =IF(O47="Ya",L47," ") -> 79970000 | L56: =IF(O47="Tidak",L47," ") | M56: =IF(ISNUMBER(K56),RANK(K56,$K$56:$K$60,1),"") -> 1 | N56: =IF(ISNUMBER(L56),RANK(L56,$L$56:$L$60,1),"") | O56: =IF(OR(ISNUMBER(K56),ISNUMBER(L56)),'Aspek Penilaian KAP Yaniswar'!$G$96,0) -> 50 | P56: =IF(ISNUMBER(M56),(RANK(M56,$M$56:$M$60,0)/MAX($M$56:$M$60))*50,IF(ISNUMBER(N56),(RANK(N56,$N$56:$N$60,0)/MAX($N$56:$N$60))*49,0)) -> 50 | Q56: =IF(ISNUMBER(O56+P56),O56+P56,"") -> 100
A57: 2 | B57: =IF('Aspek Penilaian KAP DEF'!$C$2=0,"",('Aspek Penilaian KAP DEF'!$A$2&" "&'Aspek Penilaian KAP DEF'!$C$2)) | C57: =K10 -> 0 | D57: =F20+F29+F38 -> 0 | E57: =IF(Q57="",0,Q57) -> 0 | F57: =C57*C$55+D57*D$55+E57*E$55 -> 0 | J57: =IF('Aspek Penilaian KAP DEF'!$C$2=0,"",('Aspek Penilaian KAP DEF'!$A$2&" "&'Aspek Penilaian KAP DEF'!$C$2)) | K57: =IF(O48="Ya",L48," ") | L57: =IF(O48="Tidak",L48," ") | M57: =IF(ISNUMBER(K57),RANK(K57,$K$56:$K$60,1),"") | N57: =IF(ISNUMBER(L57),RANK(L57,$L$56:$L$60,1),"") | O57: =IF(OR(ISNUMBER(K57),ISNUMBER(L57)),'Aspek Penilaian KAP DEF'!$G$96,0) -> 0 | P57: =IF(ISNUMBER(M57),(RANK(M57,$M$56:$M$60,0)/MAX($M$56:$M$60))*50,IF(ISNUMBER(N57),(RANK(N57,$N$56:$N$60,0)/MAX($N$56:$N$60))*49,0)) -> 0 | Q57: =IF(ISNUMBER(O57+P57),O57+P57,"") -> 0
A58: 3 | B58: =IF('Aspek Penilaian KAP GHI'!$C$2=0,"",('Aspek Penilaian KAP GHI'!$A$2&" "&'Aspek Penilaian KAP GHI'!$C$2)) | C58: =K11 -> 0 | D58: =F21+F30+F39 -> 0 | E58: =IF(Q58="",0,Q58) -> 0 | F58: =C58*C$55+D58*D$55+E58*E$55 -> 0 | J58: =IF('Aspek Penilaian KAP GHI'!$C$2=0,"",('Aspek Penilaian KAP GHI'!$A$2&" "&'Aspek Penilaian KAP GHI'!$C$2)) | K58: =IF(O49="Ya",L49," ") | L58: =IF(O49="Tidak",L49," ") | M58: =IF(ISNUMBER(K58),RANK(K58,$K$56:$K$60,1),"") | N58: =IF(ISNUMBER(L58),RANK(L58,$L$56:$L$60,1),"") | O58: =IF(OR(ISNUMBER(K58),ISNUMBER(L58)),'Aspek Penilaian KAP GHI'!$G$96,0) -> 0 | P58: =IF(ISNUMBER(M58),(RANK(M58,$M$56:$M$60,0)/MAX($M$56:$M$60))*50,IF(ISNUMBER(N58),(RANK(N58,$N$56:$N$60,0)/MAX($N$56:$N$60))*49,0)) -> 0 | Q58: =IF(ISNUMBER(O58+P58),O58+P58,"") -> 0
A59: 4 | B59: =IF('Aspek Penilaian KAP JKL'!$C$2=0,"",('Aspek Penilaian KAP JKL'!$A$2&" "&'Aspek Penilaian KAP JKL'!$C$2)) | C59: =K12 -> 0 | D59: =F22+F31+F40 -> 0 | E59: =IF(Q59="",0,Q59) -> 0 | F59: =C59*C$55+D59*D$55+E59*E$55 -> 0 | J59: =IF('Aspek Penilaian KAP JKL'!$C$2=0,"",('Aspek Penilaian KAP JKL'!$A$2&" "&'Aspek Penilaian KAP JKL'!$C$2)) | K59: =IF(O50="Ya",L50," ") | L59: =IF(O50="Tidak",L50," ") | M59: =IF(ISNUMBER(K59),RANK(K59,$K$56:$K$60,1),"") | N59: =IF(ISNUMBER(L59),RANK(L59,$L$56:$L$60,1),"") | O59: =IF(OR(ISNUMBER(K59),ISNUMBER(L59)),'Aspek Penilaian KAP JKL'!$G$96,0) -> 0 | P59: =IF(ISNUMBER(M59),(RANK(M59,$M$56:$M$60,0)/MAX($M$56:$M$60))*50,IF(ISNUMBER(N59),(RANK(N59,$N$56:$N$60,0)/MAX($N$56:$N$60))*49,0)) -> 0 | Q59: =IF(ISNUMBER(O59+P59),O59+P59,"") -> 0
A60: 5 | B60: =IF('Aspek Penilaian KAP MNO'!$C$2=0,"",('Aspek Penilaian KAP MNO'!$A$2&" "&'Aspek Penilaian KAP MNO'!$C$2)) | C60: =K13 -> 0 | D60: =F23+F32+F41 -> 0 | E60: =IF(Q60="",0,Q60) -> 0 | F60: =C60*C$55+D60*D$55+E60*E$55 -> 0 | J60: =IF('Aspek Penilaian KAP MNO'!$C$2=0,"",('Aspek Penilaian KAP MNO'!$A$2&" "&'Aspek Penilaian KAP MNO'!$C$2)) | K60: =IF(O51="Ya",L51," ") | L60: =IF(O51="Tidak",L51," ") | M60: =IF(ISNUMBER(K60),RANK(K60,$K$56:$K$60,1),"") | N60: =IF(ISNUMBER(L60),RANK(L60,$L$56:$L$60,1),"") | O60: =IF(OR(ISNUMBER(K60),ISNUMBER(L60)),'Aspek Penilaian KAP MNO'!$G$96,0) -> 0 | P60: =IF(ISNUMBER(M60),(RANK(M60,$M$56:$M$60,0)/MAX($M$56:$M$60))*50,IF(ISNUMBER(N60),(RANK(N60,$N$56:$N$60,0)/MAX($N$56:$N$60))*49,0)) -> 0 | Q60: =IF(ISNUMBER(O60+P60),O60+P60,"") -> 0
A62: IIIB. Kesimpulan PIC :
A63: No. | B63: KAP | C63: Administrasi | D63: Teknis | E63: Biaya | F63: Total | G63: Keterangan 1) TL telah mengundang 7 (tujuh) KAP untuk mengajukan proposal penawaran 2) Berdasarkan hasil verifikasi atas penilaian TL terhadap proposal penawaran, diketahui bahwa hasil penilaian tersebut telah sesuai dengan Pedoman Penunjukkan KAP dalam rangka Audit Atas Neraca Penutupan Bank Yang dicabut Izin Usahanya (Lampiran PKE Nomor 46 Tahun 2019 tentang Pengawasan Pelaksanaan Likuidasi Bank) 3) KAP Yaniswar dan Rekan yang diusulkan TL telah memenuhi syarat untuk ditunjuk sebagai pelaksana Audit atas Neraca Koperasi BPR Abang Pasar (DL) dari aspek administrasi, teknis dan biaya. | J63: Nama KAP | K63: Biaya | M63: Ranking | O63: Nilai Awal | P63: Bobot Nilai | Q63: Nilai Akhir
C64: 0.3 | D64: 0.35 | E64: 0.35 | K64: Di bawah HPS | L64: Di atas HPS | M64: Di bawah HPS | N64: Di atas HPS
A65: 1 | B65: =IF('Aspek Penilaian KAP Yaniswar'!$C$2=0,"",('Aspek Penilaian KAP Yaniswar'!$A$2&" "&'Aspek Penilaian KAP Yaniswar'!$C$2)) -> KAP KAP Yaniswar dan Rekan | C65: =L9 -> 94.444444 | D65: =G19+G28+G37 -> 31.36 | E65: =IF(Q65="",0,Q65) -> 100 | F65: =C65*C$64+D65*D$64+E65*E$64 -> 74.309333 | J65: =IF('Aspek Penilaian KAP Yaniswar'!$C$2=0,"",('Aspek Penilaian KAP Yaniswar'!$A$2&" "&'Aspek Penilaian KAP Yaniswar'!$C$2)) -> KAP KAP Yaniswar dan Rekan | K65: =IF(P47="Ya",M47," ") -> 79970000 | L65: =IF(P47="Tidak",M47," ") | M65: =IF(ISNUMBER(K65),RANK(K65,$K$65:$K$69,1),"") -> 1 | N65: =IF(ISNUMBER(L65),RANK(L65,$L$65:$L$69,1),"") | O65: =IF(OR(ISNUMBER(K65),ISNUMBER(L65)),'Aspek Penilaian KAP Yaniswar'!$P$96,0) -> 50 | P65: =IF(ISNUMBER(M65),(RANK(M65,$M$65:$M$69,0)/MAX($M$65:$M$69))*50,IF(ISNUMBER(N65),(RANK(N65,$N$65:$N$69,0)/MAX($N$65:$N$69))*49,0)) -> 50 | Q65: =IF(ISNUMBER(O65+P65),O65+P65,"") -> 100
A66: 2 | B66: =IF('Aspek Penilaian KAP DEF'!$C$2=0,"",('Aspek Penilaian KAP DEF'!$A$2&" "&'Aspek Penilaian KAP DEF'!$C$2)) | C66: =L10 -> 0 | D66: =G20+G29+G38 -> 0 | E66: =IF(Q66="",0,Q66) -> 0 | F66: =C66*C$64+D66*D$64+E66*E$64 -> 0 | J66: =IF('Aspek Penilaian KAP DEF'!$C$2=0,"",('Aspek Penilaian KAP DEF'!$A$2&" "&'Aspek Penilaian KAP DEF'!$C$2)) | K66: =IF(P48="Ya",M48," ") | L66: =IF(P48="Tidak",M48," ") | M66: =IF(ISNUMBER(K66),RANK(K66,$K$65:$K$69,1),"") | N66: =IF(ISNUMBER(L66),RANK(L66,$L$65:$L$69,1),"") | O66: =IF(OR(ISNUMBER(K66),ISNUMBER(L66)),'Aspek Penilaian KAP DEF'!$P$96,0) -> 0 | P66: =IF(ISNUMBER(M66),(RANK(M66,$M$65:$M$69,0)/MAX($M$65:$M$69))*50,IF(ISNUMBER(N66),(RANK(N66,$N$65:$N$69,0)/MAX($N$65:$N$69))*49,0)) -> 0 | Q66: =IF(ISNUMBER(O66+P66),O66+P66,"") -> 0
A67: 3 | B67: =IF('Aspek Penilaian KAP GHI'!$C$2=0,"",('Aspek Penilaian KAP GHI'!$A$2&" "&'Aspek Penilaian KAP GHI'!$C$2)) | C67: =L11 -> 0 | D67: =G21+G30+G39 -> 0 | E67: =IF(Q67="",0,Q67) -> 0 | F67: =C67*C$64+D67*D$64+E67*E$64 -> 0 | J67: =IF('Aspek Penilaian KAP GHI'!$C$2=0,"",('Aspek Penilaian KAP GHI'!$A$2&" "&'Aspek Penilaian KAP GHI'!$C$2)) | K67: =IF(P49="Ya",M49," ") | L67: =IF(P49="Tidak",M49," ") | M67: =IF(ISNUMBER(K67),RANK(K67,$K$65:$K$69,1),"") | N67: =IF(ISNUMBER(L67),RANK(L67,$L$65:$L$69,1),"") | O67: =IF(OR(ISNUMBER(K67),ISNUMBER(L67)),'Aspek Penilaian KAP GHI'!$P$96,0) -> 0 | P67: =IF(ISNUMBER(M67),(RANK(M67,$M$65:$M$69,0)/MAX($M$65:$M$69))*50,IF(ISNUMBER(N67),(RANK(N67,$N$65:$N$69,0)/MAX($N$65:$N$69))*49,0)) -> 0 | Q67: =IF(ISNUMBER(O67+P67),O67+P67,"") -> 0
A68: 4 | B68: =IF('Aspek Penilaian KAP JKL'!$C$2=0,"",('Aspek Penilaian KAP JKL'!$A$2&" "&'Aspek Penilaian KAP JKL'!$C$2)) | C68: =L12 -> 0 | D68: =G22+G31+G40 -> 0 | E68: =IF(Q68="",0,Q68) -> 0 | F68: =C68*C$64+D68*D$64+E68*E$64 -> 0 | J68: =IF('Aspek Penilaian KAP JKL'!$C$2=0,"",('Aspek Penilaian KAP JKL'!$A$2&" "&'Aspek Penilaian KAP JKL'!$C$2)) | K68: =IF(P50="Ya",M50," ") | L68: =IF(P50="Tidak",M50," ") | M68: =IF(ISNUMBER(K68),RANK(K68,$K$65:$K$69,1),"") | N68: =IF(ISNUMBER(L68),RANK(L68,$L$65:$L$69,1),"") | O68: =IF(OR(ISNUMBER(K68),ISNUMBER(L68)),'Aspek Penilaian KAP JKL'!$P$96,0) -> 0 | P68: =IF(ISNUMBER(M68),(RANK(M68,$M$65:$M$69,0)/MAX($M$65:$M$69))*50,IF(ISNUMBER(N68),(RANK(N68,$N$65:$N$69,0)/MAX($N$65:$N$69))*49,0)) -> 0 | Q68: =IF(ISNUMBER(O68+P68),O68+P68,"") -> 0
A69: 5 | B69: =IF('Aspek Penilaian KAP MNO'!$C$2=0,"",('Aspek Penilaian KAP MNO'!$A$2&" "&'Aspek Penilaian KAP MNO'!$C$2)) | C69: =L13 -> 0 | D69: =G23+G32+G41 -> 0 | E69: =IF(Q69="",0,Q69) -> 0 | F69: =C69*C$64+D69*D$64+E69*E$64 -> 0 | J69: =IF('Aspek Penilaian KAP MNO'!$C$2=0,"",('Aspek Penilaian KAP MNO'!$A$2&" "&'Aspek Penilaian KAP MNO'!$C$2)) | K69: =IF(P51="Ya",M51," ") | L69: =IF(P51="Tidak",M51," ") | M69: =IF(ISNUMBER(K69),RANK(K69,$K$65:$K$69,1),"") | N69: =IF(ISNUMBER(L69),RANK(L69,$L$65:$L$69,1),"") | O69: =IF(OR(ISNUMBER(K69),ISNUMBER(L69)),'Aspek Penilaian KAP MNO'!$P$96,0) -> 0 | P69: =IF(ISNUMBER(M69),(RANK(M69,$M$65:$M$69,0)/MAX($M$65:$M$69))*50,IF(ISNUMBER(N69),(RANK(N69,$N$65:$N$69,0)/MAX($N$65:$N$69))*49,0)) -> 0 | Q69: =IF(ISNUMBER(O69+P69),O69+P69,"") -> 0
A71: KECAKUPAN DAN RELEVANSI USULAN PROSEDUR YANG DISEPAKATI*)
A72: No. | B72: AKUN | D72: KECAKUPAN | E72: KECAKUPAN | F72: RELEVANSI | H72: Pelaksana Likuidasi Bank | L72: Kepala Divisi Pengawasan Likuidasi Bank
D73: (Ya/Tidak) | E73: (0 atau 4.2) | F73: (0,1.4,2.8,4.2) | H73: TTD, 15 Maret 2021
B74: AKTIVA
A75: 1 | B75: Kas | D75: Ya | E75: =IF(D75="Ya",4.2,0) -> 4.2 | F75: 0
A76: 2 | B76: SBI | D76: Ya | E76: =IF(D76="Ya",4.2,0) -> 4.2 | F76: 0 | H76: Kahfiendra Nugrahsatya | L76: Dida Juanda
A77: 3 | B77: ABA | D77: Ya | E77: =IF(D77="Ya",4.2,0) -> 4.2 | F77: 0
A78: 4 | B78: Surat berharga dan derivatif | D78: Tidak | E78: =IF(D78="Ya",4.2,0) -> 0 | F78: 0
A79: 5 | B79: Kredit/pembiayaan | D79: Ya | E79: =IF(D79="Ya",4.2,0) -> 4.2 | F79: 0
A80: 6 | B80: PPAP | D80: Ya | E80: =IF(D80="Ya",4.2,0) -> 4.2 | F80: 0
A81: 7 | B81: Aktiva dalam valas | D81: Tidak | E81: =IF(D81="Ya",4.2,0) -> 0 | F81: 0
A82: 8 | B82: Aktiva tetap dan inventaris | D82: Ya | E82: =IF(D82="Ya",4.2,0) -> 4.2 | F82: 0
A83: 9 | B83: Akumulasi Penyusutan | D83: Tidak | E83: =IF(D83="Ya",4.2,0) -> 0 | F83: 0
A84: 10 | B84: Antar kantor aktiva | D84: Tidak | E84: =IF(D84="Ya",4.2,0) -> 0 | F84: 0
A85: 11 | B85: Rupa-rupa aktiva | D85: Ya | E85: =IF(D85="Ya",4.2,0) -> 4.2 | F85: 0
B86: PASIVA
A87: 12 | B87: Kewajiban segera | D87: Ya | E87: =IF(D87="Ya",4.2,0) -> 4.2 | F87: 0
A88: 13 | B88: Tabungan | D88: Ya | E88: =IF(D88="Ya",4.2,0) -> 4.2 | F88: 0
A89: 14 | B89: Deposito | D89: Ya | E89: =IF(D89="Ya",4.2,0) -> 4.2 | F89: 0
A90: 15 | B90: Bank Indonesia | D90: Tidak | E90: =IF(D90="Ya",4.2,0) -> 0 | F90: 0
A91: 16 | B91: Antar Bank Pasiva | D91: Ya | E91: =IF(D91="Ya",4.2,0) -> 4.2 | F91: 0
A92: 17 | B92: Pinjaman yang diterima | D92: Ya | E92: =IF(D92="Ya",4.2,0) -> 4.2 | F92: 0
A93: 18 | B93: Antar kantor pasiva | D93: Tidak | E93: =IF(D93="Ya",4.2,0) -> 0 | F93: 0
A94: 19 | B94: Rupa-rupa pasiva | D94: Ya | E94: =IF(D94="Ya",4.2,0) -> 4.2 | F94: 0
A95: 20 | B95: Modal | D95: Ya | E95: =IF(D95="Ya",4.2,0) -> 4.2 | F95: 0
A96: 21 | B96: Cadangan | D96: Ya | E96: =IF(D96="Ya",4.2,0) -> 4.2 | F96: 0
A97: 22 | B97: Laba/rugi tahun lalu | D97: Ya | E97: =IF(D97="Ya",4.2,0) -> 4.2 | F97: 0
A98: 23 | B98: Laba/rugi tahun berjalan | D98: Ya | E98: =IF(D98="Ya",4.2,0) -> 4.2 | F98: 0
A99: 24 | B99: Selisih kenaikan/penurunan atas revaluasi aset | D99: Tidak | E99: =IF(D99="Ya",4.2,0) -> 0 | F99: 0

Sheet Aspek Penilaian KAP Yaniswar
A1: PENILAIAN
A2: KAP | B2: : | C2: KAP Yaniswar dan Rekan
A3: Peserta Penugasan Audit Neraca Penutupan Koperasi BPR Abang Pasar (DL)
A5: PENILAIAN TL | J5: PENILAIAN PIC
A7: A. | B7: 1. | C7: ASPEK ADMINISTRATIF - KELENGKAPAN DOKUMEN | J7: A. | K7: 1. | L7: ASPEK ADMINISTRATIF - KELENGKAPAN DOKUMEN
A8: No. | B8: Item Yang Dinilai | D8: Keterangan | E8: Pemenuhan | F8: Nilai | J8: No. | K8: Item Yang Dinilai | M8: Keterangan | N8: Pemenuhan | O8: Nilai
A9: 1. | B9: Proposal diterima tepat waktu | E9: Ya | F9: =IF(E9="Ya",100,0) -> 100 | J9: 1. | K9: Proposal diterima tepat waktu | N9: Ya | O9: =IF(N9="Ya",100,0) -> 100
A10: 2. | B10: Surat Pengantar | E10: Ya | F10: =IF(E10="Ya",100,0) -> 100 | J10: 2. | K10: Surat Pengantar | N10: Ya | O10: =IF(N10="Ya",100,0) -> 100
A11: 3. | B11: Surat Pengantar ditanda-tangani oleh Pimpinan KAP/Rekan dengan materai | E11: Ya | F11: =IF(E11="Ya",100,0) -> 100 | J11: 3. | K11: Surat Pengantar ditanda-tangani oleh Pimpinan KAP/Rekan dengan materai | N11: Ya | O11: =IF(N11="Ya",100,0) -> 100
A12: 4. | B12: Surat Pengantar memuat pernyataan : | J12: 4. | K12: Surat Pengantar memuat pernyataan :
B13: a. | C13: Tidak memiliki dan tidak pernah memiliki kepentingan dengan Koperasi BPR Abang Pasar dalam 3 tahun terakhir. | E13: Ya | F13: =IF(E13="Ya",100,0) -> 100 | K13: a. | L13: Tidak memiliki dan tidak pernah memiliki kepentingan dengan Koperasi BPR Abang Pasar dalam 3 tahun terakhir. | N13: Ya | O13: =IF(N13="Ya",100,0) -> 100
B14: b. | C14: Bersedia untuk tidak ikut proses seleksi lebih lanjut apabila menurut Tim Likuidasi ternyata KAP pernah memiliki kepentingan dalam 3 tahun terakhir. | E14: Ya | F14: =IF(E14="Ya",100,0) -> 100 | K14: b. | L14: Bersedia untuk tidak ikut proses seleksi lebih lanjut apabila menurut Tim Likuidasi ternyata KAP pernah memiliki kepentingan dalam 3 tahun terakhir. | N14: Ya | O14: =IF(N14="Ya",100,0) -> 100
B15: c. | C15: KAP dan personil sanggup menjaga kerahasiaan penugasan | E15: Ya | F15: =IF(E15="Ya",100,0) -> 100 | K15: c. | L15: KAP dan personil sanggup menjaga kerahasiaan penugasan | N15: Ya | O15: =IF(N15="Ya",100,0) -> 100
B16: d. | C16: Bahwa data dan informasi yang disajikan dalam proposal adalah benar/sah dan KAP sanggup menunjukan dokumen asli ketika diminta. | E16: Ya | F16: =IF(E16="Ya",100,0) -> 100 | K16: d. | L16: Bahwa data dan informasi yang disajikan dalam proposal adalah benar/sah dan KAP sanggup menunjukan dokumen asli ketika diminta. | N16: Ya | O16: =IF(N16="Ya",100,0) -> 100
B17: e. | C17: AP dan/atau KAP tidak sedang menjalani sanksi pembekuan izin oleh Departemen Keuangan, IAI atau IAPI | E17: Ya | F17: =IF(E17="Ya",100,0) -> 100 | K17: e. | L17: AP dan/atau KAP tidak sedang menjalani sanksi pembekuan izin oleh Departemen Keuangan, IAI atau IAPI | N17: Ya | O17: =IF(N17="Ya",100,0) -> 100
B18: f. | C18: AP dan/atau KAP tidak sedang menjalani proses pemeriksaan oleh Departemen Keuangan, IAI atau IAPI terkait dengan indikasi pelanggaran azas SPAP dan/atau peraturan perundang-undangan yang berlaku. | E18: Ya | F18: =IF(E18="Ya",100,0) -> 100 | K18: f. | L18: AP dan/atau KAP tidak sedang menjalani proses pemeriksaan oleh Departemen Keuangan, IAI atau IAPI terkait dengan indikasi pelanggaran azas SPAP dan/atau peraturan perundang-undangan yang berlaku. | N18: Ya | O18: =IF(N18="Ya",100,0) -> 100
B19: g. | C19: Kesanggupan untuk mengikuti seleksi dengan biaya sendiri | E19: Ya | F19: =IF(E19="Ya",100,0) -> 100 | K19: g. | L19: Kesanggupan untuk mengikuti seleksi dengan biaya sendiri | N19: Ya | O19: =IF(N19="Ya",100,0) -> 100
A20: 5. | B20: AP memiliki izin AP dari Menteri Keuangan | E20: Ya | F20: =IF(E20="Ya",100,0) -> 100 | J20: 5. | K20: AP memiliki izin AP dari Menteri Keuangan | M20: Izin Usaha Kantor Akuntan Publik (KAP) SK Menkeu Nomor : 44/KM.1/2018 | N20: Ya | O20: =IF(N20="Ya",100,0) -> 100
A21: 6. | B21: AP memiliki atau menjadi rekan pada KAP yang memiliki izin dari Menteri Keuangan. | E21: Ya | F21: =IF(E21="Ya",100,0) -> 100 | J21: 6. | K21: AP memiliki atau menjadi rekan pada KAP yang memiliki izin dari Menteri Keuangan. | N21: Ya | O21: =IF(N21="Ya",100,0) -> 100
A22: 7. | B22: Merupakan AP yang terdaftar di BI / OJK | E22: Ya | F22: =IF(E22="Ya",100,0) -> 100 | J22: 7. | K22: Merupakan AP yang terdaftar di BI / OJK | M22: No. STTD.AP-359/NB.122/2018 | N22: Ya | O22: =IF(N22="Ya",100,0) -> 100
A23: 8. | B23: Memiliki pengalaman audit di industri perbankan | E23: Ya | F23: =IF(E23="Ya",100,0) -> 100 | J23: 8. | K23: Memiliki pengalaman audit di industri perbankan | N23: Ya | O23: =IF(N23="Ya",100,0) -> 100
A24: 9. | B24: Memiliki auditor yang pegawai tetap sekurang-kurangya 6 orang | E24: Ya | F24: =IF(E24="Ya",100,0) -> 100 | J24: 9. | K24: Memiliki auditor yang pegawai tetap sekurang-kurangya 6 orang | N24: Ya | O24: =IF(N24="Ya",100,0) -> 100
A25: 10. | B25: Auditor yang ditugaskan sekurang-kurangnya 50 % telah menjadi pegawai tetap sejak 1 tahun terakhir. | E25: Ya | F25: =IF(E25="Ya",100,0) -> 100 | J25: 10. | K25: Auditor yang ditugaskan sekurang-kurangnya 50 % telah menjadi pegawai tetap sejak 1 tahun terakhir. | N25: Ya | O25: =IF(N25="Ya",100,0) -> 100
A26: 11. | B26: Bukan AP/KAP yang melakukan audit atas laporan keuangan KBPR Abang Pasar | E26: Ya | F26: =IF(E26="Ya",100,0) -> 100 | J26: 11. | K26: Bukan AP/KAP yang melakukan audit atas laporan keuangan KBPR Abang Pasar | N26: Ya | O26: =IF(N26="Ya",100,0) -> 100
A27: 12. | B27: KAK telah ditandatnagani oleh TL | F27: =IF(E27="Ya",100,0) -> 0 | J27: 12. | K27: KAK telah ditandatangani oleh TL | N27: Ya | O27: =IF(N27="Ya",100,0) -> 100
A28: Kesimpulan : Lulus persyaratan administratif | E28: Total A1 | F28: =AVERAGE(F9:F27) -> 94.444444 | J28: Kesimpulan A1-A4 : Lulus persyaratan administratif | N28: Total A1 | O28: =AVERAGE(O9:O27) -> 100
A30: A. | B30: 2. | C30: PENILAIAN ASPEK ADMINISTRATIF | J30: A. | K30: 2. | L30: PENILAIAN ASPEK ADMINISTRATIF
A31: No. | B31: Item Yang Dinilai | D31: Keterangan | E31: Pemenuhan | F31: Nilai | J31: No. | K31: Item Yang Dinilai | M31: Keterangan | N31: Pemenuhan | O31: Nilai
A32: 1. | B32: Form A ditandatangani oleh Pimpinan atau penanggungjawab dari KAP/Cabang KAP | E32: Ya | F32: =IF(E32="Ya",100,0) -> 100 | J32: 1. | K32: Form A ditandatangani oleh Pimpinan atau penanggungjawab dari KAP/Cabang KAP | N32: Ya | O32: =IF(N32="Ya",100,0) -> 100
A33: 2. | B33: Form B dibuat lengkap | E33: Ya | F33: =IF(E33="Ya",100,0) -> 100 | J33: 2. | K33: Form B dibuat lengkap | N33: Ya | O33: =IF(N33="Ya",100,0) -> 100
A34: 3. | B34: Form C (biodata personil) ditandatangani oleh personil yang bersangkutan dan oleh KAP | E34: Ya | F34: =IF(E34="Ya",100,0) -> 100 | J34: 3. | K34: Form C (biodata personil) ditandatangani oleh personil yang bersangkutan dan oleh KAP | N34: Tidak | O34: =IF(N34="Ya",100,0) -> 0
A35: 4. | B35: Form D (usulan prosedur yang disepakati) diisi dengan lengkap | E35: Ya | F35: =IF(E35="Ya",100,0) -> 100 | J35: 4. | K35: Form D (usulan prosedur yang disepakati) diisi dengan lengkap | N35: Ya | O35: =IF(N35="Ya",100,0) -> 100
A36: 5. | B36: Form E (rincian biaya) diisi lengkap | E36: Ya | F36: =IF(E36="Ya",100,0) -> 100 | J36: 5. | K36: Form E (rincian biaya) diisi lengkap | N36: Ya | O36: =IF(N36="Ya",100,0) -> 100
A37: 6. | B37: Form F (Daftar Pegawai Tetap) diisi dengan lengkap | E37: Ya | F37: =IF(E37="Ya",100,0) -> 100 | J37: 6. | K37: Form F (Daftar Pegawai Tetap) diisi dengan lengkap | N37: Ya | O37: =IF(N37="Ya",100,0) -> 100
A38: 7. | B38: KAP/AP independen terhadap objek audit | E38: Ya | F38: =IF(E38="Ya",100,0) -> 100 | J38: 7. | K38: KAP/AP independen terhadap objek audit | N38: Ya | O38: =IF(N38="Ya",100,0) -> 100
A39: 8. | B39: KAP dan/atau AP memiliki pengalaman yang dinilai | E39: Ya | F39: =IF(E39="Ya",100,0) -> 100 | J39: 8. | K39: KAP dan/atau AP memiliki pengalaman yang dinilai | N39: Ya | O39: =IF(N39="Ya",100,0) -> 100
E40: Total A2 | F40: =AVERAGE(F32:F39) -> 100 | N40: Total A2 | O40: =AVERAGE(O32:O39) -> 87.5
A42: A. | B42: 3. | C42: HARGA PERKIRAAN SENDIRI (HPS) | J42: A. | K42: 3. | L42: HARGA PERKIRAAN SENDIRI (HPS)
A43: No. | B43: Item Yang Dinilai | D43: Keterangan | E43: Pemenuhan | F43: Nilai | J43: No. | K43: Item Yang Dinilai | M43: Keterangan | N43: Pemenuhan | O43: Nilai
A44: 1. | B44: Billing rate HPS TL mengacu berdasarkan tarif jasa konsultan | D44: Billing rate Inkindo Tahun 2021 | E44: Ya | F44: =IF(E44="Ya",100,0) -> 100 | J44: 1. | K44: Billing rate HPS TL mengacu berdasarkan tarif jasa konsultan | M44: Billing rate Inkindo Tahun 2021 | N44: Ya | O44: =IF(N44="Ya",100,0) -> 100
A45: 2. | B45: Penawaran jasa audit di bawah HPS TL | E45: =IF(E96=0,"Tidak",IF(E96<=D96,"Ya","Tidak")) -> Ya | F45: =IF(E45="Ya",100,0) -> 100 | J45: 2. | K45: Penawaran jasa audit di bawah HPS TL | N45: =IF(N96=0,"Tidak",IF(N96<=M96,"Ya","Tidak")) -> Ya | O45: =IF(N45="Ya",100,0) -> 100
A46: 3. | B46: Biaya operasional jasa audit selain remunerasi maksimum 25% dari remunerasi | E46: =IF(E96=0,"Tidak",IF(E94<=25%*E93,"Ya","Tidak")) -> Tidak | F46: =IF(E46="Ya",100,0) -> 0 | J46: 3. | K46: Biaya operasional jasa audit selain remunerasi maksimum 25% dari remunerasi | N46: =IF(N96=0,"Tidak",IF(N94<=25%*N93,"Ya","Tidak")) -> Tidak | O46: =IF(N46="Ya",100,0) -> 0
E47: Total A3 | F47: =AVERAGE(F44:F46) -> 66.666667 | N47: Total A3 | O47: =AVERAGE(O44:O46) -> 66.666667
A49: A. | B49: 4. | C49: UMUM | J49: A. | K49: 4. | L49: UMUM
A50: No. | B50: Item Yang Dinilai | D50: Keterangan | E50: Pemenuhan | F50: Nilai | J50: No. | K50: Item Yang Dinilai | M50: Keterangan | N50: Pemenuhan | O50: Nilai
A51: 1. | B51: Apakah Tim Likuidasi telah mengundang sekurang-kurangnya 3 (tiga) Kantor Akuntan Publik? | D51: xx undangan | E51: Ya | F51: =IF(E51="Ya",100,0) -> 100 | J51: 1. | K51: Apakah Tim Likuidasi telah mengundang sekurang-kurangnya 3 (tiga) Kantor Akuntan Publik? | M51: 7 undangan | N51: Ya | O51: =IF(N51="Ya",100,0) -> 100
A52: 2. | B52: Apakah Tim Likuidasi telah menyusun kerangka acuan kerja dalam rangka pelaksanan audit Neraca Penutupan? | E52: Ya | F52: =IF(E52="Ya",100,0) -> 100 | J52: 2. | K52: Apakah Tim Likuidasi telah menyusun kerangka acuan kerja dalam rangka pelaksanan audit Neraca Penutupan? | N52: Ya | O52: =IF(N52="Ya",100,0) -> 100
A53: 3. | B53: Apakah kerangka acuan kerja yang disusun oleh Tim Likuidasi telah berdasarkan pedoman yang ditetapkan LPS? | E53: Ya | F53: =IF(E53="Ya",100,0) -> 100 | J53: 3. | K53: Apakah kerangka acuan kerja yang disusun oleh Tim Likuidasi telah berdasarkan pedoman yang ditetapkan LPS? | N53: Ya | O53: =IF(N53="Ya",100,0) -> 100
A54: 4. | B54: Apakah penunjukan Kantor Akuntan Publik dalam rangka melakukan audit Neraca Penutupan dilakukan Tim Likuidasi paling lama 30 hari kalender sejak Neraca Penutupan diterima Tim Likuidasi? | E54: Ya | F54: =IF(E54="Ya",100,0) -> 100 | J54: 4. | K54: Apakah penunjukan Kantor Akuntan Publik dalam rangka melakukan audit Neraca Penutupan dilakukan Tim Likuidasi paling lama 30 hari kalender sejak Neraca Penutupan diterima Tim Likuidasi? | M54: Deadline 18 Maret 2021 | N54: Ya | O54: =IF(N54="Ya",100,0) -> 100
A55: 5. | B55: Apakah penugasan dalam audit Neraca Penutupan yang akan disampaikan Tim Likuidasi ke LPS paling lama 120 hari kalender sejak penunjukan Kantor Akuntan Publik? | D55: xx hari | E55: Ya | F55: =IF(E55="Ya",100,0) -> 100 | J55: 5. | K55: Apakah penugasan dalam audit Neraca Penutupan yang akan disampaikan Tim Likuidasi ke LPS paling lama 120 hari kalender sejak penunjukan Kantor Akuntan Publik? | M55: 60 hari | N55: Ya | O55: =IF(N55="Ya",100,0) -> 100
A56: 6. | B56: Tim Likuidasi telah melakukan negosiasi dengan KAP terkait dengan usulan penunjukan KAP | D56: BA Negosiasi & Klarifikasi terlampir | E56: Ya | F56: =IF(E56="Ya",100,0) -> 100 | J56: 6. | K56: Tim Likuidasi telah melakukan negosiasi dengan KAP terkait dengan usulan penunjukan KAP | M56: BA Negosiasi & Klarifikasi terlampir | N56: Ya | O56: =IF(N56="Ya",100,0) -> 100
A57: 7. | B57: Apakah Tim Likuidasi telah melakukan penilaiaan terhadap Kantor Akuntan Publik meliputi aspek Adminisistrasi, Biaya, dan Teknis? | D57: Ya, Kertas Kerja Terlampir | E57: Ya | F57: =IF(E57="Ya",100,0) -> 100 | J57: 7. | K57: Apakah Tim Likuidasi telah melakukan penilaiaan terhadap Kantor Akuntan Publik meliputi aspek Adminisistrasi, Biaya, dan Teknis? | M57: Ya, Kertas Kerja Terlampir | N57: Ya | O57: =IF(N57="Ya",100,0) -> 100
E58: Total A4 | F58: =AVERAGE(F51:F57) -> 100 | N58: Total A4 | O58: =AVERAGE(O51:O57) -> 100
E59: Rata-rata A1 - A4 | F59: =(SUM(F9:F27)+SUM(F32:F39)+SUM(F44:F46)+SUM(F51:F57))/36 -> 94.444444 | N59: Rata-rata A1 - A4 | O59: =(SUM(O9:O27)+SUM(O32:O39)+SUM(O44:O46)+SUM(O51:O57))/36 -> 94.444444
A61: B. | B61: 1. | C61: RINCIAN PENILAIAN TEKNIS | J61: B. | K61: 1. | L61: RINCIAN PENILAIAN TEKNIS
A62: No. | B62: Item Yang Dinilai | D62: Bobot | E62: Nilai | F62: Jumlah | J62: No. | K62: Item Yang Dinilai | M62: Bobot | N62: Nilai | O62: Jumlah
A63: 1. | B63: Pengalaman KAP | D63: 0.3 | E63: =H74 -> 0 | F63: =E63*D63 -> 0 | J63: 1. | K63: Pengalaman KAP | M63: 0.3 | N63: =Q74 -> 24 | O63: =N63*M63 -> 7.2
A64: 2. | B64: Pengalaman AP/Personil | D64: 0.3 | E64: =H82 -> 100 | F64: =E64*D64 -> 30 | J64: 2. | K64: Pengalaman AP/Personil | M64: 0.3 | N64: =Q82 -> 16 | O64: =N64*M64 -> 4.8
A65: 3. | B65: Metodologi dan usulan prosedur yang disepakati | D65: 0.4 | E65: =F89 -> 40 | F65: =E65*D65 -> 16 | J65: 3. | K65: Metodologi dan usulan prosedur yang disepakati | M65: 0.4 | N65: =O89 -> 48.4 | O65: =N65*M65 -> 19.36
B66: T O T A L | F66: =F65+F64+F63 -> 46 | K66: T O T A L | O66: =O65+O64+O63 -> 31.36
A68: B. | B68: 1.1. | C68: RINCIAN PENGALAMAN KAP (DALAM 5 TAHUN TERAKHIR DAN MAKSIMAL 5 PENGALAMAN) | J68: B. | K68: 1.1. | L68: RINCIAN PENGALAMAN KAP (DALAM 5 TAHUN TERAKHIR DAN MAKSIMAL 5 PENGALAMAN)
A69: No. | B69: Item Yang Dinilai | D69: Tahun Penugasan | E69: Bobot | F69: Pengalaman | G69: Nilai | H69: Jumlah | J69: No. | K69: Item Yang Dinilai | M69: Tahun Penugasan | N69: Bobot | O69: Pengalaman | P69: Nilai | Q69: Jumlah
A70: 1. | B70: Dalam perikatan untuk menerapkan prosedur yang disepakati (Bank Umum/BPR) | E70: 0.4 | G70: =IF(F70=0,0,IF(F70=1,20,IF(F70=2,40,IF(F70=3,60,IF(F70=4,80,100))))) -> 0 | H70: =G70*E70 -> 0 | J70: 1. | K70: Dalam perikatan untuk menerapkan prosedur yang disepakati (Bank Umum/BPR) | N70: 0.4 | O70: 1 | P70: =IF(O70=0,0,IF(O70=1,20,IF(O70=2,40,IF(O70=3,60,IF(O70=4,80,100))))) -> 20 | Q70: =P70*N70 -> 8
A71: 2. | B71: Dalam perikatan untuk menerapkan prosedur yang disepakati di industri non perbankan. | E71: 0.3 | G71: =IF(F71=0,0,IF(F71=1,20,IF(F71=2,40,IF(F71=3,60,IF(F71=4,80,100))))) -> 0 | H71: =G71*E71 -> 0 | J71: 2. | K71: Dalam perikatan untuk menerapkan prosedur yang disepakati di industri non perbankan. | N71: 0.3 | P71: =IF(O71=0,0,IF(O71=1,20,IF(O71=2,40,IF(O71=3,60,IF(O71=4,80,100))))) -> 0 | Q71: =P71*N71 -> 0
A72: 3. | B72: Dalam perikatan audit umum atas laporan keuangan Bank Umum/BPR | E72: 0.2 | G72: =IF(F72=0,0,IF(F72=1,20,IF(F72=2,40,IF(F72=3,60,IF(F72=4,80,100))))) -> 0 | H72: =G72*E72 -> 0 | J72: 3. | K72: Dalam perikatan audit umum atas laporan keuangan Bank Umum/BPR | N72: 0.2 | O72: 4 | P72: =IF(O72=0,0,IF(O72=1,20,IF(O72=2,40,IF(O72=3,60,IF(O72=4,80,100))))) -> 80 | Q72: =P72*N72 -> 16
A73: 4. | B73: Dalam penugasan lain di industri perbankan (Bank Umum/BPR) | E73: 0.1 | G73: =IF(F73=0,0,IF(F73=1,20,IF(F73=2,40,IF(F73=3,60,IF(F73=4,80,100))))) -> 0 | H73: =G73*E73 -> 0 | J73: 4. | K73: Dalam penugasan lain di industri perbankan (Bank Umum/BPR) | N73: 0.1 | P73: =IF(O73=0,0,IF(O73=1,20,IF(O73=2,40,IF(O73=3,60,IF(O73=4,80,100))))) -> 0 | Q73: =P73*N73 -> 0
B74: T O T A L | H74: =SUM(H70:H73) -> 0 | K74: T O T A L | Q74: =SUM(Q70:Q73) -> 24
A76: B. | B76: 1.2. | C76: RINCIAN PENGALAMAN AP/PERSONIL (DALAM 5 TAHUN TERAKHIR DAN MAKSIMAL 5 PENGALAMAN) | J76: B. | K76: 1.2. | L76: RINCIAN PENGALAMAN AP/PERSONIL (DALAM 5 TAHUN TERAKHIR DAN MAKSIMAL 5 PENGALAMAN)
A77: No. | B77: Item Yang Dinilai | D77: Tahun Penugasan | E77: Bobot | F77: Pengalaman | G77: Nilai | H77: Jumlah | J77: No. | K77: Item Yang Dinilai | M77: Tahun Penugasan | N77: Bobot | O77: Pengalaman | P77: Nilai | Q77: Jumlah
A78: 1. | B78: Dalam perikatan untuk menerapkan prosedur yang disepakati (Bank Umum/BPR) | E78: 0.4 | F78: 5 | G78: =IF(F78=0,0,IF(F78=1,20,IF(F78=2,40,IF(F78=3,60,IF(F78=4,80,100))))) -> 100 | H78: =G78*E78 -> 40 | J78: 1. | K78: Dalam perikatan untuk menerapkan prosedur yang disepakati (Bank Umum/BPR) | N78: 0.4 | P78: =IF(O78=0,0,IF(O78=1,20,IF(O78=2,40,IF(O78=3,60,IF(O78=4,80,100))))) -> 0 | Q78: =P78*N78 -> 0
A79: 2. | B79: Dalam perikatan untuk menerapkan prosedur yang disepakati di industri non perbankan. | E79: 0.3 | F79: 5 | G79: =IF(F79=0,0,IF(F79=1,20,IF(F79=2,40,IF(F79=3,60,IF(F79=4,80,100))))) -> 100 | H79: =G79*E79 -> 30 | J79: 2. | K79: Dalam perikatan untuk menerapkan prosedur yang disepakati di industri non perbankan. | N79: 0.3 | P79: =IF(O79=0,0,IF(O79=1,20,IF(O79=2,40,IF(O79=3,60,IF(O79=4,80,100))))) -> 0 | Q79: =P79*N79 -> 0
A80: 3. | B80: Dalam perikatan audit umum atas laporan keuangan Bank Umum/BPR | E80: 0.2 | F80: 5 | G80: =IF(F80=0,0,IF(F80=1,20,IF(F80=2,40,IF(F80=3,60,IF(F80=4,80,100))))) -> 100 | H80: =G80*E80 -> 20 | J80: 3. | K80: Dalam perikatan audit umum atas laporan keuangan Bank Umum/BPR | N80: 0.2 | O80: 4 | P80: =IF(O80=0,0,IF(O80=1,20,IF(O80=2,40,IF(O80=3,60,IF(O80=4,80,100))))) -> 80 | Q80: =P80*N80 -> 16
A81: 4. | B81: Dalam penugasan lain di industri perbankan (Bank Umum/BPR) | E81: 0.1 | F81: 5 | G81: =IF(F81=0,0,IF(F81=1,20,IF(F81=2,40,IF(F81=3,60,IF(F81=4,80,100))))) -> 100 | H81: =G81*E81 -> 10 | J81: 4. | K81: Dalam penugasan lain di industri perbankan (Bank Umum/BPR) | N81: 0.1 | P81: =IF(O81=0,0,IF(O81=1,20,IF(O81=2,40,IF(O81=3,60,IF(O81=4,80,100))))) -> 0 | Q81: =P81*N81 -> 0
B82: T O T A L | H82: =SUM(H78:H81) -> 100 | K82: T O T A L | Q82: =SUM(Q78:Q81) -> 16
A84: B. | B84: 1.3. | C84: METODOLOGI DAN USULAN PROSEDUR | J84: B. | K84: 1.3. | L84: METODOLOGI DAN USULAN PROSEDUR
A85: No. | B85: Item Yang Dinilai | D85: Bobot | E85: Nilai | F85: Jumlah | J85: No. | K85: Item Yang Dinilai | M85: Bobot | N85: Nilai | O85: Jumlah
A86: 1. | B86: Kelengkapan program kerja | D86: 0.2 | E86: 100 | F86: =E86*D86 -> 20 | J86: 1. | K86: Kelengkapan program kerja | M86: 0.2 | N86: 100 | O86: =N86*M86 -> 20
A87: 2. | B87: Kecakupan prosedur | D87: 0.4 | E87: =E134 -> 50 | F87: =E87*D87 -> 20 | J87: 2. | K87: Kecakupan prosedur | M87: 0.4 | N87: =N134 -> 71 | O87: =N87*M87 -> 28.4
A88: 3. | B88: Relevansi prosedur utama | D88: 0.4 | E88: =F134 -> 0 | F88: =E88*D88 -> 0 | J88: 3. | K88: Relevansi prosedur utama | M88: 0.4 | N88: =O134 -> 0 | O88: =N88*M88 -> 0
B89: T O T A L | F89: =SUM(F86:F88) -> 40 | K89: T O T A L | O89: =SUM(O86:O88) -> 48.4
A91: C. | B91: RINCIAN PENILAIAN BIAYA | J91: C. | K91: RINCIAN PENILAIAN BIAYA
A92: No. | B92: Item Yang Dinilai | D92: HPS | E92: Penawaran | F92: Selisih | J92: No. | K92: Item Yang Dinilai | M92: HPS | N92: Penawaran | O92: Selisih
A93: 1. | B93: Biaya Remunerasi | D93: =HPS!F30 -> 70057500 | E93: 49800000 | F93: =D93-E93 -> 20257500 | J93: 1. | K93: Biaya Remunerasi | M93: =HPS!F30 -> 70057500 | N93: 49800000 | O93: =M93-N93 -> 20257500
A94: 2. | B94: Biaya Operasional | D94: =HPS!F31 -> 17514375 | E94: 22900000 | F94: =D94-E94 -> -5385625 | J94: 2. | K94: Biaya Operasional | M94: =HPS!F31 -> 17514375 | N94: 22900000 | O94: =M94-N94 -> -5385625
A95: 3. | B95: PPN | D95: =HPS!F33 -> 8757187.5 | E95: 7270000 | F95: =D95-E95 -> 1487187.5 | J95: 3. | K95: PPN | M95: =HPS!F33 -> 8757187.5 | N95: 7270000 | O95: =M95-N95 -> 1487187.5
A96: 4. | B96: Total | D96: =SUM(D93:D95) -> 96329062 | E96: =SUM(E93:E95) -> 79970000 | F96: =SUM(F93:F95) -> 16359062 | G96: =IF(E96<=D96,50,0) -> 50 | J96: 4. | K96: Total | M96: =SUM(M93:M95) -> 96329062 | N96: =SUM(N93:N95) -> 79970000 | O96: =SUM(O93:O95) -> 16359062 | P96: =IF(N96<=M96,50,0) -> 50
A98: D. | B98: HASIL PENILAIAN | J98: D. | K98: HASIL PENILAIAN
A99: No. | B99: Item Yang Dinilai | D99: Bobot | E99: Nilai | F99: Jumlah | J99: No. | K99: Item Yang Dinilai | M99: Bobot | N99: Nilai | O99: Jumlah
A100: 1. | B100: Administrasi | D100: 0.3 | E100: =F59 -> 94.444444 | F100: =E100*D100 -> 28.333333 | J100: 1. | K100: Administrasi | M100: 0.3 | N100: =O59 -> 94.444444 | O100: =N100*M100 -> 28.333333
A101: 2. | B101: Teknis | D101: 0.35 | E101: =F66 -> 46 | F101: =E101*D101 -> 16.1 | J101: 2. | K101: Teknis | M101: 0.35 | N101: =O66 -> 31.36 | O101: =N101*M101 -> 10.976
A102: 3. | B102: Biaya | D102: 0.35 | E102: ='Rekap Penilaian KAP'!E56 -> 100 | F102: =E102*D102 -> 35 | J102: 3. | K102: Biaya | M102: 0.35 | N102: ='Rekap Penilaian KAP'!E65 -> 100 | O102: =N102*M102 -> 35
B103: Grand Nilai Total | F103: =SUM(F100:F102) -> 79.433333 | K103: Grand Nilai Total | O103: =SUM(O100:O102) -> 74.309333
A105: KECAKUPAN DAN RELEVANSI USULAN PROSEDUR YANG DISEPAKATI*) | J105: KECAKUPAN DAN RELEVANSI USULAN PROSEDUR YANG DISEPAKATI*)
A106: No. | B106: AKUN | D106: KECAKUPAN | E106: KECAKUPAN | F106: RELEVANSI | J106: No. | K106: AKUN | M106: KECAKUPAN | N106: KECAKUPAN | O106: RELEVANSI
D107: (Ya/Tidak) | E107: (0 atau 4.2) | F107: (0,1.4,2.8,4.2) | M107: (Ya/Tidak) | N107: (0 atau 4.2) | O107: (0,1.4,2.8,4.2)
B108: AKTIVA | K108: AKTIVA
A109: 1 | B109: Kas | D109: Ya | E109: =IF(D109="Ya",4.2,0) -> 4.2 | F109: 0 | J109: 1 | K109: Kas | M109: Ya | N109: =IF(M109="Ya",4.2,0) -> 4.2 | O109: 0
A110: 2 | B110: SBI | D110: Tidak | E110: =IF(D110="Ya",4.2,0) -> 0 | F110: 0 | J110: 2 | K110: SBI | M110: Ya | N110: =IF(M110="Ya",4.2,0) -> 4.2 | O110: 0
A111: 3 | B111: ABA | D111: Ya | E111: =IF(D111="Ya",4.2,0) -> 4.2 | F111: 0 | J111: 3 | K111: ABA | M111: Ya | N111: =IF(M111="Ya",4.2,0) -> 4.2 | O111: 0
A112: 4 | B112: Surat berharga dan derivatif | D112: Tidak | E112: =IF(D112="Ya",4.2,0) -> 0 | F112: 0 | J112: 4 | K112: Surat berharga dan derivatif | M112: Tidak | N112: =IF(M112="Ya",4.2,0) -> 0 | O112: 0
...

Sheet Aspek Penilaian KAP DEF
A1: PENILAIAN
A2: KAP | B2: :
A3: Peserta Penugasan Audit Neraca Penutupan PT BPR XXX (DL)
A5: PENILAIAN TL | J5: PENILAIAN PIC
A7: A. | B7: 1. | C7: ASPEK ADMINISTRATIF - KELENGKAPAN DOKUMEN | J7: A. | K7: 1. | L7: ASPEK ADMINISTRATIF - KELENGKAPAN DOKUMEN
A8: No. | B8: Item Yang Dinilai | D8: Keterangan | E8: Pemenuhan | F8: Nilai | J8: No. | K8: Item Yang Dinilai | M8: Keterangan | N8: Pemenuhan | O8: Nilai
A9: 1. | B9: Proposal diterima tepat waktu | E9: Tidak | F9: =IF(E9="Ya",100,0) -> 0 | J9: 1. | K9: Proposal diterima tepat waktu | N9: Tidak | O9: =IF(N9="Ya",100,0) -> 0
A10: 2. | B10: Surat Pengantar | E10: Tidak | F10: =IF(E10="Ya",100,0) -> 0 | J10: 2. | K10: Surat Pengantar | N10: Tidak | O10: =IF(N10="Ya",100,0) -> 0
A11: 3. | B11: Surat Pengantar ditanda-tangani oleh Pimpinan KAP/Rekan dengan materai | E11: Tidak | F11: =IF(E11="Ya",100,0) -> 0 | J11: 3. | K11: Surat Pengantar ditanda-tangani oleh Pimpinan KAP/Rekan dengan materai | N11: Tidak | O11: =IF(N11="Ya",100,0) -> 0
A12: 4. | B12: Surat Pengantar memuat pernyataan : | J12: 4. | K12: Surat Pengantar memuat pernyataan :
B13: a. | C13: Tidak memiliki dan tidak pernah memiliki kepentingan dengan PT BPR XXX dalam 3 tahun terakhir. | E13: Tidak | F13: =IF(E13="Ya",100,0) -> 0 | K13: a. | L13: Tidak memiliki dan tidak pernah memiliki kepentingan dengan PT BPR XXX dalam 3 tahun terakhir. | N13: Tidak | O13: =IF(N13="Ya",100,0) -> 0
B14: b. | C14: Bersedia untuk tidak ikut proses seleksi lebih lanjut apabila menurut Tim Likuidasi ternyata KAP pernah memiliki kepentingan dalam 3 tahun terakhir. | E14: Tidak | F14: =IF(E14="Ya",100,0) -> 0 | K14: b. | L14: Bersedia untuk tidak ikut proses seleksi lebih lanjut apabila menurut Tim Likuidasi ternyata KAP pernah memiliki kepentingan dalam 3 tahun terakhir. | N14: Tidak | O14: =IF(N14="Ya",100,0) -> 0
B15: c. | C15: KAP dan personil sanggup menjaga kerahasiaan penugasan | E15: Tidak | F15: =IF(E15="Ya",100,0) -> 0 | K15: c. | L15: KAP dan personil sanggup menjaga kerahasiaan penugasan | N15: Tidak | O15: =IF(N15="Ya",100,0) -> 0
B16: d. | C16: Bahwa data dan informasi yang disajikan dalam proposal adalah benar/sah dan KAP sanggup menunjukan dokumen asli ketika diminta. | E16: Tidak | F16: =IF(E16="Ya",100,0) -> 0 | K16: d. | L16: Bahwa data dan informasi yang disajikan dalam proposal adalah benar/sah dan KAP sanggup menunjukan dokumen asli ketika diminta. | N16: Tidak | O16: =IF(N16="Ya",100,0) -> 0
B17: e. | C17: AP dan/atau KAP tidak sedang menjalani sanksi pembekuan izin oleh Departemen Keuangan, IAI atau IAPI | E17: Tidak | F17: =IF(E17="Ya",100,0) -> 0 | K17: e. | L17: AP dan/atau KAP tidak sedang menjalani sanksi pembekuan izin oleh Departemen Keuangan, IAI atau IAPI | N17: Tidak | O17: =IF(N17="Ya",100,0) -> 0
B18: f. | C18: AP dan/atau KAP tidak sedang menjalani proses pemeriksaan oleh Departemen Keuangan, IAI atau IAPI terkait dengan indikasi pelanggaran azas SPAP dan/atau peraturan perundang-undangan yang berlaku. | E18: Tidak | F18: =IF(E18="Ya",100,0) -> 0 | K18: f. | L18: AP dan/atau KAP tidak sedang menjalani proses pemeriksaan oleh Departemen Keuangan, IAI atau IAPI terkait dengan indikasi pelanggaran azas SPAP dan/atau peraturan perundang-undangan yang berlaku. | N18: Tidak | O18: =IF(N18="Ya",100,0) -> 0
B19: g. | C19: Kesanggupan untuk mengikuti seleksi dengan biaya sendiri | E19: Tidak | F19: =IF(E19="Ya",100,0) -> 0 | K19: g. | L19: Kesanggupan untuk mengikuti seleksi dengan biaya sendiri | N19: Tidak | O19: =IF(N19="Ya",100,0) -> 0
A20: 5. | B20: AP memiliki izin AP dari Menteri Keuangan | E20: Tidak | F20: =IF(E20="Ya",100,0) -> 0 | J20: 5. | K20: AP memiliki izin AP dari Menteri Keuangan | N20: Tidak | O20: =IF(N20="Ya",100,0) -> 0
A21: 6. | B21: AP memiliki atau menjadi rekan pada KAP yang memiliki izin dari Menteri Keuangan. | E21: Tidak | F21: =IF(E21="Ya",100,0) -> 0 | J21: 6. | K21: AP memiliki atau menjadi rekan pada KAP yang memiliki izin dari Menteri Keuangan. | N21: Tidak | O21: =IF(N21="Ya",100,0) -> 0
A22: 7. | B22: Merupakan AP yang terdaftar di BI / OJK | E22: Tidak | F22: =IF(E22="Ya",100,0) -> 0 | J22: 7. | K22: Merupakan AP yang terdaftar di BI / OJK | N22: Tidak | O22: =IF(N22="Ya",100,0) -> 0
A23: 8. | B23: Memiliki pengalaman audit di industri perbankan | E23: Tidak | F23: =IF(E23="Ya",100,0) -> 0 | J23: 8. | K23: Memiliki pengalaman audit di industri perbankan | N23: Tidak | O23: =IF(N23="Ya",100,0) -> 0
A24: 9. | B24: Memiliki auditor yang pegawai tetap sekurang-kurangya 6 orang | E24: Tidak | F24: =IF(E24="Ya",100,0) -> 0 | J24: 9. | K24: Memiliki auditor yang pegawai tetap sekurang-kurangya 6 orang | N24: Tidak | O24: =IF(N24="Ya",100,0) -> 0
A25: 10. | B25: Auditor yang ditugaskan sekurang-kurangnya 50 % telah menjadi pegawai tetap sejak 1 tahun terakhir. | E25: Tidak | F25: =IF(E25="Ya",100,0) -> 0 | J25: 10. | K25: Auditor yang ditugaskan sekurang-kurangnya 50 % telah menjadi pegawai tetap sejak 1 tahun terakhir. | N25: Tidak | O25: =IF(N25="Ya",100,0) -> 0
A26: 11. | B26: Bukan AP/KAP yang melakukan audit atas laporan keuangan PT BPR XXX | E26: Tidak | F26: =IF(E26="Ya",100,0) -> 0 | J26: 11. | K26: Bukan AP/KAP yang melakukan audit atas laporan keuangan PT BPR XXX | N26: Tidak | O26: =IF(N26="Ya",100,0) -> 0
A27: 12. | B27: KAK telah ditandatnagani oleh TL | E27: Tidak | F27: =IF(E27="Ya",100,0) -> 0 | J27: 12. | K27: KAK telah ditandatangani oleh TL | N27: Tidak | O27: =IF(N27="Ya",100,0) -> 0
A28: Kesimpulan : Lulus persyaratan administratif | E28: Total A1 | F28: =AVERAGE(F9:F27) -> 0 | J28: Kesimpulan A1-A4 : Lulus persyaratan administratif | N28: Total A1 | O28: =AVERAGE(O9:O27) -> 0
A30: A. | B30: 2. | C30: PENILAIAN ASPEK ADMINISTRATIF | J30: A. | K30: 2. | L30: PENILAIAN ASPEK ADMINISTRATIF
A31: No. | B31: Item Yang Dinilai | D31: Keterangan | E31: Pemenuhan | F31: Nilai | J31: No. | K31: Item Yang Dinilai | M31: Keterangan | N31: Pemenuhan | O31: Nilai
A32: 1. | B32: Form A ditandatangani oleh Pimpinan atau penanggungjawab dari KAP/Cabang KAP | E32: Tidak | F32: =IF(E32="Ya",100,0) -> 0 | J32: 1. | K32: Form A ditandatangani oleh Pimpinan atau penanggungjawab dari KAP/Cabang KAP | N32: Tidak | O32: =IF(N32="Ya",100,0) -> 0
A33: 2. | B33: Form B dibuat lengkap | E33: Tidak | F33: =IF(E33="Ya",100,0) -> 0 | J33: 2. | K33: Form B dibuat lengkap | N33: Tidak | O33: =IF(N33="Ya",100,0) -> 0
A34: 3. | B34: Form C (biodata personil) ditandatangani oleh personil yang bersangkutan dan oleh KAP | E34: Tidak | F34: =IF(E34="Ya",100,0) -> 0 | J34: 3. | K34: Form C (biodata personil) ditandatangani oleh personil yang bersangkutan dan oleh KAP | N34: Tidak | O34: =IF(N34="Ya",100,0) -> 0
A35: 4. | B35: Form D (usulan prosedur yang disepakati) diisi dengan lengkap | E35: Tidak | F35: =IF(E35="Ya",100,0) -> 0 | J35: 4. | K35: Form D (usulan prosedur yang disepakati) diisi dengan lengkap | N35: Tidak | O35: =IF(N35="Ya",100,0) -> 0
A36: 5. | B36: Form E (rincian biaya) diisi lengkap | E36: Tidak | F36: =IF(E36="Ya",100,0) -> 0 | J36: 5. | K36: Form E (rincian biaya) diisi lengkap | N36: Tidak | O36: =IF(N36="Ya",100,0) -> 0
A37: 6. | B37: Form F (Daftar Pegawai Tetap) diisi dengan lengkap | E37: Tidak | F37: =IF(E37="Ya",100,0) -> 0 | J37: 6. | K37: Form F (Daftar Pegawai Tetap) diisi dengan lengkap | N37: Tidak | O37: =IF(N37="Ya",100,0) -> 0
A38: 7. | B38: KAP/AP independen terhadap objek audit | E38: Tidak | F38: =IF(E38="Ya",100,0) -> 0 | J38: 7. | K38: KAP/AP independen terhadap objek audit | N38: Tidak | O38: =IF(N38="Ya",100,0) -> 0
A39: 8. | B39: KAP dan/atau AP memiliki pengalaman yang dinilai | E39: Tidak | F39: =IF(E39="Ya",100,0) -> 0 | J39: 8. | K39: KAP dan/atau AP memiliki pengalaman yang dinilai | N39: Tidak | O39: =IF(N39="Ya",100,0) -> 0
E40: Total A2 | F40: =AVERAGE(F32:F39) -> 0 | N40: Total A2 | O40: =AVERAGE(O32:O39) -> 0
A42: A. | B42: 3. | C42: HARGA PERKIRAAN SENDIRI (HPS) | J42: A. | K42: 3. | L42: HARGA PERKIRAAN SENDIRI (HPS)
A43: No. | B43: Item Yang Dinilai | D43: Keterangan | E43: Pemenuhan | F43: Nilai | J43: No. | K43: Item Yang Dinilai | M43: Keterangan | N43: Pemenuhan | O43: Nilai
A44: 1. | B44: Billing rate HPS TL mengacu berdasarkan tarif jasa konsultan | D44: Billing rate Inkindo Tahun 2021 | E44: Tidak | F44: =IF(E44="Ya",100,0) -> 0 | J44: 1. | K44: Billing rate HPS TL mengacu berdasarkan tarif jasa konsultan | M44: Billing rate Inkindo Tahun 2021 | N44: Tidak | O44: =IF(N44="Ya",100,0) -> 0
A45: 2. | B45: Penawaran jasa audit di bawah HPS TL | E45: =IF(E96=0,"Tidak",IF(E96<=D96,"Ya","Tidak")) -> Tidak | F45: =IF(E45="Ya",100,0) -> 0 | J45: 2. | K45: Penawaran jasa audit di bawah HPS TL | N45: =IF(N96=0,"Tidak",IF(N96<=M96,"Ya","Tidak")) -> Tidak | O45: =IF(N45="Ya",100,0) -> 0
A46: 3. | B46: Biaya operasional jasa audit selain remunerasi maksimum 25% dari remunerasi | E46: =IF(E96=0,"Tidak",IF(E94<=25%*E93,"Ya","Tidak")) -> Tidak | F46: =IF(E46="Ya",100,0) -> 0 | J46: 3. | K46: Biaya operasional jasa audit selain remunerasi maksimum 25% dari remunerasi | N46: =IF(N96=0,"Tidak",IF(N94<=25%*N93,"Ya","Tidak")) -> Tidak | O46: =IF(N46="Ya",100,0) -> 0
E47: Total A3 | F47: =AVERAGE(F44:F46) -> 0 | N47: Total A3 | O47: =AVERAGE(O44:O46) -> 0
A49: A. | B49: 4. | C49: UMUM | J49: A. | K49: 4. | L49: UMUM
A50: No. | B50: Item Yang Dinilai | D50: Keterangan | E50: Pemenuhan | F50: Nilai | J50: No. | K50: Item Yang Dinilai | M50: Keterangan | N50: Pemenuhan | O50: Nilai
A51: 1. | B51: Apakah Tim Likuidasi telah mengundang sekurang-kurangnya 3 (tiga) Kantor Akuntan Publik? | D51: xx undangan | E51: Tidak | F51: =IF(E51="Ya",100,0) -> 0 | J51: 1. | K51: Apakah Tim Likuidasi telah mengundang sekurang-kurangnya 3 (tiga) Kantor Akuntan Publik? | M51: xx undangan | N51: Tidak | O51: =IF(N51="Ya",100,0) -> 0
A52: 2. | B52: Apakah Tim Likuidasi telah menyusun kerangka acuan kerja dalam rangka pelaksanan audit Neraca Penutupan? | E52: Tidak | F52: =IF(E52="Ya",100,0) -> 0 | J52: 2. | K52: Apakah Tim Likuidasi telah menyusun kerangka acuan kerja dalam rangka pelaksanan audit Neraca Penutupan? | N52: Tidak | O52: =IF(N52="Ya",100,0) -> 0
A53: 3. | B53: Apakah kerangka acuan kerja yang disusun oleh Tim Likuidasi telah berdasarkan pedoman yang ditetapkan LPS? | E53: Tidak | F53: =IF(E53="Ya",100,0) -> 0 | J53: 3. | K53: Apakah kerangka acuan kerja yang disusun oleh Tim Likuidasi telah berdasarkan pedoman yang ditetapkan LPS? | N53: Tidak | O53: =IF(N53="Ya",100,0) -> 0
A54: 4. | B54: Apakah penunjukan Kantor Akuntan Publik dalam rangka melakukan audit Neraca Penutupan dilakukan Tim Likuidasi paling lama 30 hari kalender sejak Neraca Penutupan diterima Tim Likuidasi? | E54: Tidak | F54: =IF(E54="Ya",100,0) -> 0 | J54: 4. | K54: Apakah penunjukan Kantor Akuntan Publik dalam rangka melakukan audit Neraca Penutupan dilakukan Tim Likuidasi paling lama 30 hari kalender sejak Neraca Penutupan diterima Tim Likuidasi? | N54: Tidak | O54: =IF(N54="Ya",100,0) -> 0
A55: 5. | B55: Apakah penugasan dalam audit Neraca Penutupan yang akan disampaikan Tim Likuidasi ke LPS paling lama 120 hari kalender sejak penunjukan Kantor Akuntan Publik? | D55: xx hari | E55: Tidak | F55: =IF(E55="Ya",100,0) -> 0 | J55: 5. | K55: Apakah penugasan dalam audit Neraca Penutupan yang akan disampaikan Tim Likuidasi ke LPS paling lama 120 hari kalender sejak penunjukan Kantor Akuntan Publik? | M55: xx hari | N55: Tidak | O55: =IF(N55="Ya",100,0) -> 0
A56: 6. | B56: Tim Likuidasi telah melakukan negosiasi dengan KAP terkait dengan usulan penunjukan KAP | D56: BA Negosiasi & Klarifikasi terlampir | E56: Tidak | F56: =IF(E56="Ya",100,0) -> 0 | J56: 6. | K56: Tim Likuidasi telah melakukan negosiasi dengan KAP terkait dengan usulan penunjukan KAP | M56: BA Negosiasi & Klarifikasi terlampir | N56: Tidak | O56: =IF(N56="Ya",100,0) -> 0
A57: 7. | B57: Apakah Tim Likuidasi telah melakukan penilaiaan terhadap Kantor Akuntan Publik meliputi aspek Adminisistrasi, Biaya, dan Teknis? | D57: Ya, Kertas Kerja Terlampir | E57: Tidak | F57: =IF(E57="Ya",100,0) -> 0 | J57: 7. | K57: Apakah Tim Likuidasi telah melakukan penilaiaan terhadap Kantor Akuntan Publik meliputi aspek Adminisistrasi, Biaya, dan Teknis? | M57: Ya, Kertas Kerja Terlampir | N57: Tidak | O57: =IF(N57="Ya",100,0) -> 0
E58: Total A4 | F58: =AVERAGE(F51:F57) -> 0 | N58: Total A4 | O58: =AVERAGE(O51:O57) -> 0
E59: Rata-rata A1 - A4 | F59: =(SUM(F9:F27)+SUM(F32:F39)+SUM(F44:F46)+SUM(F51:F57))/36 -> 0 | N59: Rata-rata A1 - A4 | O59: =(SUM(O9:O27)+SUM(O32:O39)+SUM(O44:O46)+SUM(O51:O57))/36 -> 0
A61: B. | B61: 1. | C61: RINCIAN PENILAIAN TEKNIS | J61: B. | K61: 1. | L61: RINCIAN PENILAIAN TEKNIS
A62: No. | B62: Item Yang Dinilai | D62: Bobot | E62: Nilai | F62: Jumlah | J62: No. | K62: Item Yang Dinilai | M62: Bobot | N62: Nilai | O62: Jumlah
A63: 1. | B63: Pengalaman KAP | D63: 0.3 | E63: =H74 -> 0 | F63: =E63*D63 -> 0 | J63: 1. | K63: Pengalaman KAP | M63: 0.3 | N63: =Q74 -> 0 | O63: =N63*M63 -> 0
A64: 2. | B64: Pengalaman AP/Personil | D64: 0.3 | E64: =H82 -> 0 | F64: =E64*D64 -> 0 | J64: 2. | K64: Pengalaman AP/Personil | M64: 0.3 | N64: =Q82 -> 0 | O64: =N64*M64 -> 0
A65: 3. | B65: Metodologi dan usulan prosedur yang disepakati | D65: 0.4 | E65: =F89 -> 0 | F65: =E65*D65 -> 0 | J65: 3. | K65: Metodologi dan usulan prosedur yang disepakati | M65: 0.4 | N65: =O89 -> 0 | O65: =N65*M65 -> 0
B66: T O T A L | F66: =F65+F64+F63 -> 0 | K66: T O T A L | O66: =O65+O64+O63 -> 0
A68: B. | B68: 1.1. | C68: RINCIAN PENGALAMAN KAP (DALAM 5 TAHUN TERAKHIR DAN MAKSIMAL 5 PENGALAMAN) | J68: B. | K68: 1.1. | L68: RINCIAN PENGALAMAN KAP (DALAM 5 TAHUN TERAKHIR DAN MAKSIMAL 5 PENGALAMAN)
A69: No. | B69: Item Yang Dinilai | D69: Tahun Penugasan | E69: Bobot | F69: Pengalaman | G69: Nilai | H69: Jumlah | J69: No. | K69: Item Yang Dinilai | M69: Tahun Penugasan | N69: Bobot | O69: Pengalaman | P69: Nilai | Q69: Jumlah
A70: 1. | B70: Dalam perikatan untuk menerapkan prosedur yang disepakati (Bank Umum/BPR) | E70: 0.4 | G70: =IF(F70=0,0,IF(F70=1,20,IF(F70=2,40,IF(F70=3,60,IF(F70=4,80,100))))) -> 0 | H70: =G70*E70 -> 0 | J70: 1. | K70: Dalam perikatan untuk menerapkan prosedur yang disepakati (Bank Umum/BPR) | N70: 0.4 | P70: =IF(O70=0,0,IF(O70=1,20,IF(O70=2,40,IF(O70=3,60,IF(O70=4,80,100))))) -> 0 | Q70: =P70*N70 -> 0
A71: 2. | B71: Dalam perikatan untuk menerapkan prosedur yang disepakati di industri non perbankan. | E71: 0.3 | G71: =IF(F71=0,0,IF(F71=1,20,IF(F71=2,40,IF(F71=3,60,IF(F71=4,80,100))))) -> 0 | H71: =G71*E71 -> 0 | J71: 2. | K71: Dalam perikatan untuk menerapkan prosedur yang disepakati di industri non perbankan. | N71: 0.3 | P71: =IF(O71=0,0,IF(O71=1,20,IF(O71=2,40,IF(O71=3,60,IF(O71=4,80,100))))) -> 0 | Q71: =P71*N71 -> 0
A72: 3. | B72: Dalam perikatan audit umum atas laporan keuangan Bank Umum/BPR | E72: 0.2 | G72: =IF(F72=0,0,IF(F72=1,20,IF(F72=2,40,IF(F72=3,60,IF(F72=4,80,100))))) -> 0 | H72: =G72*E72 -> 0 | J72: 3. | K72: Dalam perikatan audit umum atas laporan keuangan Bank Umum/BPR | N72: 0.2 | P72: =IF(O72=0,0,IF(O72=1,20,IF(O72=2,40,IF(O72=3,60,IF(O72=4,80,100))))) -> 0 | Q72: =P72*N72 -> 0
A73: 4. | B73: Dalam penugasan lain di industri perbankan (Bank Umum/BPR) | E73: 0.1 | G73: =IF(F73=0,0,IF(F73=1,20,IF(F73=2,40,IF(F73=3,60,IF(F73=4,80,100))))) -> 0 | H73: =G73*E73 -> 0 | J73: 4. | K73: Dalam penugasan lain di industri perbankan (Bank Umum/BPR) | N73: 0.1 | P73: =IF(O73=0,0,IF(O73=1,20,IF(O73=2,40,IF(O73=3,60,IF(O73=4,80,100))))) -> 0 | Q73: =P73*N73 -> 0
B74: T O T A L | H74: =SUM(H70:H73) -> 0 | K74: T O T A L | Q74: =SUM(Q70:Q73) -> 0
A76: B. | B76: 1.2. | C76: RINCIAN PENGALAMAN AP/PERSONIL (DALAM 5 TAHUN TERAKHIR DAN MAKSIMAL 5 PENGALAMAN) | J76: B. | K76: 1.2. | L76: RINCIAN PENGALAMAN AP/PERSONIL (DALAM 5 TAHUN TERAKHIR DAN MAKSIMAL 5 PENGALAMAN)
A77: No. | B77: Item Yang Dinilai | D77: Tahun Penugasan | E77: Bobot | F77: Pengalaman | G77: Nilai | H77: Jumlah | J77: No. | K77: Item Yang Dinilai | M77: Tahun Penugasan | N77: Bobot | O77: Pengalaman | P77: Nilai | Q77: Jumlah
A78: 1. | B78: Dalam perikatan untuk menerapkan prosedur yang disepakati (Bank Umum/BPR) | E78: 0.4 | G78: =IF(F78=0,0,IF(F78=1,20,IF(F78=2,40,IF(F78=3,60,IF(F78=4,80,100))))) -> 0 | H78: =G78*E78 -> 0 | J78: 1. | K78: Dalam perikatan untuk menerapkan prosedur yang disepakati (Bank Umum/BPR) | N78: 0.4 | P78: =IF(O78=0,0,IF(O78=1,20,IF(O78=2,40,IF(O78=3,60,IF(O78=4,80,100))))) -> 0 | Q78: =P78*N78 -> 0
A79: 2. | B79: Dalam perikatan untuk menerapkan prosedur yang disepakati di industri non perbankan. | E79: 0.3 | G79: =IF(F79=0,0,IF(F79=1,20,IF(F79=2,40,IF(F79=3,60,IF(F79=4,80,100))))) -> 0 | H79: =G79*E79 -> 0 | J79: 2. | K79: Dalam perikatan untuk menerapkan prosedur yang disepakati di industri non perbankan. | N79: 0.3 | P79: =IF(O79=0,0,IF(O79=1,20,IF(O79=2,40,IF(O79=3,60,IF(O79=4,80,100))))) -> 0 | Q79: =P79*N79 -> 0
A80: 3. | B80: Dalam perikatan audit umum atas laporan keuangan Bank Umum/BPR | E80: 0.2 | G80: =IF(F80=0,0,IF(F80=1,20,IF(F80=2,40,IF(F80=3,60,IF(F80=4,80,100))))) -> 0 | H80: =G80*E80 -> 0 | J80: 3. | K80: Dalam perikatan audit umum atas laporan keuangan Bank Umum/BPR | N80: 0.2 | P80: =IF(O80=0,0,IF(O80=1,20,IF(O80=2,40,IF(O80=3,60,IF(O80=4,80,100))))) -> 0 | Q80: =P80*N80 -> 0
A81: 4. | B81: Dalam penugasan lain di industri perbankan (Bank Umum/BPR) | E81: 0.1 | G81: =IF(F81=0,0,IF(F81=1,20,IF(F81=2,40,IF(F81=3,60,IF(F81=4,80,100))))) -> 0 | H81: =G81*E81 -> 0 | J81: 4. | K81: Dalam penugasan lain di industri perbankan (Bank Umum/BPR) | N81: 0.1 | P81: =IF(O81=0,0,IF(O81=1,20,IF(O81=2,40,IF(O81=3,60,IF(O81=4,80,100))))) -> 0 | Q81: =P81*N81 -> 0
B82: T O T A L | H82: =SUM(H78:H81) -> 0 | K82: T O T A L | Q82: =SUM(Q78:Q81) -> 0
A84: B. | B84: 1.3. | C84: METODOLOGI DAN USULAN PROSEDUR | J84: B. | K84: 1.3. | L84: METODOLOGI DAN USULAN PROSEDUR
A85: No. | B85: Item Yang Dinilai | D85: Bobot | E85: Nilai | F85: Jumlah | J85: No. | K85: Item Yang Dinilai | M85: Bobot | N85: Nilai | O85: Jumlah
A86: 1. | B86: Kelengkapan program kerja | D86: 0.2 | E86: 0 | F86: =E86*D86 -> 0 | J86: 1. | K86: Kelengkapan program kerja | M86: 0.2 | N86: 0 | O86: =N86*M86 -> 0
A87: 2. | B87: Kecakupan prosedur | D87: 0.4 | E87: =E134 -> 0 | F87: =E87*D87 -> 0 | J87: 2. | K87: Kecakupan prosedur | M87: 0.4 | N87: =N134 -> 0 | O87: =N87*M87 -> 0
A88: 3. | B88: Relevansi prosedur utama | D88: 0.4 | E88: =F134 -> 0 | F88: =E88*D88 -> 0 | J88: 3. | K88: Relevansi prosedur utama | M88: 0.4 | N88: =O134 -> 0 | O88: =N88*M88 -> 0
B89: T O T A L | F89: =SUM(F86:F88) -> 0 | K89: T O T A L | O89: =SUM(O86:O88) -> 0
A91: C. | B91: RINCIAN PENILAIAN BIAYA | J91: C. | K91: RINCIAN PENILAIAN BIAYA
A92: No. | B92: Item Yang Dinilai | D92: HPS | E92: Penawaran | F92: Selisih | J92: No. | K92: Item Yang Dinilai | M92: HPS | N92: Penawaran | O92: Selisih
A93: 1. | B93: Biaya Remunerasi | D93: =HPS!F30 -> 70057500 | E93: 0 | F93: =D93-E93 -> 70057500 | J93: 1. | K93: Biaya Remunerasi | M93: =HPS!F30 -> 70057500 | N93: 0 | O93: =M93-N93 -> 70057500
A94: 2. | B94: Biaya Operasional | D94: =HPS!F31 -> 17514375 | E94: 0 | F94: =D94-E94 -> 17514375 | J94: 2. | K94: Biaya Operasional | M94: =HPS!F31 -> 17514375 | N94: 0 | O94: =M94-N94 -> 17514375
A95: 3. | B95: PPN | D95: =HPS!F33 -> 8757187.5 | E95: 0 | F95: =D95-E95 -> 8757187.5 | J95: 3. | K95: PPN | M95: =HPS!F33 -> 8757187.5 | N95: 0 | O95: =M95-N95 -> 8757187.5
A96: 4. | B96: Total | D96: =SUM(D93:D95) -> 96329062 | E96: =SUM(E93:E95) -> 0 | F96: =SUM(F93:F95) -> 96329062 | G96: =IF(E96<=D96,50,0) -> 50 | J96: 4. | K96: Total | M96: =SUM(M93:M95) -> 96329062 | N96: =SUM(N93:N95) -> 0 | O96: =SUM(O93:O95) -> 96329062 | P96: =IF(N96<=M96,50,0) -> 50
A98: D. | B98: HASIL PENILAIAN | J98: D. | K98: HASIL PENILAIAN
A99: No. | B99: Item Yang Dinilai | D99: Bobot | E99: Nilai | F99: Jumlah | J99: No. | K99: Item Yang Dinilai | M99: Bobot | N99: Nilai | O99: Jumlah
A100: 1. | B100: Administrasi | D100: 0.3 | E100: =F59 -> 0 | F100: =E100*D100 -> 0 | J100: 1. | K100: Administrasi | M100: 0.3 | N100: =O59 -> 0 | O100: =N100*M100 -> 0
A101: 2. | B101: Teknis | D101: 0.35 | E101: =F66 -> 0 | F101: =E101*D101 -> 0 | J101: 2. | K101: Teknis | M101: 0.35 | N101: =O66 -> 0 | O101: =N101*M101 -> 0
A102: 3. | B102: Biaya | D102: 0.35 | E102: ='Rekap Penilaian KAP'!E57 -> 0 | F102: =E102*D102 -> 0 | J102: 3. | K102: Biaya | M102: 0.35 | N102: ='Rekap Penilaian KAP'!E66 -> 0 | O102: =N102*M102 -> 0
B103: Grand Nilai Total | F103: =SUM(F100:F102) -> 0 | K103: Grand Nilai Total | O103: =SUM(O100:O102) -> 0
A105: KECAKUPAN DAN RELEVANSI USULAN PROSEDUR YANG DISEPAKATI*) | J105: KECAKUPAN DAN RELEVANSI USULAN PROSEDUR YANG DISEPAKATI*)
A106: No. | B106: AKUN | D106: KECAKUPAN | E106: KECAKUPAN | F106: RELEVANSI | J106: No. | K106: AKUN | M106: KECAKUPAN | N106: KECAKUPAN | O106: RELEVANSI
D107: (Ya/Tidak) | E107: (0 atau 4.2) | F107: (0,1.4,2.8,4.2) | M107: (Ya/Tidak) | N107: (0 atau 4.2) | O107: (0,1.4,2.8,4.2)
B108: AKTIVA | K108: AKTIVA
A109: 1 | B109: Kas | D109: Tidak | E109: =IF(D109="Ya",4.2,0) -> 0 | F109: 0 | J109: 1 | K109: Kas | M109: Tidak | N109: =IF(M109="Ya",4.2,0) -> 0 | O109: 0
A110: 2 | B110: SBI | D110: Tidak | E110: =IF(D110="Ya",4.2,0) -> 0 | F110: 0 | J110: 2 | K110: SBI | M110: Tidak | N110: =IF(M110="Ya",4.2,0) -> 0 | O110: 0
A111: 3 | B111: ABA | D111: Tidak | E111: =IF(D111="Ya",4.2,0) -> 0 | F111: 0 | J111: 3 | K111: ABA | M111: Tidak | N111: =IF(M111="Ya",4.2,0) -> 0 | O111: 0
A112: 4 | B112: Surat berharga dan derivatif | D112: Tidak | E112: =IF(D112="Ya",4.2,0) -> 0 | F112: 0 | J112: 4 | K112: Surat berharga dan derivatif | M112: Tidak | N112: =IF(M112="Ya",4.2,0) -> 0 | O112: 0
...

Sheet Aspek Penilaian KAP GHI
A1: PENILAIAN
A2: KAP | B2: :
A3: Peserta Penugasan Audit Neraca Penutupan PT BPR XXX (DL)
A5: PENILAIAN TL | J5: PENILAIAN PIC
A7: A. | B7: 1. | C7: ASPEK ADMINISTRATIF - KELENGKAPAN DOKUMEN | J7: A. | K7: 1. | L7: ASPEK ADMINISTRATIF - KELENGKAPAN DOKUMEN
A8: No. | B8: Item Yang Dinilai | D8: Keterangan | E8: Pemenuhan | F8: Nilai | J8: No. | K8: Item Yang Dinilai | M8: Keterangan | N8: Pemenuhan | O8: Nilai
A9: 1. | B9: Proposal diterima tepat waktu | E9: Tidak | F9: =IF(E9="Ya",100,0) -> 0 | J9: 1. | K9: Proposal diterima tepat waktu | N9: Tidak | O9: =IF(N9="Ya",100,0) -> 0
A10: 2. | B10: Surat Pengantar | E10: Tidak | F10: =IF(E10="Ya",100,0) -> 0 | J10: 2. | K10: Surat Pengantar | N10: Tidak | O10: =IF(N10="Ya",100,0) -> 0
A11: 3. | B11: Surat Pengantar ditanda-tangani oleh Pimpinan KAP/Rekan dengan materai | E11: Tidak | F11: =IF(E11="Ya",100,0) -> 0 | J11: 3. | K11: Surat Pengantar ditanda-tangani oleh Pimpinan KAP/Rekan dengan materai | N11: Tidak | O11: =IF(N11="Ya",100,0) -> 0
A12: 4. | B12: Surat Pengantar memuat pernyataan : | J12: 4. | K12: Surat Pengantar memuat pernyataan :
B13: a. | C13: Tidak memiliki dan tidak pernah memiliki kepentingan dengan PT BPR XXX (DL) dalam 3 tahun terakhir. | E13: Tidak | F13: =IF(E13="Ya",100,0) -> 0 | K13: a. | L13: Tidak memiliki dan tidak pernah memiliki kepentingan dengan PT BPR XXX (DL) dalam 3 tahun terakhir. | N13: Tidak | O13: =IF(N13="Ya",100,0) -> 0
B14: b. | C14: Bersedia untuk tidak ikut proses seleksi lebih lanjut apabila menurut Tim Likuidasi ternyata KAP pernah memiliki kepentingan dalam 3 tahun terakhir. | E14: Tidak | F14: =IF(E14="Ya",100,0) -> 0 | K14: b. | L14: Bersedia untuk tidak ikut proses seleksi lebih lanjut apabila menurut Tim Likuidasi ternyata KAP pernah memiliki kepentingan dalam 3 tahun terakhir. | N14: Tidak | O14: =IF(N14="Ya",100,0) -> 0
B15: c. | C15: KAP dan personil sanggup menjaga kerahasiaan penugasan | E15: Tidak | F15: =IF(E15="Ya",100,0) -> 0 | K15: c. | L15: KAP dan personil sanggup menjaga kerahasiaan penugasan | N15: Tidak | O15: =IF(N15="Ya",100,0) -> 0
B16: d. | C16: Bahwa data dan informasi yang disajikan dalam proposal adalah benar/sah dan KAP sanggup menunjukan dokumen asli ketika diminta. | E16: Tidak | F16: =IF(E16="Ya",100,0) -> 0 | K16: d. | L16: Bahwa data dan informasi yang disajikan dalam proposal adalah benar/sah dan KAP sanggup menunjukan dokumen asli ketika diminta. | N16: Tidak | O16: =IF(N16="Ya",100,0) -> 0
B17: e. | C17: AP dan/atau KAP tidak sedang menjalani sanksi pembekuan izin oleh Departemen Keuangan, IAI atau IAPI | E17: Tidak | F17: =IF(E17="Ya",100,0) -> 0 | K17: e. | L17: AP dan/atau KAP tidak sedang menjalani sanksi pembekuan izin oleh Departemen Keuangan, IAI atau IAPI | N17: Tidak | O17: =IF(N17="Ya",100,0) -> 0
B18: f. | C18: AP dan/atau KAP tidak sedang menjalani proses pemeriksaan oleh Departemen Keuangan, IAI atau IAPI terkait dengan indikasi pelanggaran azas SPAP dan/atau peraturan perundang-undangan yang berlaku. | E18: Tidak | F18: =IF(E18="Ya",100,0) -> 0 | K18: f. | L18: AP dan/atau KAP tidak sedang menjalani proses pemeriksaan oleh Departemen Keuangan, IAI atau IAPI terkait dengan indikasi pelanggaran azas SPAP dan/atau peraturan perundang-undangan yang berlaku. | N18: Tidak | O18: =IF(N18="Ya",100,0) -> 0
B19: g. | C19: Kesanggupan untuk mengikuti seleksi dengan biaya sendiri | E19: Tidak | F19: =IF(E19="Ya",100,0) -> 0 | K19: g. | L19: Kesanggupan untuk mengikuti seleksi dengan biaya sendiri | N19: Tidak | O19: =IF(N19="Ya",100,0) -> 0
A20: 5. | B20: AP memiliki izin AP dari Menteri Keuangan | E20: Tidak | F20: =IF(E20="Ya",100,0) -> 0 | J20: 5. | K20: AP memiliki izin AP dari Menteri Keuangan | N20: Tidak | O20: =IF(N20="Ya",100,0) -> 0
A21: 6. | B21: AP memiliki atau menjadi rekan pada KAP yang memiliki izin dari Menteri Keuangan. | E21: Tidak | F21: =IF(E21="Ya",100,0) -> 0 | J21: 6. | K21: AP memiliki atau menjadi rekan pada KAP yang memiliki izin dari Menteri Keuangan. | N21: Tidak | O21: =IF(N21="Ya",100,0) -> 0
A22: 7. | B22: Merupakan AP yang terdaftar di BI / OJK | E22: Tidak | F22: =IF(E22="Ya",100,0) -> 0 | J22: 7. | K22: Merupakan AP yang terdaftar di BI / OJK | N22: Tidak | O22: =IF(N22="Ya",100,0) -> 0
A23: 8. | B23: Memiliki pengalaman audit di industri perbankan | E23: Tidak | F23: =IF(E23="Ya",100,0) -> 0 | J23: 8. | K23: Memiliki pengalaman audit di industri perbankan | N23: Tidak | O23: =IF(N23="Ya",100,0) -> 0
A24: 9. | B24: Memiliki auditor yang pegawai tetap sekurang-kurangya 6 orang | E24: Tidak | F24: =IF(E24="Ya",100,0) -> 0 | J24: 9. | K24: Memiliki auditor yang pegawai tetap sekurang-kurangya 6 orang | N24: Tidak | O24: =IF(N24="Ya",100,0) -> 0
A25: 10. | B25: Auditor yang ditugaskan sekurang-kurangnya 50 % telah menjadi pegawai tetap sejak 1 tahun terakhir. | E25: Tidak | F25: =IF(E25="Ya",100,0) -> 0 | J25: 10. | K25: Auditor yang ditugaskan sekurang-kurangnya 50 % telah menjadi pegawai tetap sejak 1 tahun terakhir. | N25: Tidak | O25: =IF(N25="Ya",100,0) -> 0
A26: 11. | B26: Bukan AP/KAP yang melakukan audit atas laporan keuangan PT BPR XXX (DL) | E26: Tidak | F26: =IF(E26="Ya",100,0) -> 0 | J26: 11. | K26: Bukan AP/KAP yang melakukan audit atas laporan keuangan PT BPR XXX (DL) | N26: Tidak | O26: =IF(N26="Ya",100,0) -> 0
A27: 12. | B27: KAK telah ditandatnagani oleh TL | E27: Tidak | F27: =IF(E27="Ya",100,0) -> 0 | J27: 12. | K27: KAK telah ditandatangani oleh TL | N27: Tidak | O27: =IF(N27="Ya",100,0) -> 0
A28: Kesimpulan : Lulus persyaratan administratif | E28: Total A1 | F28: =AVERAGE(F9:F27) -> 0 | J28: Kesimpulan A1-A4 : Lulus persyaratan administratif | N28: Total A1 | O28: =AVERAGE(O9:O27) -> 0
A30: A. | B30: 2. | C30: PENILAIAN ASPEK ADMINISTRATIF | J30: A. | K30: 2. | L30: PENILAIAN ASPEK ADMINISTRATIF
A31: No. | B31: Item Yang Dinilai | D31: Keterangan | E31: Pemenuhan | F31: Nilai | J31: No. | K31: Item Yang Dinilai | M31: Keterangan | N31: Pemenuhan | O31: Nilai
A32: 1. | B32: Form A ditandatangani oleh Pimpinan atau penanggungjawab dari KAP/Cabang KAP | E32: Tidak | F32: =IF(E32="Ya",100,0) -> 0 | J32: 1. | K32: Form A ditandatangani oleh Pimpinan atau penanggungjawab dari KAP/Cabang KAP | N32: Tidak | O32: =IF(N32="Ya",100,0) -> 0
A33: 2. | B33: Form B dibuat lengkap | E33: Tidak | F33: =IF(E33="Ya",100,0) -> 0 | J33: 2. | K33: Form B dibuat lengkap | N33: Tidak | O33: =IF(N33="Ya",100,0) -> 0
A34: 3. | B34: Form C (biodata personil) ditandatangani oleh personil yang bersangkutan dan oleh KAP | E34: Tidak | F34: =IF(E34="Ya",100,0) -> 0 | J34: 3. | K34: Form C (biodata personil) ditandatangani oleh personil yang bersangkutan dan oleh KAP | N34: Tidak | O34: =IF(N34="Ya",100,0) -> 0
A35: 4. | B35: Form D (usulan prosedur yang disepakati) diisi dengan lengkap | E35: Tidak | F35: =IF(E35="Ya",100,0) -> 0 | J35: 4. | K35: Form D (usulan prosedur yang disepakati) diisi dengan lengkap | N35: Tidak | O35: =IF(N35="Ya",100,0) -> 0
A36: 5. | B36: Form E (rincian biaya) diisi lengkap | E36: Tidak | F36: =IF(E36="Ya",100,0) -> 0 | J36: 5. | K36: Form E (rincian biaya) diisi lengkap | N36: Tidak | O36: =IF(N36="Ya",100,0) -> 0
A37: 6. | B37: Form F (Daftar Pegawai Tetap) diisi dengan lengkap | E37: Tidak | F37: =IF(E37="Ya",100,0) -> 0 | J37: 6. | K37: Form F (Daftar Pegawai Tetap) diisi dengan lengkap | N37: Tidak | O37: =IF(N37="Ya",100,0) -> 0
A38: 7. | B38: KAP/AP independen terhadap objek audit | E38: Tidak | F38: =IF(E38="Ya",100,0) -> 0 | J38: 7. | K38: KAP/AP independen terhadap objek audit | N38: Tidak | O38: =IF(N38="Ya",100,0) -> 0
A39: 8. | B39: KAP dan/atau AP memiliki pengalaman yang dinilai | E39: Tidak | F39: =IF(E39="Ya",100,0) -> 0 | J39: 8. | K39: KAP dan/atau AP memiliki pengalaman yang dinilai | N39: Tidak | O39: =IF(N39="Ya",100,0) -> 0
E40: Total A2 | F40: =AVERAGE(F32:F39) -> 0 | N40: Total A2 | O40: =AVERAGE(O32:O39) -> 0
A42: A. | B42: 3. | C42: HARGA PERKIRAAN SENDIRI (HPS) | J42: A. | K42: 3. | L42: HARGA PERKIRAAN SENDIRI (HPS)
A43: No. | B43: Item Yang Dinilai | D43: Keterangan | E43: Pemenuhan | F43: Nilai | J43: No. | K43: Item Yang Dinilai | M43: Keterangan | N43: Pemenuhan | O43: Nilai
A44: 1. | B44: Billing rate HPS TL mengacu berdasarkan tarif jasa konsultan | D44: Billing rate Inkindo Tahun 2021 | E44: Tidak | F44: =IF(E44="Ya",100,0) -> 0 | J44: 1. | K44: Billing rate HPS TL mengacu berdasarkan tarif jasa konsultan | M44: Billing rate Inkindo Tahun 2021 | N44: Tidak | O44: =IF(N44="Ya",100,0) -> 0
A45: 2. | B45: Penawaran jasa audit di bawah HPS TL | E45: =IF(E96=0,"Tidak",IF(E96<=D96,"Ya","Tidak")) -> Tidak | F45: =IF(E45="Ya",100,0) -> 0 | J45: 2. | K45: Penawaran jasa audit di bawah HPS TL | N45: =IF(N96=0,"Tidak",IF(N96<=M96,"Ya","Tidak")) -> Tidak | O45: =IF(N45="Ya",100,0) -> 0
A46: 3. | B46: Biaya operasional jasa audit selain remunerasi maksimum 25% dari remunerasi | E46: =IF(E96=0,"Tidak",IF(E94<=25%*E93,"Ya","Tidak")) -> Tidak | F46: =IF(E46="Ya",100,0) -> 0 | J46: 3. | K46: Biaya operasional jasa audit selain remunerasi maksimum 25% dari remunerasi | N46: =IF(N96=0,"Tidak",IF(N94<=25%*N93,"Ya","Tidak")) -> Tidak | O46: =IF(N46="Ya",100,0) -> 0
E47: Total A3 | F47: =AVERAGE(F44:F46) -> 0 | N47: Total A3 | O47: =AVERAGE(O44:O46) -> 0
A49: A. | B49: 4. | C49: UMUM | J49: A. | K49: 4. | L49: UMUM
A50: No. | B50: Item Yang Dinilai | D50: Keterangan | E50: Pemenuhan | F50: Nilai | J50: No. | K50: Item Yang Dinilai | M50: Keterangan | N50: Pemenuhan | O50: Nilai
A51: 1. | B51: Apakah Tim Likuidasi telah mengundang sekurang-kurangnya 3 (tiga) Kantor Akuntan Publik? | D51: xx undangan | E51: Tidak | F51: =IF(E51="Ya",100,0) -> 0 | J51: 1. | K51: Apakah Tim Likuidasi telah mengundang sekurang-kurangnya 3 (tiga) Kantor Akuntan Publik? | M51: xx undangan | N51: Tidak | O51: =IF(N51="Ya",100,0) -> 0
A52: 2. | B52: Apakah Tim Likuidasi telah menyusun kerangka acuan kerja dalam rangka pelaksanan audit Neraca Penutupan? | E52: Tidak | F52: =IF(E52="Ya",100,0) -> 0 | J52: 2. | K52: Apakah Tim Likuidasi telah menyusun kerangka acuan kerja dalam rangka pelaksanan audit Neraca Penutupan? | N52: Tidak | O52: =IF(N52="Ya",100,0) -> 0
A53: 3. | B53: Apakah kerangka acuan kerja yang disusun oleh Tim Likuidasi telah berdasarkan pedoman yang ditetapkan LPS? | E53: Tidak | F53: =IF(E53="Ya",100,0) -> 0 | J53: 3. | K53: Apakah kerangka acuan kerja yang disusun oleh Tim Likuidasi telah berdasarkan pedoman yang ditetapkan LPS? | N53: Tidak | O53: =IF(N53="Ya",100,0) -> 0
A54: 4. | B54: Apakah penunjukan Kantor Akuntan Publik dalam rangka melakukan audit Neraca Penutupan dilakukan Tim Likuidasi paling lama 30 hari kalender sejak Neraca Penutupan diterima Tim Likuidasi? | E54: Tidak | F54: =IF(E54="Ya",100,0) -> 0 | J54: 4. | K54: Apakah penunjukan Kantor Akuntan Publik dalam rangka melakukan audit Neraca Penutupan dilakukan Tim Likuidasi paling lama 30 hari kalender sejak Neraca Penutupan diterima Tim Likuidasi? | N54: Tidak | O54: =IF(N54="Ya",100,0) -> 0
A55: 5. | B55: Apakah penugasan dalam audit Neraca Penutupan yang akan disampaikan Tim Likuidasi ke LPS paling lama 120 hari kalender sejak penunjukan Kantor Akuntan Publik? | D55: xx hari | E55: Tidak | F55: =IF(E55="Ya",100,0) -> 0 | J55: 5. | K55: Apakah penugasan dalam audit Neraca Penutupan yang akan disampaikan Tim Likuidasi ke LPS paling lama 120 hari kalender sejak penunjukan Kantor Akuntan Publik? | M55: xx hari | N55: Tidak | O55: =IF(N55="Ya",100,0) -> 0
A56: 6. | B56: Tim Likuidasi telah melakukan negosiasi dengan KAP terkait dengan usulan penunjukan KAP | D56: BA Negosiasi & Klarifikasi terlampir | E56: Tidak | F56: =IF(E56="Ya",100,0) -> 0 | J56: 6. | K56: Tim Likuidasi telah melakukan negosiasi dengan KAP terkait dengan usulan penunjukan KAP | M56: BA Negosiasi & Klarifikasi terlampir | N56: Tidak | O56: =IF(N56="Ya",100,0) -> 0
A57: 7. | B57: Apakah Tim Likuidasi telah melakukan penilaiaan terhadap Kantor Akuntan Publik meliputi aspek Adminisistrasi, Biaya, dan Teknis? | D57: Ya, Kertas Kerja Terlampir | E57: Tidak | F57: =IF(E57="Ya",100,0) -> 0 | J57: 7. | K57: Apakah Tim Likuidasi telah melakukan penilaiaan terhadap Kantor Akuntan Publik meliputi aspek Adminisistrasi, Biaya, dan Teknis? | M57: Ya, Kertas Kerja Terlampir | N57: Tidak | O57: =IF(N57="Ya",100,0) -> 0
E58: Total A4 | F58: =AVERAGE(F51:F57) -> 0 | N58: Total A4 | O58: =AVERAGE(O51:O57) -> 0
E59: Rata-rata A1 - A4 | F59: =(SUM(F9:F27)+SUM(F32:F39)+SUM(F44:F46)+SUM(F51:F57))/36 -> 0 | N59: Rata-rata A1 - A4 | O59: =(SUM(O9:O27)+SUM(O32:O39)+SUM(O44:O46)+SUM(O51:O57))/36 -> 0
A61: B. | B61: 1. | C61: RINCIAN PENILAIAN TEKNIS | J61: B. | K61: 1. | L61: RINCIAN PENILAIAN TEKNIS
A62: No. | B62: Item Yang Dinilai | D62: Bobot | E62: Nilai | F62: Jumlah | J62: No. | K62: Item Yang Dinilai | M62: Bobot | N62: Nilai | O62: Jumlah
A63: 1. | B63: Pengalaman KAP | D63: 0.3 | E63: =H74 -> 0 | F63: =E63*D63 -> 0 | J63: 1. | K63: Pengalaman KAP | M63: 0.3 | N63: =Q74 -> 0 | O63: =N63*M63 -> 0
A64: 2. | B64: Pengalaman AP/Personil | D64: 0.3 | E64: =H82 -> 0 | F64: =E64*D64 -> 0 | J64: 2. | K64: Pengalaman AP/Personil | M64: 0.3 | N64: =Q82 -> 0 | O64: =N64*M64 -> 0
A65: 3. | B65: Metodologi dan usulan prosedur yang disepakati | D65: 0.4 | E65: =F89 -> 0 | F65: =E65*D65 -> 0 | J65: 3. | K65: Metodologi dan usulan prosedur yang disepakati | M65: 0.4 | N65: =O89 -> 0 | O65: =N65*M65 -> 0
B66: T O T A L | F66: =F65+F64+F63 -> 0 | K66: T O T A L | O66: =O65+O64+O63 -> 0
A68: B. | B68: 1.1. | C68: RINCIAN PENGALAMAN KAP (DALAM 5 TAHUN TERAKHIR DAN MAKSIMAL 5 PENGALAMAN) | J68: B. | K68: 1.1. | L68: RINCIAN PENGALAMAN KAP (DALAM 5 TAHUN TERAKHIR DAN MAKSIMAL 5 PENGALAMAN)
A69: No. | B69: Item Yang Dinilai | D69: Tahun Penugasan | E69: Bobot | F69: Pengalaman | G69: Nilai | H69: Jumlah | J69: No. | K69: Item Yang Dinilai | M69: Tahun Penugasan | N69: Bobot | O69: Pengalaman | P69: Nilai | Q69: Jumlah
A70: 1. | B70: Dalam perikatan untuk menerapkan prosedur yang disepakati (Bank Umum/BPR) | E70: 0.4 | F70: 0 | G70: =IF(F70=0,0,IF(F70=1,20,IF(F70=2,40,IF(F70=3,60,IF(F70=4,80,100))))) -> 0 | H70: =G70*E70 -> 0 | J70: 1. | K70: Dalam perikatan untuk menerapkan prosedur yang disepakati (Bank Umum/BPR) | N70: 0.4 | O70: 0 | P70: =IF(O70=0,0,IF(O70=1,20,IF(O70=2,40,IF(O70=3,60,IF(O70=4,80,100))))) -> 0 | Q70: =P70*N70 -> 0
A71: 2. | B71: Dalam perikatan untuk menerapkan prosedur yang disepakati di industri non perbankan. | E71: 0.3 | F71: 0 | G71: =IF(F71=0,0,IF(F71=1,20,IF(F71=2,40,IF(F71=3,60,IF(F71=4,80,100))))) -> 0 | H71: =G71*E71 -> 0 | J71: 2. | K71: Dalam perikatan untuk menerapkan prosedur yang disepakati di industri non perbankan. | N71: 0.3 | O71: 0 | P71: =IF(O71=0,0,IF(O71=1,20,IF(O71=2,40,IF(O71=3,60,IF(O71=4,80,100))))) -> 0 | Q71: =P71*N71 -> 0
A72: 3. | B72: Dalam perikatan audit umum atas laporan keuangan Bank Umum/BPR | E72: 0.2 | F72: 0 | G72: =IF(F72=0,0,IF(F72=1,20,IF(F72=2,40,IF(F72=3,60,IF(F72=4,80,100))))) -> 0 | H72: =G72*E72 -> 0 | J72: 3. | K72: Dalam perikatan audit umum atas laporan keuangan Bank Umum/BPR | N72: 0.2 | O72: 0 | P72: =IF(O72=0,0,IF(O72=1,20,IF(O72=2,40,IF(O72=3,60,IF(O72=4,80,100))))) -> 0 | Q72: =P72*N72 -> 0
A73: 4. | B73: Dalam penugasan lain di industri perbankan (Bank Umum/BPR) | E73: 0.1 | F73: 0 | G73: =IF(F73=0,0,IF(F73=1,20,IF(F73=2,40,IF(F73=3,60,IF(F73=4,80,100))))) -> 0 | H73: =G73*E73 -> 0 | J73: 4. | K73: Dalam penugasan lain di industri perbankan (Bank Umum/BPR) | N73: 0.1 | O73: 0 | P73: =IF(O73=0,0,IF(O73=1,20,IF(O73=2,40,IF(O73=3,60,IF(O73=4,80,100))))) -> 0 | Q73: =P73*N73 -> 0
B74: T O T A L | H74: =SUM(H70:H73) -> 0 | K74: T O T A L | Q74: =SUM(Q70:Q73) -> 0
A76: B. | B76: 1.2. | C76: RINCIAN PENGALAMAN AP/PERSONIL (DALAM 5 TAHUN TERAKHIR DAN MAKSIMAL 5 PENGALAMAN) | J76: B. | K76: 1.2. | L76: RINCIAN PENGALAMAN AP/PERSONIL (DALAM 5 TAHUN TERAKHIR DAN MAKSIMAL 5 PENGALAMAN)
A77: No. | B77: Item Yang Dinilai | D77: Tahun Penugasan | E77: Bobot | F77: Pengalaman | G77: Nilai | H77: Jumlah | J77: No. | K77: Item Yang Dinilai | M77: Tahun Penugasan | N77: Bobot | O77: Pengalaman | P77: Nilai | Q77: Jumlah
A78: 1. | B78: Dalam perikatan untuk menerapkan prosedur yang disepakati (Bank Umum/BPR) | E78: 0.4 | F78: 0 | G78: =IF(F78=0,0,IF(F78=1,20,IF(F78=2,40,IF(F78=3,60,IF(F78=4,80,100))))) -> 0 | H78: =G78*E78 -> 0 | J78: 1. | K78: Dalam perikatan untuk menerapkan prosedur yang disepakati (Bank Umum/BPR) | N78: 0.4 | O78: 0 | P78: =IF(O78=0,0,IF(O78=1,20,IF(O78=2,40,IF(O78=3,60,IF(O78=4,80,100))))) -> 0 | Q78: =P78*N78 -> 0
A79: 2. | B79: Dalam perikatan untuk menerapkan prosedur yang disepakati di industri non perbankan. | E79: 0.3 | F79: 0 | G79: =IF(F79=0,0,IF(F79=1,20,IF(F79=2,40,IF(F79=3,60,IF(F79=4,80,100))))) -> 0 | H79: =G79*E79 -> 0 | J79: 2. | K79: Dalam perikatan untuk menerapkan prosedur yang disepakati di industri non perbankan. | N79: 0.3 | O79: 0 | P79: =IF(O79=0,0,IF(O79=1,20,IF(O79=2,40,IF(O79=3,60,IF(O79=4,80,100))))) -> 0 | Q79: =P79*N79 -> 0
A80: 3. | B80: Dalam perikatan audit umum atas laporan keuangan Bank Umum/BPR | E80: 0.2 | F80: 0 | G80: =IF(F80=0,0,IF(F80=1,20,IF(F80=2,40,IF(F80=3,60,IF(F80=4,80,100))))) -> 0 | H80: =G80*E80 -> 0 | J80: 3. | K80: Dalam perikatan audit umum atas laporan keuangan Bank Umum/BPR | N80: 0.2 | O80: 0 | P80: =IF(O80=0,0,IF(O80=1,20,IF(O80=2,40,IF(O80=3,60,IF(O80=4,80,100))))) -> 0 | Q80: =P80*N80 -> 0
A81: 4. | B81: Dalam penugasan lain di industri perbankan (Bank Umum/BPR) | E81: 0.1 | F81: 0 | G81: =IF(F81=0,0,IF(F81=1,20,IF(F81=2,40,IF(F81=3,60,IF(F81=4,80,100))))) -> 0 | H81: =G81*E81 -> 0 | J81: 4. | K81: Dalam penugasan lain di industri perbankan (Bank Umum/BPR) | N81: 0.1 | O81: 0 | P81: =IF(O81=0,0,IF(O81=1,20,IF(O81=2,40,IF(O81=3,60,IF(O81=4,80,100))))) -> 0 | Q81: =P81*N81 -> 0
B82: T O T A L | H82: =SUM(H78:H81) -> 0 | K82: T O T A L | Q82: =SUM(Q78:Q81) -> 0
A84: B. | B84: 1.3. | C84: METODOLOGI DAN USULAN PROSEDUR | J84: B. | K84: 1.3. | L84: METODOLOGI DAN USULAN PROSEDUR
A85: No. | B85: Item Yang Dinilai | D85: Bobot | E85: Nilai | F85: Jumlah | J85: No. | K85: Item Yang Dinilai | M85: Bobot | N85: Nilai | O85: Jumlah
A86: 1. | B86: Kelengkapan program kerja | D86: 0.2 | E86: 0 | F86: =E86*D86 -> 0 | J86: 1. | K86: Kelengkapan program kerja | M86: 0.2 | N86: 0 | O86: =N86*M86 -> 0
A87: 2. | B87: Kecakupan prosedur | D87: 0.4 | E87: =E134 -> 0 | F87: =E87*D87 -> 0 | J87: 2. | K87: Kecakupan prosedur | M87: 0.4 | N87: =N134 -> 0 | O87: =N87*M87 -> 0
A88: 3. | B88: Relevansi prosedur utama | D88: 0.4 | E88: =F134 -> 0 | F88: =E88*D88 -> 0 | J88: 3. | K88: Relevansi prosedur utama | M88: 0.4 | N88: =O134 -> 0 | O88: =N88*M88 -> 0
B89: T O T A L | F89: =SUM(F86:F88) -> 0 | K89: T O T A L | O89: =SUM(O86:O88) -> 0
A91: C. | B91: RINCIAN PENILAIAN BIAYA | J91: C. | K91: RINCIAN PENILAIAN BIAYA
A92: No. | B92: Item Yang Dinilai | D92: HPS | E92: Penawaran | F92: Selisih | J92: No. | K92: Item Yang Dinilai | M92: HPS | N92: Penawaran | O92: Selisih
A93: 1. | B93: Biaya Remunerasi | D93: =HPS!F30 -> 70057500 | E93: 0 | F93: =D93-E93 -> 70057500 | J93: 1. | K93: Biaya Remunerasi | M93: =HPS!F30 -> 70057500 | N93: 0 | O93: =M93-N93 -> 70057500
A94: 2. | B94: Biaya Operasional | D94: =HPS!F31 -> 17514375 | E94: 0 | F94: =D94-E94 -> 17514375 | J94: 2. | K94: Biaya Operasional | M94: =HPS!F31 -> 17514375 | N94: 0 | O94: =M94-N94 -> 17514375
A95: 3. | B95: PPN | D95: =HPS!F33 -> 8757187.5 | E95: 0 | F95: =D95-E95 -> 8757187.5 | J95: 3. | K95: PPN | M95: =HPS!F33 -> 8757187.5 | N95: 0 | O95: =M95-N95 -> 8757187.5
A96: 4. | B96: Total | D96: =SUM(D93:D95) -> 96329062 | E96: =SUM(E93:E95) -> 0 | F96: =SUM(F93:F95) -> 96329062 | G96: =IF(E96<=D96,50,0) -> 50 | J96: 4. | K96: Total | M96: =SUM(M93:M95) -> 96329062 | N96: =SUM(N93:N95) -> 0 | O96: =SUM(O93:O95) -> 96329062 | P96: =IF(N96<=M96,50,0) -> 50
A98: D. | B98: HASIL PENILAIAN | J98: D. | K98: HASIL PENILAIAN
A99: No. | B99: Item Yang Dinilai | D99: Bobot | E99: Nilai | F99: Jumlah | J99: No. | K99: Item Yang Dinilai | M99: Bobot | N99: Nilai | O99: Jumlah
A100: 1. | B100: Administrasi | D100: 0.3 | E100: =F59 -> 0 | F100: =E100*D100 -> 0 | J100: 1. | K100: Administrasi | M100: 0.3 | N100: =O59 -> 0 | O100: =N100*M100 -> 0
A101: 2. | B101: Teknis | D101: 0.35 | E101: =F66 -> 0 | F101: =E101*D101 -> 0 | J101: 2. | K101: Teknis | M101: 0.35 | N101: =O66 -> 0 | O101: =N101*M101 -> 0
A102: 3. | B102: Biaya | D102: 0.35 | E102: ='Rekap Penilaian KAP'!E58 -> 0 | F102: =E102*D102 -> 0 | J102: 3. | K102: Biaya | M102: 0.35 | N102: ='Rekap Penilaian KAP'!E67 -> 0 | O102: =N102*M102 -> 0
B103: Grand Nilai Total | F103: =SUM(F100:F102) -> 0 | K103: Grand Nilai Total | O103: =SUM(O100:O102) -> 0
A105: KECAKUPAN DAN RELEVANSI USULAN PROSEDUR YANG DISEPAKATI*) | J105: KECAKUPAN DAN RELEVANSI USULAN PROSEDUR YANG DISEPAKATI*)
A106: No. | B106: AKUN | D106: KECAKUPAN | E106: KECAKUPAN | F106: RELEVANSI | J106: No. | K106: AKUN | M106: KECAKUPAN | N106: KECAKUPAN | O106: RELEVANSI
D107: (Ya/Tidak) | E107: (0 atau 4.2) | F107: (0,1.4,2.8,4.2) | M107: (Ya/Tidak) | N107: (0 atau 4.2) | O107: (0,1.4,2.8,4.2)
B108: AKTIVA | K108: AKTIVA
A109: 1 | B109: Kas | D109: Tidak | E109: =IF(D109="Ya",4.2,0) -> 0 | F109: 0 | J109: 1 | K109: Kas | M109: Tidak | N109: =IF(M109="Ya",4.2,0) -> 0 | O109: 0
A110: 2 | B110: SBI | D110: Tidak | E110: =IF(D110="Ya",4.2,0) -> 0 | F110: 0 | J110: 2 | K110: SBI | M110: Tidak | N110: =IF(M110="Ya",4.2,0) -> 0 | O110: 0
A111: 3 | B111: ABA | D111: Tidak | E111: =IF(D111="Ya",4.2,0) -> 0 | F111: 0 | J111: 3 | K111: ABA | M111: Tidak | N111: =IF(M111="Ya",4.2,0) -> 0 | O111: 0
A112: 4 | B112: Surat berharga dan derivatif | D112: Tidak | E112: =IF(D112="Ya",4.2,0) -> 0 | F112: 0 | J112: 4 | K112: Surat berharga dan derivatif | M112: Tidak | N112: =IF(M112="Ya",4.2,0) -> 0 | O112: 0
...

Sheet Aspek Penilaian KAP JKL
A1: PENILAIAN
A2: KAP | B2: :
A3: Peserta Penugasan Audit Neraca Penutupan PT BPR XXX (DL)
A5: PENILAIAN TL | J5: PENILAIAN PIC
A7: A. | B7: 1. | C7: ASPEK ADMINISTRATIF - KELENGKAPAN DOKUMEN | J7: A. | K7: 1. | L7: ASPEK ADMINISTRATIF - KELENGKAPAN DOKUMEN
A8: No. | B8: Item Yang Dinilai | D8: Keterangan | E8: Pemenuhan | F8: Nilai | J8: No. | K8: Item Yang Dinilai | M8: Keterangan | N8: Pemenuhan | O8: Nilai
A9: 1. | B9: Proposal diterima tepat waktu | E9: Tidak | F9: =IF(E9="Ya",100,0) -> 0 | J9: 1. | K9: Proposal diterima tepat waktu | N9: Tidak | O9: =IF(N9="Ya",100,0) -> 0
A10: 2. | B10: Surat Pengantar | E10: Tidak | F10: =IF(E10="Ya",100,0) -> 0 | J10: 2. | K10: Surat Pengantar | N10: Tidak | O10: =IF(N10="Ya",100,0) -> 0
A11: 3. | B11: Surat Pengantar ditanda-tangani oleh Pimpinan KAP/Rekan dengan materai | E11: Tidak | F11: =IF(E11="Ya",100,0) -> 0 | J11: 3. | K11: Surat Pengantar ditanda-tangani oleh Pimpinan KAP/Rekan dengan materai | N11: Tidak | O11: =IF(N11="Ya",100,0) -> 0
A12: 4. | B12: Surat Pengantar memuat pernyataan : | J12: 4. | K12: Surat Pengantar memuat pernyataan :
B13: a. | C13: Tidak memiliki dan tidak pernah memiliki kepentingan dengan PT BPR XXX (DL) dalam 3 tahun terakhir. | E13: Tidak | F13: =IF(E13="Ya",100,0) -> 0 | K13: a. | L13: Tidak memiliki dan tidak pernah memiliki kepentingan dengan PT BPR XXX (DL) dalam 3 tahun terakhir. | N13: Tidak | O13: =IF(N13="Ya",100,0) -> 0
B14: b. | C14: Bersedia untuk tidak ikut proses seleksi lebih lanjut apabila menurut Tim Likuidasi ternyata KAP pernah memiliki kepentingan dalam 3 tahun terakhir. | E14: Tidak | F14: =IF(E14="Ya",100,0) -> 0 | K14: b. | L14: Bersedia untuk tidak ikut proses seleksi lebih lanjut apabila menurut Tim Likuidasi ternyata KAP pernah memiliki kepentingan dalam 3 tahun terakhir. | N14: Tidak | O14: =IF(N14="Ya",100,0) -> 0
B15: c. | C15: KAP dan personil sanggup menjaga kerahasiaan penugasan | E15: Tidak | F15: =IF(E15="Ya",100,0) -> 0 | K15: c. | L15: KAP dan personil sanggup menjaga kerahasiaan penugasan | N15: Tidak | O15: =IF(N15="Ya",100,0) -> 0
B16: d. | C16: Bahwa data dan informasi yang disajikan dalam proposal adalah benar/sah dan KAP sanggup menunjukan dokumen asli ketika diminta. | E16: Tidak | F16: =IF(E16="Ya",100,0) -> 0 | K16: d. | L16: Bahwa data dan informasi yang disajikan dalam proposal adalah benar/sah dan KAP sanggup menunjukan dokumen asli ketika diminta. | N16: Tidak | O16: =IF(N16="Ya",100,0) -> 0
B17: e. | C17: AP dan/atau KAP tidak sedang menjalani sanksi pembekuan izin oleh Departemen Keuangan, IAI atau IAPI | E17: Tidak | F17: =IF(E17="Ya",100,0) -> 0 | K17: e. | L17: AP dan/atau KAP tidak sedang menjalani sanksi pembekuan izin oleh Departemen Keuangan, IAI atau IAPI | N17: Tidak | O17: =IF(N17="Ya",100,0) -> 0
B18: f. | C18: AP dan/atau KAP tidak sedang menjalani proses pemeriksaan oleh Departemen Keuangan, IAI atau IAPI terkait dengan indikasi pelanggaran azas SPAP dan/atau peraturan perundang-undangan yang berlaku. | E18: Tidak | F18: =IF(E18="Ya",100,0) -> 0 | K18: f. | L18: AP dan/atau KAP tidak sedang menjalani proses pemeriksaan oleh Departemen Keuangan, IAI atau IAPI terkait dengan indikasi pelanggaran azas SPAP dan/atau peraturan perundang-undangan yang berlaku. | N18: Tidak | O18: =IF(N18="Ya",100,0) -> 0
B19: g. | C19: Kesanggupan untuk mengikuti seleksi dengan biaya sendiri | E19: Tidak | F19: =IF(E19="Ya",100,0) -> 0 | K19: g. | L19: Kesanggupan untuk mengikuti seleksi dengan biaya sendiri | N19: Tidak | O19: =IF(N19="Ya",100,0) -> 0
A20: 5. | B20: AP memiliki izin AP dari Menteri Keuangan | E20: Tidak | F20: =IF(E20="Ya",100,0) -> 0 | J20: 5. | K20: AP memiliki izin AP dari Menteri Keuangan | N20: Tidak | O20: =IF(N20="Ya",100,0) -> 0
A21: 6. | B21: AP memiliki atau menjadi rekan pada KAP yang memiliki izin dari Menteri Keuangan. | E21: Tidak | F21: =IF(E21="Ya",100,0) -> 0 | J21: 6. | K21: AP memiliki atau menjadi rekan pada KAP yang memiliki izin dari Menteri Keuangan. | N21: Tidak | O21: =IF(N21="Ya",100,0) -> 0
A22: 7. | B22: Merupakan AP yang terdaftar di BI / OJK | E22: Tidak | F22: =IF(E22="Ya",100,0) -> 0 | J22: 7. | K22: Merupakan AP yang terdaftar di BI / OJK | N22: Tidak | O22: =IF(N22="Ya",100,0) -> 0
A23: 8. | B23: Memiliki pengalaman audit di industri perbankan | E23: Tidak | F23: =IF(E23="Ya",100,0) -> 0 | J23: 8. | K23: Memiliki pengalaman audit di industri perbankan | N23: Tidak | O23: =IF(N23="Ya",100,0) -> 0
A24: 9. | B24: Memiliki auditor yang pegawai tetap sekurang-kurangya 6 orang | E24: Tidak | F24: =IF(E24="Ya",100,0) -> 0 | J24: 9. | K24: Memiliki auditor yang pegawai tetap sekurang-kurangya 6 orang | N24: Tidak | O24: =IF(N24="Ya",100,0) -> 0
A25: 10. | B25: Auditor yang ditugaskan sekurang-kurangnya 50 % telah menjadi pegawai tetap sejak 1 tahun terakhir. | E25: Tidak | F25: =IF(E25="Ya",100,0) -> 0 | J25: 10. | K25: Auditor yang ditugaskan sekurang-kurangnya 50 % telah menjadi pegawai tetap sejak 1 tahun terakhir. | N25: Tidak | O25: =IF(N25="Ya",100,0) -> 0
A26: 11. | B26: Bukan AP/KAP yang melakukan audit atas laporan keuangan PT BPR XXX (DL) | E26: Tidak | F26: =IF(E26="Ya",100,0) -> 0 | J26: 11. | K26: Bukan AP/KAP yang melakukan audit atas laporan keuangan PT BPR XXX (DL) | N26: Tidak | O26: =IF(N26="Ya",100,0) -> 0
A27: 12. | B27: KAK telah ditandatnagani oleh TL | E27: Tidak | F27: =IF(E27="Ya",100,0) -> 0 | J27: 12. | K27: KAK telah ditandatangani oleh TL | N27: Tidak | O27: =IF(N27="Ya",100,0) -> 0
A28: Kesimpulan : Lulus persyaratan administratif | E28: Total A1 | F28: =AVERAGE(F9:F27) -> 0 | J28: Kesimpulan A1-A4 : Lulus persyaratan administratif | N28: Total A1 | O28: =AVERAGE(O9:O27) -> 0
A30: A. | B30: 2. | C30: PENILAIAN ASPEK ADMINISTRATIF | J30: A. | K30: 2. | L30: PENILAIAN ASPEK ADMINISTRATIF
A31: No. | B31: Item Yang Dinilai | D31: Keterangan | E31: Pemenuhan | F31: Nilai | J31: No. | K31: Item Yang Dinilai | M31: Keterangan | N31: Pemenuhan | O31: Nilai
A32: 1. | B32: Form A ditandatangani oleh Pimpinan atau penanggungjawab dari KAP/Cabang KAP | E32: Tidak | F32: =IF(E32="Ya",100,0) -> 0 | J32: 1. | K32: Form A ditandatangani oleh Pimpinan atau penanggungjawab dari KAP/Cabang KAP | N32: Tidak | O32: =IF(N32="Ya",100,0) -> 0
A33: 2. | B33: Form B dibuat lengkap | E33: Tidak | F33: =IF(E33="Ya",100,0) -> 0 | J33: 2. | K33: Form B dibuat lengkap | N33: Tidak | O33: =IF(N33="Ya",100,0) -> 0
A34: 3. | B34: Form C (biodata personil) ditandatangani oleh personil yang bersangkutan dan oleh KAP | E34: Tidak | F34: =IF(E34="Ya",100,0) -> 0 | J34: 3. | K34: Form C (biodata personil) ditandatangani oleh personil yang bersangkutan dan oleh KAP | N34: Tidak | O34: =IF(N34="Ya",100,0) -> 0
A35: 4. | B35: Form D (usulan prosedur yang disepakati) diisi dengan lengkap | E35: Tidak | F35: =IF(E35="Ya",100,0) -> 0 | J35: 4. | K35: Form D (usulan prosedur yang disepakati) diisi dengan lengkap | N35: Tidak | O35: =IF(N35="Ya",100,0) -> 0
A36: 5. | B36: Form E (rincian biaya) diisi lengkap | E36: Tidak | F36: =IF(E36="Ya",100,0) -> 0 | J36: 5. | K36: Form E (rincian biaya) diisi lengkap | N36: Tidak | O36: =IF(N36="Ya",100,0) -> 0
A37: 6. | B37: Form F (Daftar Pegawai Tetap) diisi dengan lengkap | E37: Tidak | F37: =IF(E37="Ya",100,0) -> 0 | J37: 6. | K37: Form F (Daftar Pegawai Tetap) diisi dengan lengkap | N37: Tidak | O37: =IF(N37="Ya",100,0) -> 0
A38: 7. | B38: KAP/AP independen terhadap objek audit | E38: Tidak | F38: =IF(E38="Ya",100,0) -> 0 | J38: 7. | K38: KAP/AP independen terhadap objek audit | N38: Tidak | O38: =IF(N38="Ya",100,0) -> 0
A39: 8. | B39: KAP dan/atau AP memiliki pengalaman yang dinilai | E39: Tidak | F39: =IF(E39="Ya",100,0) -> 0 | J39: 8. | K39: KAP dan/atau AP memiliki pengalaman yang dinilai | N39: Tidak | O39: =IF(N39="Ya",100,0) -> 0
E40: Total A2 | F40: =AVERAGE(F32:F39) -> 0 | N40: Total A2 | O40: =AVERAGE(O32:O39) -> 0
A42: A. | B42: 3. | C42: HARGA PERKIRAAN SENDIRI (HPS) | J42: A. | K42: 3. | L42: HARGA PERKIRAAN SENDIRI (HPS)
A43: No. | B43: Item Yang Dinilai | D43: Keterangan | E43: Pemenuhan | F43: Nilai | J43: No. | K43: Item Yang Dinilai | M43: Keterangan | N43: Pemenuhan | O43: Nilai
A44: 1. | B44: Billing rate HPS TL mengacu berdasarkan tarif jasa konsultan | D44: Billing rate Inkindo Tahun 2021 | E44: Tidak | F44: =IF(E44="Ya",100,0) -> 0 | J44: 1. | K44: Billing rate HPS TL mengacu berdasarkan tarif jasa konsultan | M44: Billing rate Inkindo Tahun 2021 | N44: Tidak | O44: =IF(N44="Ya",100,0) -> 0
A45: 2. | B45: Penawaran jasa audit di bawah HPS TL | E45: =IF(E96=0,"Tidak",IF(E96<=D96,"Ya","Tidak")) -> Tidak | F45: =IF(E45="Ya",100,0) -> 0 | J45: 2. | K45: Penawaran jasa audit di bawah HPS TL | N45: =IF(N96=0,"Tidak",IF(N96<=M96,"Ya","Tidak")) -> Tidak | O45: =IF(N45="Ya",100,0) -> 0
A46: 3. | B46: Biaya operasional jasa audit selain remunerasi maksimum 25% dari remunerasi | E46: =IF(E96=0,"Tidak",IF(E94<=25%*E93,"Ya","Tidak")) -> Tidak | F46: =IF(E46="Ya",100,0) -> 0 | J46: 3. | K46: Biaya operasional jasa audit selain remunerasi maksimum 25% dari remunerasi | N46: =IF(N96=0,"Tidak",IF(N94<=25%*N93,"Ya","Tidak")) -> Tidak | O46: =IF(N46="Ya",100,0) -> 0
E47: Total A3 | F47: =AVERAGE(F44:F46) -> 0 | N47: Total A3 | O47: =AVERAGE(O44:O46) -> 0
A49: A. | B49: 4. | C49: UMUM | J49: A. | K49: 4. | L49: UMUM
A50: No. | B50: Item Yang Dinilai | D50: Keterangan | E50: Pemenuhan | F50: Nilai | J50: No. | K50: Item Yang Dinilai | M50: Keterangan | N50: Pemenuhan | O50: Nilai
A51: 1. | B51: Apakah Tim Likuidasi telah mengundang sekurang-kurangnya 3 (tiga) Kantor Akuntan Publik? | D51: xx undangan | E51: Tidak | F51: =IF(E51="Ya",100,0) -> 0 | J51: 1. | K51: Apakah Tim Likuidasi telah mengundang sekurang-kurangnya 3 (tiga) Kantor Akuntan Publik? | M51: xx undangan | N51: Tidak | O51: =IF(N51="Ya",100,0) -> 0
A52: 2. | B52: Apakah Tim Likuidasi telah menyusun kerangka acuan kerja dalam rangka pelaksanan audit Neraca Penutupan? | E52: Tidak | F52: =IF(E52="Ya",100,0) -> 0 | J52: 2. | K52: Apakah Tim Likuidasi telah menyusun kerangka acuan kerja dalam rangka pelaksanan audit Neraca Penutupan? | N52: Tidak | O52: =IF(N52="Ya",100,0) -> 0
A53: 3. | B53: Apakah kerangka acuan kerja yang disusun oleh Tim Likuidasi telah berdasarkan pedoman yang ditetapkan LPS? | E53: Tidak | F53: =IF(E53="Ya",100,0) -> 0 | J53: 3. | K53: Apakah kerangka acuan kerja yang disusun oleh Tim Likuidasi telah berdasarkan pedoman yang ditetapkan LPS? | N53: Tidak | O53: =IF(N53="Ya",100,0) -> 0
A54: 4. | B54: Apakah penunjukan Kantor Akuntan Publik dalam rangka melakukan audit Neraca Penutupan dilakukan Tim Likuidasi paling lama 30 hari kalender sejak Neraca Penutupan diterima Tim Likuidasi? | E54: Tidak | F54: =IF(E54="Ya",100,0) -> 0 | J54: 4. | K54: Apakah penunjukan Kantor Akuntan Publik dalam rangka melakukan audit Neraca Penutupan dilakukan Tim Likuidasi paling lama 30 hari kalender sejak Neraca Penutupan diterima Tim Likuidasi? | N54: Tidak | O54: =IF(N54="Ya",100,0) -> 0
A55: 5. | B55: Apakah penugasan dalam audit Neraca Penutupan yang akan disampaikan Tim Likuidasi ke LPS paling lama 120 hari kalender sejak penunjukan Kantor Akuntan Publik? | D55: xx hari | E55: Tidak | F55: =IF(E55="Ya",100,0) -> 0 | J55: 5. | K55: Apakah penugasan dalam audit Neraca Penutupan yang akan disampaikan Tim Likuidasi ke LPS paling lama 120 hari kalender sejak penunjukan Kantor Akuntan Publik? | M55: xx hari | N55: Tidak | O55: =IF(N55="Ya",100,0) -> 0
A56: 6. | B56: Tim Likuidasi telah melakukan negosiasi dengan KAP terkait dengan usulan penunjukan KAP | D56: BA Negosiasi & Klarifikasi terlampir | E56: Tidak | F56: =IF(E56="Ya",100,0) -> 0 | J56: 6. | K56: Tim Likuidasi telah melakukan negosiasi dengan KAP terkait dengan usulan penunjukan KAP | M56: BA Negosiasi & Klarifikasi terlampir | N56: Tidak | O56: =IF(N56="Ya",100,0) -> 0
A57: 7. | B57: Apakah Tim Likuidasi telah melakukan penilaiaan terhadap Kantor Akuntan Publik meliputi aspek Adminisistrasi, Biaya, dan Teknis? | D57: Ya, Kertas Kerja Terlampir | E57: Tidak | F57: =IF(E57="Ya",100,0) -> 0 | J57: 7. | K57: Apakah Tim Likuidasi telah melakukan penilaiaan terhadap Kantor Akuntan Publik meliputi aspek Adminisistrasi, Biaya, dan Teknis? | M57: Ya, Kertas Kerja Terlampir | N57: Tidak | O57: =IF(N57="Ya",100,0) -> 0
E58: Total A4 | F58: =AVERAGE(F51:F57) -> 0 | N58: Total A4 | O58: =AVERAGE(O51:O57) -> 0
E59: Rata-rata A1 - A4 | F59: =(SUM(F9:F27)+SUM(F32:F39)+SUM(F44:F46)+SUM(F51:F57))/36 -> 0 | N59: Rata-rata A1 - A4 | O59: =(SUM(O9:O27)+SUM(O32:O39)+SUM(O44:O46)+SUM(O51:O57))/36 -> 0
A61: B. | B61: 1. | C61: RINCIAN PENILAIAN TEKNIS | J61: B. | K61: 1. | L61: RINCIAN PENILAIAN TEKNIS
A62: No. | B62: Item Yang Dinilai | D62: Bobot | E62: Nilai | F62: Jumlah | J62: No. | K62: Item Yang Dinilai | M62: Bobot | N62: Nilai | O62: Jumlah
A63: 1. | B63: Pengalaman KAP | D63: 0.3 | E63: =H74 -> 0 | F63: =E63*D63 -> 0 | J63: 1. | K63: Pengalaman KAP | M63: 0.3 | N63: =Q74 -> 0 | O63: =N63*M63 -> 0
A64: 2. | B64: Pengalaman AP/Personil | D64: 0.3 | E64: =H82 -> 0 | F64: =E64*D64 -> 0 | J64: 2. | K64: Pengalaman AP/Personil | M64: 0.3 | N64: =Q82 -> 0 | O64: =N64*M64 -> 0
A65: 3. | B65: Metodologi dan usulan prosedur yang disepakati | D65: 0.4 | E65: =F89 -> 0 | F65: =E65*D65 -> 0 | J65: 3. | K65: Metodologi dan usulan prosedur yang disepakati | M65: 0.4 | N65: =O89 -> 0 | O65: =N65*M65 -> 0
B66: T O T A L | F66: =F65+F64+F63 -> 0 | K66: T O T A L | O66: =O65+O64+O63 -> 0
A68: B. | B68: 1.1. | C68: RINCIAN PENGALAMAN KAP (DALAM 5 TAHUN TERAKHIR DAN MAKSIMAL 5 PENGALAMAN) | J68: B. | K68: 1.1. | L68: RINCIAN PENGALAMAN KAP (DALAM 5 TAHUN TERAKHIR DAN MAKSIMAL 5 PENGALAMAN)
A69: No. | B69: Item Yang Dinilai | D69: Tahun Penugasan | E69: Bobot | F69: Pengalaman | G69: Nilai | H69: Jumlah | J69: No. | K69: Item Yang Dinilai | M69: Tahun Penugasan | N69: Bobot | O69: Pengalaman | P69: Nilai | Q69: Jumlah
A70: 1. | B70: Dalam perikatan untuk menerapkan prosedur yang disepakati (Bank Umum/BPR) | E70: 0.4 | F70: 0 | G70: =IF(F70=0,0,IF(F70=1,20,IF(F70=2,40,IF(F70=3,60,IF(F70=4,80,100))))) -> 0 | H70: =G70*E70 -> 0 | J70: 1. | K70: Dalam perikatan untuk menerapkan prosedur yang disepakati (Bank Umum/BPR) | N70: 0.4 | O70: 0 | P70: =IF(O70=0,0,IF(O70=1,20,IF(O70=2,40,IF(O70=3,60,IF(O70=4,80,100))))) -> 0 | Q70: =P70*N70 -> 0
A71: 2. | B71: Dalam perikatan untuk menerapkan prosedur yang disepakati di industri non perbankan. | E71: 0.3 | F71: 0 | G71: =IF(F71=0,0,IF(F71=1,20,IF(F71=2,40,IF(F71=3,60,IF(F71=4,80,100))))) -> 0 | H71: =G71*E71 -> 0 | J71: 2. | K71: Dalam perikatan untuk menerapkan prosedur yang disepakati di industri non perbankan. | N71: 0.3 | O71: 0 | P71: =IF(O71=0,0,IF(O71=1,20,IF(O71=2,40,IF(O71=3,60,IF(O71=4,80,100))))) -> 0 | Q71: =P71*N71 -> 0
A72: 3. | B72: Dalam perikatan audit umum atas laporan keuangan Bank Umum/BPR | E72: 0.2 | F72: 0 | G72: =IF(F72=0,0,IF(F72=1,20,IF(F72=2,40,IF(F72=3,60,IF(F72=4,80,100))))) -> 0 | H72: =G72*E72 -> 0 | J72: 3. | K72: Dalam perikatan audit umum atas laporan keuangan Bank Umum/BPR | N72: 0.2 | O72: 0 | P72: =IF(O72=0,0,IF(O72=1,20,IF(O72=2,40,IF(O72=3,60,IF(O72=4,80,100))))) -> 0 | Q72: =P72*N72 -> 0
A73: 4. | B73: Dalam penugasan lain di industri perbankan (Bank Umum/BPR) | E73: 0.1 | F73: 0 | G73: =IF(F73=0,0,IF(F73=1,20,IF(F73=2,40,IF(F73=3,60,IF(F73=4,80,100))))) -> 0 | H73: =G73*E73 -> 0 | J73: 4. | K73: Dalam penugasan lain di industri perbankan (Bank Umum/BPR) | N73: 0.1 | O73: 0 | P73: =IF(O73=0,0,IF(O73=1,20,IF(O73=2,40,IF(O73=3,60,IF(O73=4,80,100))))) -> 0 | Q73: =P73*N73 -> 0
B74: T O T A L | H74: =SUM(H70:H73) -> 0 | K74: T O T A L | Q74: =SUM(Q70:Q73) -> 0
A76: B. | B76: 1.2. | C76: RINCIAN PENGALAMAN AP/PERSONIL (DALAM 5 TAHUN TERAKHIR DAN MAKSIMAL 5 PENGALAMAN) | J76: B. | K76: 1.2. | L76: RINCIAN PENGALAMAN AP/PERSONIL (DALAM 5 TAHUN TERAKHIR DAN MAKSIMAL 5 PENGALAMAN)
A77: No. | B77: Item Yang Dinilai | D77: Tahun Penugasan | E77: Bobot | F77: Pengalaman | G77: Nilai | H77: Jumlah | J77: No. | K77: Item Yang Dinilai | M77: Tahun Penugasan | N77: Bobot | O77: Pengalaman | P77: Nilai | Q77: Jumlah
A78: 1. | B78: Dalam perikatan untuk menerapkan prosedur yang disepakati (Bank Umum/BPR) | E78: 0.4 | F78: 0 | G78: =IF(F78=0,0,IF(F78=1,20,IF(F78=2,40,IF(F78=3,60,IF(F78=4,80,100))))) -> 0 | H78: =G78*E78 -> 0 | J78: 1. | K78: Dalam perikatan untuk menerapkan prosedur yang disepakati (Bank Umum/BPR) | N78: 0.4 | O78: 0 | P78: =IF(O78=0,0,IF(O78=1,20,IF(O78=2,40,IF(O78=3,60,IF(O78=4,80,100))))) -> 0 | Q78: =P78*N78 -> 0
A79: 2. | B79: Dalam perikatan untuk menerapkan prosedur yang disepakati di industri non perbankan. | E79: 0.3 | F79: 0 | G79: =IF(F79=0,0,IF(F79=1,20,IF(F79=2,40,IF(F79=3,60,IF(F79=4,80,100))))) -> 0 | H79: =G79*E79 -> 0 | J79: 2. | K79: Dalam perikatan untuk menerapkan prosedur yang disepakati di industri non perbankan. | N79: 0.3 | O79: 0 | P79: =IF(O79=0,0,IF(O79=1,20,IF(O79=2,40,IF(O79=3,60,IF(O79=4,80,100))))) -> 0 | Q79: =P79*N79 -> 0
A80: 3. | B80: Dalam perikatan audit umum atas laporan keuangan Bank Umum/BPR | E80: 0.2 | F80: 0 | G80: =IF(F80=0,0,IF(F80=1,20,IF(F80=2,40,IF(F80=3,60,IF(F80=4,80,100))))) -> 0 | H80: =G80*E80 -> 0 | J80: 3. | K80: Dalam perikatan audit umum atas laporan keuangan Bank Umum/BPR | N80: 0.2 | O80: 0 | P80: =IF(O80=0,0,IF(O80=1,20,IF(O80=2,40,IF(O80=3,60,IF(O80=4,80,100))))) -> 0 | Q80: =P80*N80 -> 0
A81: 4. | B81: Dalam penugasan lain di industri perbankan (Bank Umum/BPR) | E81: 0.1 | F81: 0 | G81: =IF(F81=0,0,IF(F81=1,20,IF(F81=2,40,IF(F81=3,60,IF(F81=4,80,100))))) -> 0 | H81: =G81*E81 -> 0 | J81: 4. | K81: Dalam penugasan lain di industri perbankan (Bank Umum/BPR) | N81: 0.1 | O81: 0 | P81: =IF(O81=0,0,IF(O81=1,20,IF(O81=2,40,IF(O81=3,60,IF(O81=4,80,100))))) -> 0 | Q81: =P81*N81 -> 0
B82: T O T A L | H82: =SUM(H78:H81) -> 0 | K82: T O T A L | Q82: =SUM(Q78:Q81) -> 0
A84: B. | B84: 1.3. | C84: METODOLOGI DAN USULAN PROSEDUR | J84: B. | K84: 1.3. | L84: METODOLOGI DAN USULAN PROSEDUR
A85: No. | B85: Item Yang Dinilai | D85: Bobot | E85: Nilai | F85: Jumlah | J85: No. | K85: Item Yang Dinilai | M85: Bobot | N85: Nilai | O85: Jumlah
A86: 1. | B86: Kelengkapan program kerja | D86: 0.2 | E86: 0 | F86: =E86*D86 -> 0 | J86: 1. | K86: Kelengkapan program kerja | M86: 0.2 | N86: 0 | O86: =N86*M86 -> 0
A87: 2. | B87: Kecakupan prosedur | D87: 0.4 | E87: =E134 -> 0 | F87: =E87*D87 -> 0 | J87: 2. | K87: Kecakupan prosedur | M87: 0.4 | N87: =N134 -> 0 | O87: =N87*M87 -> 0
A88: 3. | B88: Relevansi prosedur utama | D88: 0.4 | E88: =F134 -> 0 | F88: =E88*D88 -> 0 | J88: 3. | K88: Relevansi prosedur utama | M88: 0.4 | N88: =O134 -> 0 | O88: =N88*M88 -> 0
B89: T O T A L | F89: =SUM(F86:F88) -> 0 | K89: T O T A L | O89: =SUM(O86:O88) -> 0
A91: C. | B91: RINCIAN PENILAIAN BIAYA | J91: C. | K91: RINCIAN PENILAIAN BIAYA
A92: No. | B92: Item Yang Dinilai | D92: HPS | E92: Penawaran | F92: Selisih | J92: No. | K92: Item Yang Dinilai | M92: HPS | N92: Penawaran | O92: Selisih
A93: 1. | B93: Biaya Remunerasi | D93: =HPS!F30 -> 70057500 | E93: 0 | F93: =D93-E93 -> 70057500 | J93: 1. | K93: Biaya Remunerasi | M93: =HPS!F30 -> 70057500 | N93: 0 | O93: =M93-N93 -> 70057500
A94: 2. | B94: Biaya Operasional | D94: =HPS!F31 -> 17514375 | E94: 0 | F94: =D94-E94 -> 17514375 | J94: 2. | K94: Biaya Operasional | M94: =HPS!F31 -> 17514375 | N94: 0 | O94: =M94-N94 -> 17514375
A95: 3. | B95: PPN | D95: =HPS!F33 -> 8757187.5 | E95: 0 | F95: =D95-E95 -> 8757187.5 | J95: 3. | K95: PPN | M95: =HPS!F33 -> 8757187.5 | N95: 0 | O95: =M95-N95 -> 8757187.5
A96: 4. | B96: Total | D96: =SUM(D93:D95) -> 96329062 | E96: =SUM(E93:E95) -> 0 | F96: =SUM(F93:F95) -> 96329062 | G96: =IF(E96<=D96,50,0) -> 50 | J96: 4. | K96: Total | M96: =SUM(M93:M95) -> 96329062 | N96: =SUM(N93:N95) -> 0 | O96: =SUM(O93:O95) -> 96329062 | P96: =IF(N96<=M96,50,0) -> 50
A98: D. | B98: HASIL PENILAIAN | J98: D. | K98: HASIL PENILAIAN
A99: No. | B99: Item Yang Dinilai | D99: Bobot | E99: Nilai | F99: Jumlah | J99: No. | K99: Item Yang Dinilai | M99: Bobot | N99: Nilai | O99: Jumlah
A100: 1. | B100: Administrasi | D100: 0.3 | E100: =F59 -> 0 | F100: =E100*D100 -> 0 | J100: 1. | K100: Administrasi | M100: 0.3 | N100: =O59 -> 0 | O100: =N100*M100 -> 0
A101: 2. | B101: Teknis | D101: 0.35 | E101: =F66 -> 0 | F101: =E101*D101 -> 0 | J101: 2. | K101: Teknis | M101: 0.35 | N101: =O66 -> 0 | O101: =N101*M101 -> 0
A102: 3. | B102: Biaya | D102: 0.35 | E102: ='Rekap Penilaian KAP'!E59 -> 0 | F102: =E102*D102 -> 0 | J102: 3. | K102: Biaya | M102: 0.35 | N102: ='Rekap Penilaian KAP'!E68 -> 0 | O102: =N102*M102 -> 0
B103: Grand Nilai Total | F103: =SUM(F100:F102) -> 0 | K103: Grand Nilai Total | O103: =SUM(O100:O102) -> 0
A105: KECAKUPAN DAN RELEVANSI USULAN PROSEDUR YANG DISEPAKATI*) | J105: KECAKUPAN DAN RELEVANSI USULAN PROSEDUR YANG DISEPAKATI*)
A106: No. | B106: AKUN | D106: KECAKUPAN | E106: KECAKUPAN | F106: RELEVANSI | J106: No. | K106: AKUN | M106: KECAKUPAN | N106: KECAKUPAN | O106: RELEVANSI
D107: (Ya/Tidak) | E107: (0 atau 4.2) | F107: (0,1.4,2.8,4.2) | M107: (Ya/Tidak) | N107: (0 atau 4.2) | O107: (0,1.4,2.8,4.2)
B108: AKTIVA | K108: AKTIVA
A109: 1 | B109: Kas | D109: Tidak | E109: =IF(D109="Ya",4.2,0) -> 0 | F109: 0 | J109: 1 | K109: Kas | M109: Tidak | N109: =IF(M109="Ya",4.2,0) -> 0 | O109: 0
A110: 2 | B110: SBI | D110: Tidak | E110: =IF(D110="Ya",4.2,0) -> 0 | F110: 0 | J110: 2 | K110: SBI | M110: Tidak | N110: =IF(M110="Ya",4.2,0) -> 0 | O110: 0
A111: 3 | B111: ABA | D111: Tidak | E111: =IF(D111="Ya",4.2,0) -> 0 | F111: 0 | J111: 3 | K111: ABA | M111: Tidak | N111: =IF(M111="Ya",4.2,0) -> 0 | O111: 0
A112: 4 | B112: Surat berharga dan derivatif | D112: Tidak | E112: =IF(D112="Ya",4.2,0) -> 0 | F112: 0 | J112: 4 | K112: Surat berharga dan derivatif | M112: Tidak | N112: =IF(M112="Ya",4.2,0) -> 0 | O112: 0
...

Sheet Aspek Penilaian KAP MNO
A1: PENILAIAN
A2: KAP | B2: :
A3: Peserta Penugasan Audit Neraca Penutupan PT BPR XXX (DL)
A5: PENILAIAN TL | J5: PENILAIAN PIC
A7: A. | B7: 1. | C7: ASPEK ADMINISTRATIF - KELENGKAPAN DOKUMEN | J7: A. | K7: 1. | L7: ASPEK ADMINISTRATIF - KELENGKAPAN DOKUMEN
A8: No. | B8: Item Yang Dinilai | D8: Keterangan | E8: Pemenuhan | F8: Nilai | J8: No. | K8: Item Yang Dinilai | M8: Keterangan | N8: Pemenuhan | O8: Nilai
A9: 1. | B9: Proposal diterima tepat waktu | E9: Tidak | F9: =IF(E9="Ya",100,0) -> 0 | J9: 1. | K9: Proposal diterima tepat waktu | N9: Tidak | O9: =IF(N9="Ya",100,0) -> 0
A10: 2. | B10: Surat Pengantar | E10: Tidak | F10: =IF(E10="Ya",100,0) -> 0 | J10: 2. | K10: Surat Pengantar | N10: Tidak | O10: =IF(N10="Ya",100,0) -> 0
A11: 3. | B11: Surat Pengantar ditanda-tangani oleh Pimpinan KAP/Rekan dengan materai | E11: Tidak | F11: =IF(E11="Ya",100,0) -> 0 | J11: 3. | K11: Surat Pengantar ditanda-tangani oleh Pimpinan KAP/Rekan dengan materai | N11: Tidak | O11: =IF(N11="Ya",100,0) -> 0
A12: 4. | B12: Surat Pengantar memuat pernyataan : | J12: 4. | K12: Surat Pengantar memuat pernyataan :
B13: a. | C13: Tidak memiliki dan tidak pernah memiliki kepentingan dengan PT BPR XXX (DL) dalam 3 tahun terakhir. | E13: Tidak | F13: =IF(E13="Ya",100,0) -> 0 | K13: a. | L13: Tidak memiliki dan tidak pernah memiliki kepentingan dengan PT BPR XXX (DL) dalam 3 tahun terakhir. | N13: Tidak | O13: =IF(N13="Ya",100,0) -> 0
B14: b. | C14: Bersedia untuk tidak ikut proses seleksi lebih lanjut apabila menurut Tim Likuidasi ternyata KAP pernah memiliki kepentingan dalam 3 tahun terakhir. | E14: Tidak | F14: =IF(E14="Ya",100,0) -> 0 | K14: b. | L14: Bersedia untuk tidak ikut proses seleksi lebih lanjut apabila menurut Tim Likuidasi ternyata KAP pernah memiliki kepentingan dalam 3 tahun terakhir. | N14: Tidak | O14: =IF(N14="Ya",100,0) -> 0
B15: c. | C15: KAP dan personil sanggup menjaga kerahasiaan penugasan | E15: Tidak | F15: =IF(E15="Ya",100,0) -> 0 | K15: c. | L15: KAP dan personil sanggup menjaga kerahasiaan penugasan | N15: Tidak | O15: =IF(N15="Ya",100,0) -> 0
B16: d. | C16: Bahwa data dan informasi yang disajikan dalam proposal adalah benar/sah dan KAP sanggup menunjukan dokumen asli ketika diminta. | E16: Tidak | F16: =IF(E16="Ya",100,0) -> 0 | K16: d. | L16: Bahwa data dan informasi yang disajikan dalam proposal adalah benar/sah dan KAP sanggup menunjukan dokumen asli ketika diminta. | N16: Tidak | O16: =IF(N16="Ya",100,0) -> 0
B17: e. | C17: AP dan/atau KAP tidak sedang menjalani sanksi pembekuan izin oleh Departemen Keuangan, IAI atau IAPI | E17: Tidak | F17: =IF(E17="Ya",100,0) -> 0 | K17: e. | L17: AP dan/atau KAP tidak sedang menjalani sanksi pembekuan izin oleh Departemen Keuangan, IAI atau IAPI | N17: Tidak | O17: =IF(N17="Ya",100,0) -> 0
B18: f. | C18: AP dan/atau KAP tidak sedang menjalani proses pemeriksaan oleh Departemen Keuangan, IAI atau IAPI terkait dengan indikasi pelanggaran azas SPAP dan/atau peraturan perundang-undangan yang berlaku. | E18: Tidak | F18: =IF(E18="Ya",100,0) -> 0 | K18: f. | L18: AP dan/atau KAP tidak sedang menjalani proses pemeriksaan oleh Departemen Keuangan, IAI atau IAPI terkait dengan indikasi pelanggaran azas SPAP dan/atau peraturan perundang-undangan yang berlaku. | N18: Tidak | O18: =IF(N18="Ya",100,0) -> 0
B19: g. | C19: Kesanggupan untuk mengikuti seleksi dengan biaya sendiri | E19: Tidak | F19: =IF(E19="Ya",100,0) -> 0 | K19: g. | L19: Kesanggupan untuk mengikuti seleksi dengan biaya sendiri | N19: Tidak | O19: =IF(N19="Ya",100,0) -> 0
A20: 5. | B20: AP memiliki izin AP dari Menteri Keuangan | E20: Tidak | F20: =IF(E20="Ya",100,0) -> 0 | J20: 5. | K20: AP memiliki izin AP dari Menteri Keuangan | N20: Tidak | O20: =IF(N20="Ya",100,0) -> 0
A21: 6. | B21: AP memiliki atau menjadi rekan pada KAP yang memiliki izin dari Menteri Keuangan. | E21: Tidak | F21: =IF(E21="Ya",100,0) -> 0 | J21: 6. | K21: AP memiliki atau menjadi rekan pada KAP yang memiliki izin dari Menteri Keuangan. | N21: Tidak | O21: =IF(N21="Ya",100,0) -> 0
A22: 7. | B22: Merupakan AP yang terdaftar di BI / OJK | E22: Tidak | F22: =IF(E22="Ya",100,0) -> 0 | J22: 7. | K22: Merupakan AP yang terdaftar di BI / OJK | N22: Tidak | O22: =IF(N22="Ya",100,0) -> 0
A23: 8. | B23: Memiliki pengalaman audit di industri perbankan | E23: Tidak | F23: =IF(E23="Ya",100,0) -> 0 | J23: 8. | K23: Memiliki pengalaman audit di industri perbankan | N23: Tidak | O23: =IF(N23="Ya",100,0) -> 0
A24: 9. | B24: Memiliki auditor yang pegawai tetap sekurang-kurangya 6 orang | E24: Tidak | F24: =IF(E24="Ya",100,0) -> 0 | J24: 9. | K24: Memiliki auditor yang pegawai tetap sekurang-kurangya 6 orang | N24: Tidak | O24: =IF(N24="Ya",100,0) -> 0
A25: 10. | B25: Auditor yang ditugaskan sekurang-kurangnya 50 % telah menjadi pegawai tetap sejak 1 tahun terakhir. | E25: Tidak | F25: =IF(E25="Ya",100,0) -> 0 | J25: 10. | K25: Auditor yang ditugaskan sekurang-kurangnya 50 % telah menjadi pegawai tetap sejak 1 tahun terakhir. | N25: Tidak | O25: =IF(N25="Ya",100,0) -> 0
A26: 11. | B26: Bukan AP/KAP yang melakukan audit atas laporan keuangan PT BPR XXX (DL) | E26: Tidak | F26: =IF(E26="Ya",100,0) -> 0 | J26: 11. | K26: Bukan AP/KAP yang melakukan audit atas laporan keuangan PT BPR XXX (DL) | N26: Tidak | O26: =IF(N26="Ya",100,0) -> 0
A27: 12. | B27: KAK telah ditandatnagani oleh TL | E27: Tidak | F27: =IF(E27="Ya",100,0) -> 0 | J27: 12. | K27: KAK telah ditandatangani oleh TL | N27: Tidak | O27: =IF(N27="Ya",100,0) -> 0
A28: Kesimpulan : Lulus persyaratan administratif | E28: Total A1 | F28: =AVERAGE(F9:F27) -> 0 | J28: Kesimpulan A1-A4 : Lulus persyaratan administratif | N28: Total A1 | O28: =AVERAGE(O9:O27) -> 0
A30: A. | B30: 2. | C30: PENILAIAN ASPEK ADMINISTRATIF | J30: A. | K30: 2. | L30: PENILAIAN ASPEK ADMINISTRATIF
A31: No. | B31: Item Yang Dinilai | D31: Keterangan | E31: Pemenuhan | F31: Nilai | J31: No. | K31: Item Yang Dinilai | M31: Keterangan | N31: Pemenuhan | O31: Nilai
A32: 1. | B32: Form A ditandatangani oleh Pimpinan atau penanggungjawab dari KAP/Cabang KAP | E32: Tidak | F32: =IF(E32="Ya",100,0) -> 0 | J32: 1. | K32: Form A ditandatangani oleh Pimpinan atau penanggungjawab dari KAP/Cabang KAP | N32: Tidak | O32: =IF(N32="Ya",100,0) -> 0
A33: 2. | B33: Form B dibuat lengkap | E33: Tidak | F33: =IF(E33="Ya",100,0) -> 0 | J33: 2. | K33: Form B dibuat lengkap | N33: Tidak | O33: =IF(N33="Ya",100,0) -> 0
A34: 3. | B34: Form C (biodata personil) ditandatangani oleh personil yang bersangkutan dan oleh KAP | E34: Tidak | F34: =IF(E34="Ya",100,0) -> 0 | J34: 3. | K34: Form C (biodata personil) ditandatangani oleh personil yang bersangkutan dan oleh KAP | N34: Tidak | O34: =IF(N34="Ya",100,0) -> 0
A35: 4. | B35: Form D (usulan prosedur yang disepakati) diisi dengan lengkap | E35: Tidak | F35: =IF(E35="Ya",100,0) -> 0 | J35: 4. | K35: Form D (usulan prosedur yang disepakati) diisi dengan lengkap | N35: Tidak | O35: =IF(N35="Ya",100,0) -> 0
A36: 5. | B36: Form E (rincian biaya) diisi lengkap | E36: Tidak | F36: =IF(E36="Ya",100,0) -> 0 | J36: 5. | K36: Form E (rincian biaya) diisi lengkap | N36: Tidak | O36: =IF(N36="Ya",100,0) -> 0
A37: 6. | B37: Form F (Daftar Pegawai Tetap) diisi dengan lengkap | E37: Tidak | F37: =IF(E37="Ya",100,0) -> 0 | J37: 6. | K37: Form F (Daftar Pegawai Tetap) diisi dengan lengkap | N37: Tidak | O37: =IF(N37="Ya",100,0) -> 0
A38: 7. | B38: KAP/AP independen terhadap objek audit | E38: Tidak | F38: =IF(E38="Ya",100,0) -> 0 | J38: 7. | K38: KAP/AP independen terhadap objek audit | N38: Tidak | O38: =IF(N38="Ya",100,0) -> 0
A39: 8. | B39: KAP dan/atau AP memiliki pengalaman yang dinilai | E39: Tidak | F39: =IF(E39="Ya",100,0) -> 0 | J39: 8. | K39: KAP dan/atau AP memiliki pengalaman yang dinilai | N39: Tidak | O39: =IF(N39="Ya",100,0) -> 0
E40: Total A2 | F40: =AVERAGE(F32:F39) -> 0 | N40: Total A2 | O40: =AVERAGE(O32:O39) -> 0
A42: A. | B42: 3. | C42: HARGA PERKIRAAN SENDIRI (HPS) | J42: A. | K42: 3. | L42: HARGA PERKIRAAN SENDIRI (HPS)
A43: No. | B43: Item Yang Dinilai | D43: Keterangan | E43: Pemenuhan | F43: Nilai | J43: No. | K43: Item Yang Dinilai | M43: Keterangan | N43: Pemenuhan | O43: Nilai
A44: 1. | B44: Billing rate HPS TL mengacu berdasarkan tarif jasa konsultan | D44: Billing rate Inkindo Tahun 2021 | E44: Tidak | F44: =IF(E44="Ya",100,0) -> 0 | J44: 1. | K44: Billing rate HPS TL mengacu berdasarkan tarif jasa konsultan | M44: Billing rate Inkindo Tahun 2021 | N44: Tidak | O44: =IF(N44="Ya",100,0) -> 0
A45: 2. | B45: Penawaran jasa audit di bawah HPS TL | E45: =IF(E96=0,"Tidak",IF(E96<=D96,"Ya","Tidak")) -> Tidak | F45: =IF(E45="Ya",100,0) -> 0 | J45: 2. | K45: Penawaran jasa audit di bawah HPS TL | N45: =IF(N96=0,"Tidak",IF(N96<=M96,"Ya","Tidak")) -> Tidak | O45: =IF(N45="Ya",100,0) -> 0
A46: 3. | B46: Biaya operasional jasa audit selain remunerasi maksimum 25% dari remunerasi | E46: =IF(E96=0,"Tidak",IF(E94<=25%*E93,"Ya","Tidak")) -> Tidak | F46: =IF(E46="Ya",100,0) -> 0 | J46: 3. | K46: Biaya operasional jasa audit selain remunerasi maksimum 25% dari remunerasi | N46: =IF(N96=0,"Tidak",IF(N94<=25%*N93,"Ya","Tidak")) -> Tidak | O46: =IF(N46="Ya",100,0) -> 0
E47: Total A3 | F47: =AVERAGE(F44:F46) -> 0 | N47: Total A3 | O47: =AVERAGE(O44:O46) -> 0
A49: A. | B49: 4. | C49: UMUM | J49: A. | K49: 4. | L49: UMUM
A50: No. | B50: Item Yang Dinilai | D50: Keterangan | E50: Pemenuhan | F50: Nilai | J50: No. | K50: Item Yang Dinilai | M50: Keterangan | N50: Pemenuhan | O50: Nilai
A51: 1. | B51: Apakah Tim Likuidasi telah mengundang sekurang-kurangnya 3 (tiga) Kantor Akuntan Publik? | D51: xx undangan | E51: Tidak | F51: =IF(E51="Ya",100,0) -> 0 | J51: 1. | K51: Apakah Tim Likuidasi telah mengundang sekurang-kurangnya 3 (tiga) Kantor Akuntan Publik? | M51: xx undangan | N51: Tidak | O51: =IF(N51="Ya",100,0) -> 0
A52: 2. | B52: Apakah Tim Likuidasi telah menyusun kerangka acuan kerja dalam rangka pelaksanan audit Neraca Penutupan? | E52: Tidak | F52: =IF(E52="Ya",100,0) -> 0 | J52: 2. | K52: Apakah Tim Likuidasi telah menyusun kerangka acuan kerja dalam rangka pelaksanan audit Neraca Penutupan? | N52: Tidak | O52: =IF(N52="Ya",100,0) -> 0
A53: 3. | B53: Apakah kerangka acuan kerja yang disusun oleh Tim Likuidasi telah berdasarkan pedoman yang ditetapkan LPS? | E53: Tidak | F53: =IF(E53="Ya",100,0) -> 0 | J53: 3. | K53: Apakah kerangka acuan kerja yang disusun oleh Tim Likuidasi telah berdasarkan pedoman yang ditetapkan LPS? | N53: Tidak | O53: =IF(N53="Ya",100,0) -> 0
A54: 4. | B54: Apakah penunjukan Kantor Akuntan Publik dalam rangka melakukan audit Neraca Penutupan dilakukan Tim Likuidasi paling lama 30 hari kalender sejak Neraca Penutupan diterima Tim Likuidasi? | E54: Tidak | F54: =IF(E54="Ya",100,0) -> 0 | J54: 4. | K54: Apakah penunjukan Kantor Akuntan Publik dalam rangka melakukan audit Neraca Penutupan dilakukan Tim Likuidasi paling lama 30 hari kalender sejak Neraca Penutupan diterima Tim Likuidasi? | N54: Tidak | O54: =IF(N54="Ya",100,0) -> 0
A55: 5. | B55: Apakah penugasan dalam audit Neraca Penutupan yang akan disampaikan Tim Likuidasi ke LPS paling lama 120 hari kalender sejak penunjukan Kantor Akuntan Publik? | D55: xx hari | E55: Tidak | F55: =IF(E55="Ya",100,0) -> 0 | J55: 5. | K55: Apakah penugasan dalam audit Neraca Penutupan yang akan disampaikan Tim Likuidasi ke LPS paling lama 120 hari kalender sejak penunjukan Kantor Akuntan Publik? | M55: xx hari | N55: Tidak | O55: =IF(N55="Ya",100,0) -> 0
A56: 6. | B56: Tim Likuidasi telah melakukan negosiasi dengan KAP terkait dengan usulan penunjukan KAP | D56: BA Negosiasi & Klarifikasi terlampir | E56: Tidak | F56: =IF(E56="Ya",100,0) -> 0 | J56: 6. | K56: Tim Likuidasi telah melakukan negosiasi dengan KAP terkait dengan usulan penunjukan KAP | M56: BA Negosiasi & Klarifikasi terlampir | N56: Tidak | O56: =IF(N56="Ya",100,0) -> 0
A57: 7. | B57: Apakah Tim Likuidasi telah melakukan penilaiaan terhadap Kantor Akuntan Publik meliputi aspek Adminisistrasi, Biaya, dan Teknis? | D57: Ya, Kertas Kerja Terlampir | E57: Tidak | F57: =IF(E57="Ya",100,0) -> 0 | J57: 7. | K57: Apakah Tim Likuidasi telah melakukan penilaiaan terhadap Kantor Akuntan Publik meliputi aspek Adminisistrasi, Biaya, dan Teknis? | M57: Ya, Kertas Kerja Terlampir | N57: Tidak | O57: =IF(N57="Ya",100,0) -> 0
E58: Total A4 | F58: =AVERAGE(F51:F57) -> 0 | N58: Total A4 | O58: =AVERAGE(O51:O57) -> 0
E59: Rata-rata A1 - A4 | F59: =(SUM(F9:F27)+SUM(F32:F39)+SUM(F44:F46)+SUM(F51:F57))/36 -> 0 | N59: Rata-rata A1 - A4 | O59: =(SUM(O9:O27)+SUM(O32:O39)+SUM(O44:O46)+SUM(O51:O57))/36 -> 0
A61: B. | B61: 1. | C61: RINCIAN PENILAIAN TEKNIS | J61: B. | K61: 1. | L61: RINCIAN PENILAIAN TEKNIS
A62: No. | B62: Item Yang Dinilai | D62: Bobot | E62: Nilai | F62: Jumlah | J62: No. | K62: Item Yang Dinilai | M62: Bobot | N62: Nilai | O62: Jumlah
A63: 1. | B63: Pengalaman KAP | D63: 0.3 | E63: =H74 -> 0 | F63: =E63*D63 -> 0 | J63: 1. | K63: Pengalaman KAP | M63: 0.3 | N63: =Q74 -> 0 | O63: =N63*M63 -> 0
A64: 2. | B64: Pengalaman AP/Personil | D64: 0.3 | E64: =H82 -> 0 | F64: =E64*D64 -> 0 | J64: 2. | K64: Pengalaman AP/Personil | M64: 0.3 | N64: =Q82 -> 0 | O64: =N64*M64 -> 0
A65: 3. | B65: Metodologi dan usulan prosedur yang disepakati | D65: 0.4 | E65: =F89 -> 0 | F65: =E65*D65 -> 0 | J65: 3. | K65: Metodologi dan usulan prosedur yang disepakati | M65: 0.4 | N65: =O89 -> 0 | O65: =N65*M65 -> 0
B66: T O T A L | F66: =F65+F64+F63 -> 0 | K66: T O T A L | O66: =O65+O64+O63 -> 0
A68: B. | B68: 1.1. | C68: RINCIAN PENGALAMAN KAP (DALAM 5 TAHUN TERAKHIR DAN MAKSIMAL 5 PENGALAMAN) | J68: B. | K68: 1.1. | L68: RINCIAN PENGALAMAN KAP (DALAM 5 TAHUN TERAKHIR DAN MAKSIMAL 5 PENGALAMAN)
A69: No. | B69: Item Yang Dinilai | D69: Tahun Penugasan | E69: Bobot | F69: Pengalaman | G69: Nilai | H69: Jumlah | J69: No. | K69: Item Yang Dinilai | M69: Tahun Penugasan | N69: Bobot | O69: Pengalaman | P69: Nilai | Q69: Jumlah
A70: 1. | B70: Dalam perikatan untuk menerapkan prosedur yang disepakati (Bank Umum/BPR) | E70: 0.4 | F70: 0 | G70: =IF(F70=0,0,IF(F70=1,20,IF(F70=2,40,IF(F70=3,60,IF(F70=4,80,100))))) -> 0 | H70: =G70*E70 -> 0 | J70: 1. | K70: Dalam perikatan untuk menerapkan prosedur yang disepakati (Bank Umum/BPR) | N70: 0.4 | O70: 0 | P70: =IF(O70=0,0,IF(O70=1,20,IF(O70=2,40,IF(O70=3,60,IF(O70=4,80,100))))) -> 0 | Q70: =P70*N70 -> 0
A71: 2. | B71: Dalam perikatan untuk menerapkan prosedur yang disepakati di industri non perbankan. | E71: 0.3 | F71: 0 | G71: =IF(F71=0,0,IF(F71=1,20,IF(F71=2,40,IF(F71=3,60,IF(F71=4,80,100))))) -> 0 | H71: =G71*E71 -> 0 | J71: 2. | K71: Dalam perikatan untuk menerapkan prosedur yang disepakati di industri non perbankan. | N71: 0.3 | O71: 0 | P71: =IF(O71=0,0,IF(O71=1,20,IF(O71=2,40,IF(O71=3,60,IF(O71=4,80,100))))) -> 0 | Q71: =P71*N71 -> 0
A72: 3. | B72: Dalam perikatan audit umum atas laporan keuangan Bank Umum/BPR | E72: 0.2 | F72: 0 | G72: =IF(F72=0,0,IF(F72=1,20,IF(F72=2,40,IF(F72=3,60,IF(F72=4,80,100))))) -> 0 | H72: =G72*E72 -> 0 | J72: 3. | K72: Dalam perikatan audit umum atas laporan keuangan Bank Umum/BPR | N72: 0.2 | O72: 0 | P72: =IF(O72=0,0,IF(O72=1,20,IF(O72=2,40,IF(O72=3,60,IF(O72=4,80,100))))) -> 0 | Q72: =P72*N72 -> 0
A73: 4. | B73: Dalam penugasan lain di industri perbankan (Bank Umum/BPR) | E73: 0.1 | F73: 0 | G73: =IF(F73=0,0,IF(F73=1,20,IF(F73=2,40,IF(F73=3,60,IF(F73=4,80,100))))) -> 0 | H73: =G73*E73 -> 0 | J73: 4. | K73: Dalam penugasan lain di industri perbankan (Bank Umum/BPR) | N73: 0.1 | O73: 0 | P73: =IF(O73=0,0,IF(O73=1,20,IF(O73=2,40,IF(O73=3,60,IF(O73=4,80,100))))) -> 0 | Q73: =P73*N73 -> 0
B74: T O T A L | H74: =SUM(H70:H73) -> 0 | K74: T O T A L | Q74: =SUM(Q70:Q73) -> 0
A76: B. | B76: 1.2. | C76: RINCIAN PENGALAMAN AP/PERSONIL (DALAM 5 TAHUN TERAKHIR DAN MAKSIMAL 5 PENGALAMAN) | J76: B. | K76: 1.2. | L76: RINCIAN PENGALAMAN AP/PERSONIL (DALAM 5 TAHUN TERAKHIR DAN MAKSIMAL 5 PENGALAMAN)
A77: No. | B77: Item Yang Dinilai | D77: Tahun Penugasan | E77: Bobot | F77: Pengalaman | G77: Nilai | H77: Jumlah | J77: No. | K77: Item Yang Dinilai | M77: Tahun Penugasan | N77: Bobot | O77: Pengalaman | P77: Nilai | Q77: Jumlah
A78: 1. | B78: Dalam perikatan untuk menerapkan prosedur yang disepakati (Bank Umum/BPR) | E78: 0.4 | F78: 0 | G78: =IF(F78=0,0,IF(F78=1,20,IF(F78=2,40,IF(F78=3,60,IF(F78=4,80,100))))) -> 0 | H78: =G78*E78 -> 0 | J78: 1. | K78: Dalam perikatan untuk menerapkan prosedur yang disepakati (Bank Umum/BPR) | N78: 0.4 | O78: 0 | P78: =IF(O78=0,0,IF(O78=1,20,IF(O78=2,40,IF(O78=3,60,IF(O78=4,80,100))))) -> 0 | Q78: =P78*N78 -> 0
A79: 2. | B79: Dalam perikatan untuk menerapkan prosedur yang disepakati di industri non perbankan. | E79: 0.3 | F79: 0 | G79: =IF(F79=0,0,IF(F79=1,20,IF(F79=2,40,IF(F79=3,60,IF(F79=4,80,100))))) -> 0 | H79: =G79*E79 -> 0 | J79: 2. | K79: Dalam perikatan untuk menerapkan prosedur yang disepakati di industri non perbankan. | N79: 0.3 | O79: 0 | P79: =IF(O79=0,0,IF(O79=1,20,IF(O79=2,40,IF(O79=3,60,IF(O79=4,80,100))))) -> 0 | Q79: =P79*N79 -> 0
A80: 3. | B80: Dalam perikatan audit umum atas laporan keuangan Bank Umum/BPR | E80: 0.2 | F80: 0 | G80: =IF(F80=0,0,IF(F80=1,20,IF(F80=2,40,IF(F80=3,60,IF(F80=4,80,100))))) -> 0 | H80: =G80*E80 -> 0 | J80: 3. | K80: Dalam perikatan audit umum atas laporan keuangan Bank Umum/BPR | N80: 0.2 | O80: 0 | P80: =IF(O80=0,0,IF(O80=1,20,IF(O80=2,40,IF(O80=3,60,IF(O80=4,80,100))))) -> 0 | Q80: =P80*N80 -> 0
A81: 4. | B81: Dalam penugasan lain di industri perbankan (Bank Umum/BPR) | E81: 0.1 | F81: 0 | G81: =IF(F81=0,0,IF(F81=1,20,IF(F81=2,40,IF(F81=3,60,IF(F81=4,80,100))))) -> 0 | H81: =G81*E81 -> 0 | J81: 4. | K81: Dalam penugasan lain di industri perbankan (Bank Umum/BPR) | N81: 0.1 | O81: 0 | P81: =IF(O81=0,0,IF(O81=1,20,IF(O81=2,40,IF(O81=3,60,IF(O81=4,80,100))))) -> 0 | Q81: =P81*N81 -> 0
B82: T O T A L | H82: =SUM(H78:H81) -> 0 | K82: T O T A L | Q82: =SUM(Q78:Q81) -> 0
A84: B. | B84: 1.3. | C84: METODOLOGI DAN USULAN PROSEDUR | J84: B. | K84: 1.3. | L84: METODOLOGI DAN USULAN PROSEDUR
A85: No. | B85: Item Yang Dinilai | D85: Bobot | E85: Nilai | F85: Jumlah | J85: No. | K85: Item Yang Dinilai | M85: Bobot | N85: Nilai | O85: Jumlah
A86: 1. | B86: Kelengkapan program kerja | D86: 0.2 | E86: 0 | F86: =E86*D86 -> 0 | J86: 1. | K86: Kelengkapan program kerja | M86: 0.2 | N86: 0 | O86: =N86*M86 -> 0
A87: 2. | B87: Kecakupan prosedur | D87: 0.4 | E87: =E134 -> 0 | F87: =E87*D87 -> 0 | J87: 2. | K87: Kecakupan prosedur | M87: 0.4 | N87: =N134 -> 0 | O87: =N87*M87 -> 0
A88: 3. | B88: Relevansi prosedur utama | D88: 0.4 | E88: =F134 -> 0 | F88: =E88*D88 -> 0 | J88: 3. | K88: Relevansi prosedur utama | M88: 0.4 | N88: =O134 -> 0 | O88: =N88*M88 -> 0
B89: T O T A L | F89: =SUM(F86:F88) -> 0 | K89: T O T A L | O89: =SUM(O86:O88) -> 0
A91: C. | B91: RINCIAN PENILAIAN BIAYA | J91: C. | K91: RINCIAN PENILAIAN BIAYA
A92: No. | B92: Item Yang Dinilai | D92: HPS | E92: Penawaran | F92: Selisih | J92: No. | K92: Item Yang Dinilai | M92: HPS | N92: Penawaran | O92: Selisih
A93: 1. | B93: Biaya Remunerasi | D93: =HPS!F30 -> 70057500 | E93: 0 | F93: =D93-E93 -> 70057500 | J93: 1. | K93: Biaya Remunerasi | M93: =HPS!F30 -> 70057500 | N93: 0 | O93: =M93-N93 -> 70057500
A94: 2. | B94: Biaya Operasional | D94: =HPS!F31 -> 17514375 | E94: 0 | F94: =D94-E94 -> 17514375 | J94: 2. | K94: Biaya Operasional | M94: =HPS!F31 -> 17514375 | N94: 0 | O94: =M94-N94 -> 17514375
A95: 3. | B95: PPN | D95: =HPS!F33 -> 8757187.5 | E95: 0 | F95: =D95-E95 -> 8757187.5 | J95: 3. | K95: PPN | M95: =HPS!F33 -> 8757187.5 | N95: 0 | O95: =M95-N95 -> 8757187.5
A96: 4. | B96: Total | D96: =SUM(D93:D95) -> 96329062 | E96: =SUM(E93:E95) -> 0 | F96: =SUM(F93:F95) -> 96329062 | G96: =IF(E96<=D96,50,0) -> 50 | J96: 4. | K96: Total | M96: =SUM(M93:M95) -> 96329062 | N96: =SUM(N93:N95) -> 0 | O96: =SUM(O93:O95) -> 96329062 | P96: =IF(N96<=M96,50,0) -> 50
A98: D. | B98: HASIL PENILAIAN | J98: D. | K98: HASIL PENILAIAN
A99: No. | B99: Item Yang Dinilai | D99: Bobot | E99: Nilai | F99: Jumlah | J99: No. | K99: Item Yang Dinilai | M99: Bobot | N99: Nilai | O99: Jumlah
A100: 1. | B100: Administrasi | D100: 0.3 | E100: =F59 -> 0 | F100: =E100*D100 -> 0 | J100: 1. | K100: Administrasi | M100: 0.3 | N100: =O59 -> 0 | O100: =N100*M100 -> 0
A101: 2. | B101: Teknis | D101: 0.35 | E101: =F66 -> 0 | F101: =E101*D101 -> 0 | J101: 2. | K101: Teknis | M101: 0.35 | N101: =O66 -> 0 | O101: =N101*M101 -> 0
A102: 3. | B102: Biaya | D102: 0.35 | E102: ='Rekap Penilaian KAP'!E60 -> 0 | F102: =E102*D102 -> 0 | J102: 3. | K102: Biaya | M102: 0.35 | N102: ='Rekap Penilaian KAP'!E69 -> 0 | O102: =N102*M102 -> 0
B103: Grand Nilai Total | F103: =SUM(F100:F102) -> 0 | K103: Grand Nilai Total | O103: =SUM(O100:O102) -> 0
A105: KECAKUPAN DAN RELEVANSI USULAN PROSEDUR YANG DISEPAKATI*) | J105: KECAKUPAN DAN RELEVANSI USULAN PROSEDUR YANG DISEPAKATI*)
A106: No. | B106: AKUN | D106: KECAKUPAN | E106: KECAKUPAN | F106: RELEVANSI | J106: No. | K106: AKUN | M106: KECAKUPAN | N106: KECAKUPAN | O106: RELEVANSI
D107: (Ya/Tidak) | E107: (0 atau 4.2) | F107: (0,1.4,2.8,4.2) | M107: (Ya/Tidak) | N107: (0 atau 4.2) | O107: (0,1.4,2.8,4.2)
B108: AKTIVA | K108: AKTIVA
A109: 1 | B109: Kas | D109: Tidak | E109: =IF(D109="Ya",4.2,0) -> 0 | F109: 0 | J109: 1 | K109: Kas | M109: Tidak | N109: =IF(M109="Ya",4.2,0) -> 0 | O109: 0
A110: 2 | B110: SBI | D110: Tidak | E110: =IF(D110="Ya",4.2,0) -> 0 | F110: 0 | J110: 2 | K110: SBI | M110: Tidak | N110: =IF(M110="Ya",4.2,0) -> 0 | O110: 0
A111: 3 | B111: ABA | D111: Tidak | E111: =IF(D111="Ya",4.2,0) -> 0 | F111: 0 | J111: 3 | K111: ABA | M111: Tidak | N111: =IF(M111="Ya",4.2,0) -> 0 | O111: 0
A112: 4 | B112: Surat berharga dan derivatif | D112: Tidak | E112: =IF(D112="Ya",4.2,0) -> 0 | F112: 0 | J112: 4 | K112: Surat berharga dan derivatif | M112: Tidak | N112: =IF(M112="Ya",4.2,0) -> 0 | O112: 0
...

Sheet Neraca
D1: Koperasi BPR Abang Pasar (DL)
D2: Neraca Penutupan
D3: Per Tanggal 11 Februari 2021
A4: No | B4: Pos Neraca | D4: Saldo (Rp) | E4: Saldo Valas (Rp) | F4: Jumlah (Rp) | H4: Q | I4: Estimasi Waktu Pengerjaan (hari)
A5: 1 | B5: Kas | D5: 2391800 | F5: =D5+E5 -> 2391800 | G5: Jumlah kantor yang mengelola kas? | H5: 1 | I5: =IF(F5=0,0,H5) -> 1 | K5: Keterangan:
A6: 2 | B6: SBI | D6: 0 | F6: =D6+E6 -> 0 | L6: diisi dengan informasi BDL
A7: 3 | B7: ABA | D7: 110456216 | F7: =D7+E7 -> 110456216 | G7: Jumlah rekening penempatan di bank lain? | H7: 3 | I7: =IF(D2="Neraca Penutupan",IF(F7=0,0,IF(H7/H5<4,H5,H5+((H7-(H5*4))/4))),IF(F7=0,0,IF(H7/H5<8,H5,H5+((H7-(H5*8))/8)))) -> 1
A8: 4 | B8: Surat berharga dan derivatif | D8: 0 | F8: =D8+E8 -> 0 | I8: =IF(F8=0,0,1) -> 0
A9: 5 | B9: Kredit yang Diberikan | D9: 0 | F9: =D9+E9 -> 0 | G9: Jumlah debitur? (Termasuk hapus buku) | H9: 120 | I9: =IF(D2="Neraca Penutupan",IF(H9<7200,H9/10,IF(AND(7200<H9,H9<14400),(H9/10)*70%,(H9/10)*35%)),IF(H9<7200,H9/20,IF(AND(7200<H9,H9<14400),(H9/20)*70%,(H9/20)*35%))) -> 12
A10: 6 | B10: PPAP | D10: 0 | F10: =D10+E10 -> 0 | I10: =IF(F10=0,0,1) -> 0
A11: 7 | B11: Aktiva dalam valas | D11: 0 | F11: =D11+E11 -> 0 | I11: =IF(F11=0,0,1) -> 0
A12: 8 | B12: Aset Tetap dan Inventaris | D12: 149962100 | F12: =D12+E12 -> 149962100 | G12: Jumlah kantor pusat, KC, dan KCP | H12: 1 | I12: =IF(D2="Neraca Penutupan",IF(F12=0,0,H12*3),IF(F12=0,0,H12*2)) -> 3
A13: 9 | B13: Akumulasi Penyusutan Aset Tetap dan Inventaris -/- | D13: -145249473 | F13: =D13+E13 -> -145249473
A14: 10 | B14: Antar kantor aktiva | D14: 0 | F14: =D14+E14 -> 0 | I14: =IF(F14=0,0,1) -> 0
A15: 11 | B15: Rupa-Rupa Aset | D15: 0 | F15: =D15+E15 -> 0 | I15: =IF(F15=0,0,H15) -> 0
B16: JUMLAH ASET | D16: =SUM(D5:D15) -> 117560643 | E16: =SUM(E5:E15) -> 0 | F16: =SUM(F5:F15) -> 117560643 | I16: =SUM(I5:I15) -> 17
A19: No | B19: Pos Kewajiban & Modal | D19: Saldo (Rp) | E19: Saldo Valas (Rp) | F19: Jumlah (Rp) | H19: Q | I19: Estimasi Waktu Pengerjaan (hari)
A20: 12 | B20: Kewajiban segera | D20: 507050173 | F20: =D20+E20 -> 507050173 | I20: =IF(F20=0,0,1) -> 1
A21: 13 | B21: Tabungan | D21: 201484392 | F21: =D21+E21 -> 201484392
A22: 14 | B22: Deposito | D22: 100000000 | F22: =D22+E22 -> 100000000
A23: 15 | B23: Bank Indonesia | F23: =D23+E23 -> 0 | I23: =IF(F23=0,0,1) -> 0
A24: 16 | B24: Antar Bank Pasiva | F24: =D24+E24 -> 0 | I24: =IF(F24=0,0,1) -> 0
A25: 17 | B25: Pinjaman yang diterima | F25: =D25+E25 -> 0 | I25: =IF(F25=0,0,1) -> 0
A26: 18 | B26: Antar kantor pasiva | F26: =D26+E26 -> 0 | I26: =IF(F26=0,0,1) -> 0
A27: 19 | B27: Rupa-rupa pasiva | D27: 1042422 | F27: =D27+E27 -> 1042422 | I27: =IF(F27=0,0,1) -> 1
A28: 20 | B28: Modal | D28: 4821160700 | F28: =D28+E28 -> 4821160700 | I28: =IF(F28=0,0,1) -> 1
A29: 21 | B29: Cadangan | D29: 42188307 | F29: =D29+E29 -> 42188307
A30: 22 | B30: Laba/rugi tahun lalu | D30: -5152444602 | F30: =D30+E30 -> -5152444602
A31: 23 | B31: Laba/rugi tahun berjalan | D31: -402920749 | F31: =D31+E31 -> -402920749
A32: 24 | B32: Selisih kenaikan/penurunan atas revaluasi aset | F32: =D32+E32 -> 0
B33: JUMLAH KEWAJIBAN DAN MODAL | D33: =SUM(D20:D32) -> 117560643 | E33: =SUM(E20:E32) -> 0 | F33: =SUM(F20:F32) -> 117560643 | I33: =SUM(I20:I32) -> 3
B34: GRAND TOTAL (ESTIMASI HARI PENGERJAAN) | I34: =I16+I33 -> 20

Sheet HPS
B1: PERHITUNGAN HARGA PERKIRAAN SENDIRI (HPS)
B2: U R A I A N | E2: Hari | F2: Level I | G2: Level II | H2: Level III
J3: Catatan:
C4: Jumlah Orang | F4: =ROUND(IF(G4/5<1,1,G4/5),0) -> 1 | G4: =ROUND(IF(H4/5<1,1,H4/5),0) -> 1 | H4: =ROUND(IF(Neraca!D2="Neraca Penutupan",IF(Neraca!I34<48,1,IF(OR(Neraca!I9>96,Neraca!I10>96),Neraca!I34/72,Neraca!I34/48)),IF(Neraca!I34<24,1,IF(OR(Neraca!I9>48,Neraca!I10>48),Neraca!I34/48,Neraca!I34/24))),0) -> 1 | J4: 1. | K4: Rate saat ini menggunakan inkindo 2021 dengan rincian:
C5: Billing Rate SBOB - Inkindo 2020 | F5: 35850000 | G5: 21950000 | H5: 13950000 | K5: a. | L5: level I: Ahli Utama (S1) dengan 5 tahun pengalaman (tabel 2-21)
C6: Billing Rate SBOH : (SBOB/22)*1,1 | F6: =(F5/22)*1.1 -> 1792500 | G6: =(G5/22)*1.1 -> 1097500 | H6: =(H5/22)*1.1 -> 697500 | K6: b. | L6: level II: tenaga ahli tanpa SKK/SKA dengan 3 tahun pengalaman (tabel 3-21)
K7: c. | L7: level III: Sub profesional staff (tabel 4-21)
C8: DALAM % | J8: 2. | K8: 90 hari kalender = 72 hari kerja
C9: Perencanaan | E9: =ROUND(10%*$E$12,0) -> 6 | F9: 0.45 | G9: 0.3 | H9: 0.1 | J9: 3. | K9: 60 hari kalender = 48 hari kerja
C10: Lapangan | E10: =ROUND(70%*$E$12,0) -> 42 | F10: 0.1 | G10: 0.4 | H10: 0.75
C11: Pelaporan | E11: =ROUND(20%*$E$12,0) -> 12 | F11: 0.45 | G11: 0.3 | H11: 0.15
D12: Jumlah | E12: =IF(Neraca!D2="Neraca Penutupan",IF(OR(Neraca!I9>96,Neraca!I10>96),90,60),IF(OR(Neraca!I9>48,Neraca!I10>48),60,30)) -> 60 | F12: =F11+F10+F9 -> 1 | G12: =G11+G10+G9 -> 1 | H12: =H11+H10+H9 -> 1
C14: DALAM HARI / ORANG
C15: Perencanaan | F15: =1*F9*E9 -> 2.7 | G15: =1*G9*E9 -> 1.8 | H15: =1*H9*E9 -> 0.6
C16: Lapangan | F16: =1*F10*E10 -> 4.2 | G16: =1*G10*E10 -> 16.8 | H16: =1*H10*E10 -> 31.5
C17: Pelaporan | F17: =1*F11*E11 -> 5.4 | G17: =1*G11*E11 -> 3.6 | H17: =1*H11*E11 -> 1.8
C19: MAN DAYS / SEMUA ORANG
C20: Perencanaan | F20: =$F$4*F9*E9 -> 2.7 | G20: =$G$4*G9*E9 -> 1.8 | H20: =$H$4*H9*E9 -> 0.6
C21: Lapangan | F21: =$F$4*F10*E10 -> 4.2 | G21: =$G$4*G10*E10 -> 16.8 | H21: =$H$4*H10*E10 -> 31.5
C22: Pelaporan | F22: =$F$4*F11*E11 -> 5.4 | G22: =$G$4*G11*E11 -> 3.6 | H22: =$H$4*H11*E11 -> 1.8
C24: TOTAL REMUNERASI
C25: Perencanaan | F25: =F20*$F$6 -> 4839750 | G25: =G20*$G$6 -> 1975500 | H25: =H20*$H$6 -> 418500
C26: Lapangan | F26: =F21*$F$6 -> 7528500 | G26: =G21*$G$6 -> 18438000 | H26: =H21*$H$6 -> 21971250
C27: Pelaporan | F27: =F22*$F$6 -> 9679500 | G27: =G22*$G$6 -> 3951000 | H27: =H22*$H$6 -> 1255500
D28: Jumlah | F28: =SUM(F25:F27) -> 22047750 | G28: =SUM(G25:G27) -> 24364500 | H28: =SUM(H25:H27) -> 23645250
B30: TOTAL REMUNERASI | F30: =F28+G28+H28 -> 70057500
B31: BIAYA OPERASIONAL | E31: 0.25 | F31: =F30*E31 -> 17514375
B32: TOTAL FEE AUDIT | F32: =F31+F30 -> 87571875
B33: PPN | E33: 0.1 | F33: =F32*E33 -> 8757187.5
B34: GRAND TOTAL | F34: =F33+F32 -> 96329062
B35: PEMBULATAN | F35: =ROUND(F34,-3) -> 96329000
B37: Gowa, 23 Februari 2021
B38: Tim Likuidasi Koperasi BPR Abang Pasar (DL)
B40: Ketua Tim Likuidasi | F40: Anggota Tim Likuidasi
B46: Supriyadi | F46: Indo Manni
