Workbook

Sheet 1. Perhitungan Pesangon
A2: KERTAS KERJA
A3: ANALISA PEMBERIAN PESANGON PEGAWAI
A4: =UPPER($C$7) -> PT BPRS HAREUKAT (DL)
A5: Perhitungan Pesangon
A7: Nama BDL | C7: PT BPRS Hareukat (DL)
A8: Tanggal Cabut Izin Usaha | C8: 43749
H10: Rincian Take Home Pay | N10: Perhitungan Pesangon
A11: No. | B11: Nama | C11: Jabatan | D11: Status Pegawai | E11: Tanggal Mulai Kerja | F11: Tanggal PHK | G11: Masa Kerja (tahun) | H11: Gaji Pokok | I11: Tunj. 1 | J11: Tunj. 2 | K11: Tunj. 3 | L11: Tunj. 4 | M11: THP | N11: Multiplier Pesangon | O11: Multiplier Jenis PHK* | P11: Gross Pesangon | Q11: Kewajiban Pegawai | R11: Nett Pesangon | S11: Sisa Kewajiban
A12: 1 | B12: Pegawai 1 | C12: Kabag Operasional | D12: Pegawai Tetap (PKWTT) | E12: 38863 | F12: 43822 | G12: =DATEDIF(E12,F12,"Y") -> 13 | H12: =IF(ISNUMBER(INDEX(Historis_Gaji[Angka yang Digunakan],MATCH(Data_Pegawai[[#This Row],[Nama]],Historis_Gaji[Nama],0))),INDEX(Historis_Gaji[Angka yang Digunakan],MATCH(Data_Pegawai[[#This Row],[Nama]],Historis_Gaji[Nama],0)),0) -> 2500000 | I12: =IF(ISNUMBER(INDEX(Historis_Tunj1[Angka yang Digunakan],MATCH(Data_Pegawai[[#This Row],[Nama]],Historis_Tunj1[Nama],0))),INDEX(Historis_Tunj1[Angka yang Digunakan],MATCH(Data_Pegawai[[#This Row],[Nama]],Historis_Tunj1[Nama],0)),0) -> 500000 | J12: =IF(ISNUMBER(INDEX(Historis_Tunj2[Angka yang Digunakan],MATCH(Data_Pegawai[[#This Row],[Nama]],Historis_Tunj2[Nama],0))),INDEX(Historis_Tunj2[Angka yang Digunakan],MATCH(Data_Pegawai[[#This Row],[Nama]],Historis_Tunj2[Nama],0)),0) -> 0 | K12: =IF(ISNUMBER(INDEX(Historis_Tunj3[Angka yang Digunakan],MATCH(Data_Pegawai[[#This Row],[Nama]],Historis_Tunj3[Nama],0))),INDEX(Historis_Tunj3[Angka yang Digunakan],MATCH(Data_Pegawai[[#This Row],[Nama]],Historis_Tunj3[Nama],0)),0) -> 0 | L12: =IF(ISNUMBER(INDEX(Historis_Tunj4[Angka yang Digunakan],MATCH(Data_Pegawai[[#This Row],[Nama]],Historis_Tunj4[Nama],0))),INDEX(Historis_Tunj4[Angka yang Digunakan],MATCH(Data_Pegawai[[#This Row],[Nama]],Historis_Tunj4[Nama],0)),0) -> 50000 | M12: =SUM(H12:L12) -> 3050000 | N12: =MIN(Data_Pegawai[[#This Row],[Masa Kerja (tahun)]]+1,9) -> 9 | O12: 0.5 | P12: =IF(Data_Pegawai[[#This Row],[Status Pegawai]]="Pegawai Tetap (PKWTT)",Data_Pegawai[[#This Row],[Multiplier Pesangon]]*Data_Pegawai[[#This Row],[THP]]*Data_Pegawai[[#This Row],[Multiplier Jenis PHK*]],0) -> 13725000 | Q12: =IF(ISNUMBER(INDEX(Data_Kewajiban[Sisa Kewajiban sebelum Pesangon],MATCH(Data_Pegawai[[#This Row],[Nama]],Data_Kewajiban[Nama],0))),INDEX(Data_Kewajiban[Sisa Kewajiban sebelum Pesangon],MATCH(Data_Pegawai[[#This Row],[Nama]],Data_Kewajiban[Nama],0)),0) -> 0 | R12: =IF(Data_Pegawai[[#This Row],[Gross Pesangon]]>Data_Pegawai[[#This Row],[Kewajiban Pegawai]],Data_Pegawai[[#This Row],[Gross Pesangon]]-Data_Pegawai[[#This Row],[Kewajiban Pegawai]],0) -> 13725000 | S12: =IF(Data_Pegawai[[#This Row],[Kewajiban Pegawai]]>Data_Pegawai[[#This Row],[Gross Pesangon]],Data_Pegawai[[#This Row],[Kewajiban Pegawai]]-Data_Pegawai[[#This Row],[Gross Pesangon]],0) -> 0
A13: 2 | B13: Pegawai 2 | C13: Kabag Pembiayaan | D13: Pegawai Tetap (PKWTT) | E13: 38863 | F13: 43822 | G13: =DATEDIF(E13,F13,"Y") -> 13 | H13: =IF(ISNUMBER(INDEX(Historis_Gaji[Angka yang Digunakan],MATCH(Data_Pegawai[[#This Row],[Nama]],Historis_Gaji[Nama],0))),INDEX(Historis_Gaji[Angka yang Digunakan],MATCH(Data_Pegawai[[#This Row],[Nama]],Historis_Gaji[Nama],0)),0) -> 2500000 | I13: =IF(ISNUMBER(INDEX(Historis_Tunj1[Angka yang Digunakan],MATCH(Data_Pegawai[[#This Row],[Nama]],Historis_Tunj1[Nama],0))),INDEX(Historis_Tunj1[Angka yang Digunakan],MATCH(Data_Pegawai[[#This Row],[Nama]],Historis_Tunj1[Nama],0)),0) -> 500000 | J13: =IF(ISNUMBER(INDEX(Historis_Tunj2[Angka yang Digunakan],MATCH(Data_Pegawai[[#This Row],[Nama]],Historis_Tunj2[Nama],0))),INDEX(Historis_Tunj2[Angka yang Digunakan],MATCH(Data_Pegawai[[#This Row],[Nama]],Historis_Tunj2[Nama],0)),0) -> 300000 | K13: =IF(ISNUMBER(INDEX(Historis_Tunj3[Angka yang Digunakan],MATCH(Data_Pegawai[[#This Row],[Nama]],Historis_Tunj3[Nama],0))),INDEX(Historis_Tunj3[Angka yang Digunakan],MATCH(Data_Pegawai[[#This Row],[Nama]],Historis_Tunj3[Nama],0)),0) -> 0 | L13: =IF(ISNUMBER(INDEX(Historis_Tunj4[Angka yang Digunakan],MATCH(Data_Pegawai[[#This Row],[Nama]],Historis_Tunj4[Nama],0))),INDEX(Historis_Tunj4[Angka yang Digunakan],MATCH(Data_Pegawai[[#This Row],[Nama]],Historis_Tunj4[Nama],0)),0) -> 50000 | M13: =SUM(H13:L13) -> 3350000 | N13: =MIN(Data_Pegawai[[#This Row],[Masa Kerja (tahun)]]+1,9) -> 9 | O13: 0.5 | P13: =IF(Data_Pegawai[[#This Row],[Status Pegawai]]="Pegawai Tetap (PKWTT)",Data_Pegawai[[#This Row],[Multiplier Pesangon]]*Data_Pegawai[[#This Row],[THP]]*Data_Pegawai[[#This Row],[Multiplier Jenis PHK*]],0) -> 15075000 | Q13: =IF(ISNUMBER(INDEX(Data_Kewajiban[Sisa Kewajiban sebelum Pesangon],MATCH(Data_Pegawai[[#This Row],[Nama]],Data_Kewajiban[Nama],0))),INDEX(Data_Kewajiban[Sisa Kewajiban sebelum Pesangon],MATCH(Data_Pegawai[[#This Row],[Nama]],Data_Kewajiban[Nama],0)),0) -> 83034225 | R13: =IF(Data_Pegawai[[#This Row],[Gross Pesangon]]>Data_Pegawai[[#This Row],[Kewajiban Pegawai]],Data_Pegawai[[#This Row],[Gross Pesangon]]-Data_Pegawai[[#This Row],[Kewajiban Pegawai]],0) -> 0 | S13: =IF(Data_Pegawai[[#This Row],[Kewajiban Pegawai]]>Data_Pegawai[[#This Row],[Gross Pesangon]],Data_Pegawai[[#This Row],[Kewajiban Pegawai]]-Data_Pegawai[[#This Row],[Gross Pesangon]],0) -> 67959225
A14: 3 | B14: Pegawai 3 | C14: A/O Loan | D14: Pegawai Tetap (PKWTT) | E14: 38863 | F14: 43794 | G14: =DATEDIF(E14,F14,"Y") -> 13 | H14: =IF(ISNUMBER(INDEX(Historis_Gaji[Angka yang Digunakan],MATCH(Data_Pegawai[[#This Row],[Nama]],Historis_Gaji[Nama],0))),INDEX(Historis_Gaji[Angka yang Digunakan],MATCH(Data_Pegawai[[#This Row],[Nama]],Historis_Gaji[Nama],0)),0) -> 2500000 | I14: =IF(ISNUMBER(INDEX(Historis_Tunj1[Angka yang Digunakan],MATCH(Data_Pegawai[[#This Row],[Nama]],Historis_Tunj1[Nama],0))),INDEX(Historis_Tunj1[Angka yang Digunakan],MATCH(Data_Pegawai[[#This Row],[Nama]],Historis_Tunj1[Nama],0)),0) -> 0 | J14: =IF(ISNUMBER(INDEX(Historis_Tunj2[Angka yang Digunakan],MATCH(Data_Pegawai[[#This Row],[Nama]],Historis_Tunj2[Nama],0))),INDEX(Historis_Tunj2[Angka yang Digunakan],MATCH(Data_Pegawai[[#This Row],[Nama]],Historis_Tunj2[Nama],0)),0) -> 600000 | K14: =IF(ISNUMBER(INDEX(Historis_Tunj3[Angka yang Digunakan],MATCH(Data_Pegawai[[#This Row],[Nama]],Historis_Tunj3[Nama],0))),INDEX(Historis_Tunj3[Angka yang Digunakan],MATCH(Data_Pegawai[[#This Row],[Nama]],Historis_Tunj3[Nama],0)),0) -> 0 | L14: =IF(ISNUMBER(INDEX(Historis_Tunj4[Angka yang Digunakan],MATCH(Data_Pegawai[[#This Row],[Nama]],Historis_Tunj4[Nama],0))),INDEX(Historis_Tunj4[Angka yang Digunakan],MATCH(Data_Pegawai[[#This Row],[Nama]],Historis_Tunj4[Nama],0)),0) -> 0 | M14: =SUM(H14:L14) -> 3100000 | N14: =MIN(Data_Pegawai[[#This Row],[Masa Kerja (tahun)]]+1,9) -> 9 | O14: 0.5 | P14: =IF(Data_Pegawai[[#This Row],[Status Pegawai]]="Pegawai Tetap (PKWTT)",Data_Pegawai[[#This Row],[Multiplier Pesangon]]*Data_Pegawai[[#This Row],[THP]]*Data_Pegawai[[#This Row],[Multiplier Jenis PHK*]],0) -> 13950000 | Q14: =IF(ISNUMBER(INDEX(Data_Kewajiban[Sisa Kewajiban sebelum Pesangon],MATCH(Data_Pegawai[[#This Row],[Nama]],Data_Kewajiban[Nama],0))),INDEX(Data_Kewajiban[Sisa Kewajiban sebelum Pesangon],MATCH(Data_Pegawai[[#This Row],[Nama]],Data_Kewajiban[Nama],0)),0) -> 126768140 | R14: =IF(Data_Pegawai[[#This Row],[Gross Pesangon]]>Data_Pegawai[[#This Row],[Kewajiban Pegawai]],Data_Pegawai[[#This Row],[Gross Pesangon]]-Data_Pegawai[[#This Row],[Kewajiban Pegawai]],0) -> 0 | S14: =IF(Data_Pegawai[[#This Row],[Kewajiban Pegawai]]>Data_Pegawai[[#This Row],[Gross Pesangon]],Data_Pegawai[[#This Row],[Kewajiban Pegawai]]-Data_Pegawai[[#This Row],[Gross Pesangon]],0) -> 112818140
A15: 4 | B15: Pegawai 4 | C15: Funding | D15: Pegawai Tetap (PKWTT) | E15: 38863 | F15: 43794 | G15: =DATEDIF(E15,F15,"Y") -> 13 | H15: =IF(ISNUMBER(INDEX(Historis_Gaji[Angka yang Digunakan],MATCH(Data_Pegawai[[#This Row],[Nama]],Historis_Gaji[Nama],0))),INDEX(Historis_Gaji[Angka yang Digunakan],MATCH(Data_Pegawai[[#This Row],[Nama]],Historis_Gaji[Nama],0)),0) -> 2000000 | I15: =IF(ISNUMBER(INDEX(Historis_Tunj1[Angka yang Digunakan],MATCH(Data_Pegawai[[#This Row],[Nama]],Historis_Tunj1[Nama],0))),INDEX(Historis_Tunj1[Angka yang Digunakan],MATCH(Data_Pegawai[[#This Row],[Nama]],Historis_Tunj1[Nama],0)),0) -> 0 | J15: =IF(ISNUMBER(INDEX(Historis_Tunj2[Angka yang Digunakan],MATCH(Data_Pegawai[[#This Row],[Nama]],Historis_Tunj2[Nama],0))),INDEX(Historis_Tunj2[Angka yang Digunakan],MATCH(Data_Pegawai[[#This Row],[Nama]],Historis_Tunj2[Nama],0)),0) -> 300000 | K15: =IF(ISNUMBER(INDEX(Historis_Tunj3[Angka yang Digunakan],MATCH(Data_Pegawai[[#This Row],[Nama]],Historis_Tunj3[Nama],0))),INDEX(Historis_Tunj3[Angka yang Digunakan],MATCH(Data_Pegawai[[#This Row],[Nama]],Historis_Tunj3[Nama],0)),0) -> 0 | L15: =IF(ISNUMBER(INDEX(Historis_Tunj4[Angka yang Digunakan],MATCH(Data_Pegawai[[#This Row],[Nama]],Historis_Tunj4[Nama],0))),INDEX(Historis_Tunj4[Angka yang Digunakan],MATCH(Data_Pegawai[[#This Row],[Nama]],Historis_Tunj4[Nama],0)),0) -> 50000 | M15: =SUM(H15:L15) -> 2350000 | N15: =MIN(Data_Pegawai[[#This Row],[Masa Kerja (tahun)]]+1,9) -> 9 | O15: 0.5 | P15: =IF(Data_Pegawai[[#This Row],[Status Pegawai]]="Pegawai Tetap (PKWTT)",Data_Pegawai[[#This Row],[Multiplier Pesangon]]*Data_Pegawai[[#This Row],[THP]]*Data_Pegawai[[#This Row],[Multiplier Jenis PHK*]],0) -> 10575000 | Q15: =IF(ISNUMBER(INDEX(Data_Kewajiban[Sisa Kewajiban sebelum Pesangon],MATCH(Data_Pegawai[[#This Row],[Nama]],Data_Kewajiban[Nama],0))),INDEX(Data_Kewajiban[Sisa Kewajiban sebelum Pesangon],MATCH(Data_Pegawai[[#This Row],[Nama]],Data_Kewajiban[Nama],0)),0) -> 104214476 | R15: =IF(Data_Pegawai[[#This Row],[Gross Pesangon]]>Data_Pegawai[[#This Row],[Kewajiban Pegawai]],Data_Pegawai[[#This Row],[Gross Pesangon]]-Data_Pegawai[[#This Row],[Kewajiban Pegawai]],0) -> 0 | S15: =IF(Data_Pegawai[[#This Row],[Kewajiban Pegawai]]>Data_Pegawai[[#This Row],[Gross Pesangon]],Data_Pegawai[[#This Row],[Kewajiban Pegawai]]-Data_Pegawai[[#This Row],[Gross Pesangon]],0) -> 93639476
A16: 5 | B16: Pegawai 5 | C16: A/O Loan | D16: Pegawai Tetap (PKWTT) | E16: 39265 | F16: 43822 | G16: =DATEDIF(E16,F16,"Y") -> 12 | H16: =IF(ISNUMBER(INDEX(Historis_Gaji[Angka yang Digunakan],MATCH(Data_Pegawai[[#This Row],[Nama]],Historis_Gaji[Nama],0))),INDEX(Historis_Gaji[Angka yang Digunakan],MATCH(Data_Pegawai[[#This Row],[Nama]],Historis_Gaji[Nama],0)),0) -> 1900000 | I16: =IF(ISNUMBER(INDEX(Historis_Tunj1[Angka yang Digunakan],MATCH(Data_Pegawai[[#This Row],[Nama]],Historis_Tunj1[Nama],0))),INDEX(Historis_Tunj1[Angka yang Digunakan],MATCH(Data_Pegawai[[#This Row],[Nama]],Historis_Tunj1[Nama],0)),0) -> 0 | J16: =IF(ISNUMBER(INDEX(Historis_Tunj2[Angka yang Digunakan],MATCH(Data_Pegawai[[#This Row],[Nama]],Historis_Tunj2[Nama],0))),INDEX(Historis_Tunj2[Angka yang Digunakan],MATCH(Data_Pegawai[[#This Row],[Nama]],Historis_Tunj2[Nama],0)),0) -> 600000 | K16: =IF(ISNUMBER(INDEX(Historis_Tunj3[Angka yang Digunakan],MATCH(Data_Pegawai[[#This Row],[Nama]],Historis_Tunj3[Nama],0))),INDEX(Historis_Tunj3[Angka yang Digunakan],MATCH(Data_Pegawai[[#This Row],[Nama]],Historis_Tunj3[Nama],0)),0) -> 0 | L16: =IF(ISNUMBER(INDEX(Historis_Tunj4[Angka yang Digunakan],MATCH(Data_Pegawai[[#This Row],[Nama]],Historis_Tunj4[Nama],0))),INDEX(Historis_Tunj4[Angka yang Digunakan],MATCH(Data_Pegawai[[#This Row],[Nama]],Historis_Tunj4[Nama],0)),0) -> 0 | M16: =SUM(H16:L16) -> 2500000 | N16: =MIN(Data_Pegawai[[#This Row],[Masa Kerja (tahun)]]+1,9) -> 9 | O16: 0.5 | P16: =IF(Data_Pegawai[[#This Row],[Status Pegawai]]="Pegawai Tetap (PKWTT)",Data_Pegawai[[#This Row],[Multiplier Pesangon]]*Data_Pegawai[[#This Row],[THP]]*Data_Pegawai[[#This Row],[Multiplier Jenis PHK*]],0) -> 11250000 | Q16: =IF(ISNUMBER(INDEX(Data_Kewajiban[Sisa Kewajiban sebelum Pesangon],MATCH(Data_Pegawai[[#This Row],[Nama]],Data_Kewajiban[Nama],0))),INDEX(Data_Kewajiban[Sisa Kewajiban sebelum Pesangon],MATCH(Data_Pegawai[[#This Row],[Nama]],Data_Kewajiban[Nama],0)),0) -> 75737508 | R16: =IF(Data_Pegawai[[#This Row],[Gross Pesangon]]>Data_Pegawai[[#This Row],[Kewajiban Pegawai]],Data_Pegawai[[#This Row],[Gross Pesangon]]-Data_Pegawai[[#This Row],[Kewajiban Pegawai]],0) -> 0 | S16: =IF(Data_Pegawai[[#This Row],[Kewajiban Pegawai]]>Data_Pegawai[[#This Row],[Gross Pesangon]],Data_Pegawai[[#This Row],[Kewajiban Pegawai]]-Data_Pegawai[[#This Row],[Gross Pesangon]],0) -> 64487508
A17: 6 | B17: Pegawai 6 | C17: ADM Pelaporan | D17: Pegawai Tetap (PKWTT) | E17: 40063 | F17: 43794 | G17: =DATEDIF(E17,F17,"Y") -> 10 | H17: =IF(ISNUMBER(INDEX(Historis_Gaji[Angka yang Digunakan],MATCH(Data_Pegawai[[#This Row],[Nama]],Historis_Gaji[Nama],0))),INDEX(Historis_Gaji[Angka yang Digunakan],MATCH(Data_Pegawai[[#This Row],[Nama]],Historis_Gaji[Nama],0)),0) -> 1900000 | I17: =IF(ISNUMBER(INDEX(Historis_Tunj1[Angka yang Digunakan],MATCH(Data_Pegawai[[#This Row],[Nama]],Historis_Tunj1[Nama],0))),INDEX(Historis_Tunj1[Angka yang Digunakan],MATCH(Data_Pegawai[[#This Row],[Nama]],Historis_Tunj1[Nama],0)),0) -> 0 | J17: =IF(ISNUMBER(INDEX(Historis_Tunj2[Angka yang Digunakan],MATCH(Data_Pegawai[[#This Row],[Nama]],Historis_Tunj2[Nama],0))),INDEX(Historis_Tunj2[Angka yang Digunakan],MATCH(Data_Pegawai[[#This Row],[Nama]],Historis_Tunj2[Nama],0)),0) -> 400000 | K17: =IF(ISNUMBER(INDEX(Historis_Tunj3[Angka yang Digunakan],MATCH(Data_Pegawai[[#This Row],[Nama]],Historis_Tunj3[Nama],0))),INDEX(Historis_Tunj3[Angka yang Digunakan],MATCH(Data_Pegawai[[#This Row],[Nama]],Historis_Tunj3[Nama],0)),0) -> 0 | L17: =IF(ISNUMBER(INDEX(Historis_Tunj4[Angka yang Digunakan],MATCH(Data_Pegawai[[#This Row],[Nama]],Historis_Tunj4[Nama],0))),INDEX(Historis_Tunj4[Angka yang Digunakan],MATCH(Data_Pegawai[[#This Row],[Nama]],Historis_Tunj4[Nama],0)),0) -> 0 | M17: =SUM(H17:L17) -> 2300000 | N17: =MIN(Data_Pegawai[[#This Row],[Masa Kerja (tahun)]]+1,9) -> 9 | O17: 0.5 | P17: =IF(Data_Pegawai[[#This Row],[Status Pegawai]]="Pegawai Tetap (PKWTT)",Data_Pegawai[[#This Row],[Multiplier Pesangon]]*Data_Pegawai[[#This Row],[THP]]*Data_Pegawai[[#This Row],[Multiplier Jenis PHK*]],0) -> 10350000 | Q17: =IF(ISNUMBER(INDEX(Data_Kewajiban[Sisa Kewajiban sebelum Pesangon],MATCH(Data_Pegawai[[#This Row],[Nama]],Data_Kewajiban[Nama],0))),INDEX(Data_Kewajiban[Sisa Kewajiban sebelum Pesangon],MATCH(Data_Pegawai[[#This Row],[Nama]],Data_Kewajiban[Nama],0)),0) -> 92863954 | R17: =IF(Data_Pegawai[[#This Row],[Gross Pesangon]]>Data_Pegawai[[#This Row],[Kewajiban Pegawai]],Data_Pegawai[[#This Row],[Gross Pesangon]]-Data_Pegawai[[#This Row],[Kewajiban Pegawai]],0) -> 0 | S17: =IF(Data_Pegawai[[#This Row],[Kewajiban Pegawai]]>Data_Pegawai[[#This Row],[Gross Pesangon]],Data_Pegawai[[#This Row],[Kewajiban Pegawai]]-Data_Pegawai[[#This Row],[Gross Pesangon]],0) -> 82513954
A18: 7 | B18: Pegawai 7 | C18: Funding | D18: Pegawai Tetap (PKWTT) | E18: 40063 | F18: 43794 | G18: =DATEDIF(E18,F18,"Y") -> 10 | H18: =IF(ISNUMBER(INDEX(Historis_Gaji[Angka yang Digunakan],MATCH(Data_Pegawai[[#This Row],[Nama]],Historis_Gaji[Nama],0))),INDEX(Historis_Gaji[Angka yang Digunakan],MATCH(Data_Pegawai[[#This Row],[Nama]],Historis_Gaji[Nama],0)),0) -> 1900000 | I18: =IF(ISNUMBER(INDEX(Historis_Tunj1[Angka yang Digunakan],MATCH(Data_Pegawai[[#This Row],[Nama]],Historis_Tunj1[Nama],0))),INDEX(Historis_Tunj1[Angka yang Digunakan],MATCH(Data_Pegawai[[#This Row],[Nama]],Historis_Tunj1[Nama],0)),0) -> 0 | J18: =IF(ISNUMBER(INDEX(Historis_Tunj2[Angka yang Digunakan],MATCH(Data_Pegawai[[#This Row],[Nama]],Historis_Tunj2[Nama],0))),INDEX(Historis_Tunj2[Angka yang Digunakan],MATCH(Data_Pegawai[[#This Row],[Nama]],Historis_Tunj2[Nama],0)),0) -> 300000 | K18: =IF(ISNUMBER(INDEX(Historis_Tunj3[Angka yang Digunakan],MATCH(Data_Pegawai[[#This Row],[Nama]],Historis_Tunj3[Nama],0))),INDEX(Historis_Tunj3[Angka yang Digunakan],MATCH(Data_Pegawai[[#This Row],[Nama]],Historis_Tunj3[Nama],0)),0) -> 0 | L18: =IF(ISNUMBER(INDEX(Historis_Tunj4[Angka yang Digunakan],MATCH(Data_Pegawai[[#This Row],[Nama]],Historis_Tunj4[Nama],0))),INDEX(Historis_Tunj4[Angka yang Digunakan],MATCH(Data_Pegawai[[#This Row],[Nama]],Historis_Tunj4[Nama],0)),0) -> 50000 | M18: =SUM(H18:L18) -> 2250000 | N18: =MIN(Data_Pegawai[[#This Row],[Masa Kerja (tahun)]]+1,9) -> 9 | O18: 0.5 | P18: =IF(Data_Pegawai[[#This Row],[Status Pegawai]]="Pegawai Tetap (PKWTT)",Data_Pegawai[[#This Row],[Multiplier Pesangon]]*Data_Pegawai[[#This Row],[THP]]*Data_Pegawai[[#This Row],[Multiplier Jenis PHK*]],0) -> 10125000 | Q18: =IF(ISNUMBER(INDEX(Data_Kewajiban[Sisa Kewajiban sebelum Pesangon],MATCH(Data_Pegawai[[#This Row],[Nama]],Data_Kewajiban[Nama],0))),INDEX(Data_Kewajiban[Sisa Kewajiban sebelum Pesangon],MATCH(Data_Pegawai[[#This Row],[Nama]],Data_Kewajiban[Nama],0)),0) -> 119953232 | R18: =IF(Data_Pegawai[[#This Row],[Gross Pesangon]]>Data_Pegawai[[#This Row],[Kewajiban Pegawai]],Data_Pegawai[[#This Row],[Gross Pesangon]]-Data_Pegawai[[#This Row],[Kewajiban Pegawai]],0) -> 0 | S18: =IF(Data_Pegawai[[#This Row],[Kewajiban Pegawai]]>Data_Pegawai[[#This Row],[Gross Pesangon]],Data_Pegawai[[#This Row],[Kewajiban Pegawai]]-Data_Pegawai[[#This Row],[Gross Pesangon]],0) -> 109828232
A19: 8 | B19: Pegawai 8 | C19: ADM Pembiayaan | D19: Pegawai Tetap (PKWTT) | E19: 40266 | F19: 43822 | G19: =DATEDIF(E19,F19,"Y") -> 9 | H19: =IF(ISNUMBER(INDEX(Historis_Gaji[Angka yang Digunakan],MATCH(Data_Pegawai[[#This Row],[Nama]],Historis_Gaji[Nama],0))),INDEX(Historis_Gaji[Angka yang Digunakan],MATCH(Data_Pegawai[[#This Row],[Nama]],Historis_Gaji[Nama],0)),0) -> 1750000 | I19: =IF(ISNUMBER(INDEX(Historis_Tunj1[Angka yang Digunakan],MATCH(Data_Pegawai[[#This Row],[Nama]],Historis_Tunj1[Nama],0))),INDEX(Historis_Tunj1[Angka yang Digunakan],MATCH(Data_Pegawai[[#This Row],[Nama]],Historis_Tunj1[Nama],0)),0) -> 0 | J19: =IF(ISNUMBER(INDEX(Historis_Tunj2[Angka yang Digunakan],MATCH(Data_Pegawai[[#This Row],[Nama]],Historis_Tunj2[Nama],0))),INDEX(Historis_Tunj2[Angka yang Digunakan],MATCH(Data_Pegawai[[#This Row],[Nama]],Historis_Tunj2[Nama],0)),0) -> 400000 | K19: =IF(ISNUMBER(INDEX(Historis_Tunj3[Angka yang Digunakan],MATCH(Data_Pegawai[[#This Row],[Nama]],Historis_Tunj3[Nama],0))),INDEX(Historis_Tunj3[Angka yang Digunakan],MATCH(Data_Pegawai[[#This Row],[Nama]],Historis_Tunj3[Nama],0)),0) -> 0 | L19: =IF(ISNUMBER(INDEX(Historis_Tunj4[Angka yang Digunakan],MATCH(Data_Pegawai[[#This Row],[Nama]],Historis_Tunj4[Nama],0))),INDEX(Historis_Tunj4[Angka yang Digunakan],MATCH(Data_Pegawai[[#This Row],[Nama]],Historis_Tunj4[Nama],0)),0) -> 0 | M19: =SUM(H19:L19) -> 2150000 | N19: =MIN(Data_Pegawai[[#This Row],[Masa Kerja (tahun)]]+1,9) -> 9 | O19: 0.5 | P19: =IF(Data_Pegawai[[#This Row],[Status Pegawai]]="Pegawai Tetap (PKWTT)",Data_Pegawai[[#This Row],[Multiplier Pesangon]]*Data_Pegawai[[#This Row],[THP]]*Data_Pegawai[[#This Row],[Multiplier Jenis PHK*]],0) -> 9675000 | Q19: =IF(ISNUMBER(INDEX(Data_Kewajiban[Sisa Kewajiban sebelum Pesangon],MATCH(Data_Pegawai[[#This Row],[Nama]],Data_Kewajiban[Nama],0))),INDEX(Data_Kewajiban[Sisa Kewajiban sebelum Pesangon],MATCH(Data_Pegawai[[#This Row],[Nama]],Data_Kewajiban[Nama],0)),0) -> 40672634 | R19: =IF(Data_Pegawai[[#This Row],[Gross Pesangon]]>Data_Pegawai[[#This Row],[Kewajiban Pegawai]],Data_Pegawai[[#This Row],[Gross Pesangon]]-Data_Pegawai[[#This Row],[Kewajiban Pegawai]],0) -> 0 | S19: =IF(Data_Pegawai[[#This Row],[Kewajiban Pegawai]]>Data_Pegawai[[#This Row],[Gross Pesangon]],Data_Pegawai[[#This Row],[Kewajiban Pegawai]]-Data_Pegawai[[#This Row],[Gross Pesangon]],0) -> 30997634
A20: 9 | B20: Pegawai 9 | C20: Teller | D20: Pegawai Tetap (PKWTT) | E20: 41456 | F20: 43794 | G20: =DATEDIF(E20,F20,"Y") -> 6 | H20: =IF(ISNUMBER(INDEX(Historis_Gaji[Angka yang Digunakan],MATCH(Data_Pegawai[[#This Row],[Nama]],Historis_Gaji[Nama],0))),INDEX(Historis_Gaji[Angka yang Digunakan],MATCH(Data_Pegawai[[#This Row],[Nama]],Historis_Gaji[Nama],0)),0) -> 1200000 | I20: =IF(ISNUMBER(INDEX(Historis_Tunj1[Angka yang Digunakan],MATCH(Data_Pegawai[[#This Row],[Nama]],Historis_Tunj1[Nama],0))),INDEX(Historis_Tunj1[Angka yang Digunakan],MATCH(Data_Pegawai[[#This Row],[Nama]],Historis_Tunj1[Nama],0)),0) -> 250000 | J20: =IF(ISNUMBER(INDEX(Historis_Tunj2[Angka yang Digunakan],MATCH(Data_Pegawai[[#This Row],[Nama]],Historis_Tunj2[Nama],0))),INDEX(Historis_Tunj2[Angka yang Digunakan],MATCH(Data_Pegawai[[#This Row],[Nama]],Historis_Tunj2[Nama],0)),0) -> 100000 | K20: =IF(ISNUMBER(INDEX(Historis_Tunj3[Angka yang Digunakan],MATCH(Data_Pegawai[[#This Row],[Nama]],Historis_Tunj3[Nama],0))),INDEX(Historis_Tunj3[Angka yang Digunakan],MATCH(Data_Pegawai[[#This Row],[Nama]],Historis_Tunj3[Nama],0)),0) -> 0 | L20: =IF(ISNUMBER(INDEX(Historis_Tunj4[Angka yang Digunakan],MATCH(Data_Pegawai[[#This Row],[Nama]],Historis_Tunj4[Nama],0))),INDEX(Historis_Tunj4[Angka yang Digunakan],MATCH(Data_Pegawai[[#This Row],[Nama]],Historis_Tunj4[Nama],0)),0) -> 50000 | M20: =SUM(H20:L20) -> 1600000 | N20: =MIN(Data_Pegawai[[#This Row],[Masa Kerja (tahun)]]+1,9) -> 7 | O20: 0.5 | P20: =IF(Data_Pegawai[[#This Row],[Status Pegawai]]="Pegawai Tetap (PKWTT)",Data_Pegawai[[#This Row],[Multiplier Pesangon]]*Data_Pegawai[[#This Row],[THP]]*Data_Pegawai[[#This Row],[Multiplier Jenis PHK*]],0) -> 5600000 | Q20: =IF(ISNUMBER(INDEX(Data_Kewajiban[Sisa Kewajiban sebelum Pesangon],MATCH(Data_Pegawai[[#This Row],[Nama]],Data_Kewajiban[Nama],0))),INDEX(Data_Kewajiban[Sisa Kewajiban sebelum Pesangon],MATCH(Data_Pegawai[[#This Row],[Nama]],Data_Kewajiban[Nama],0)),0) -> 53092960 | R20: =IF(Data_Pegawai[[#This Row],[Gross Pesangon]]>Data_Pegawai[[#This Row],[Kewajiban Pegawai]],Data_Pegawai[[#This Row],[Gross Pesangon]]-Data_Pegawai[[#This Row],[Kewajiban Pegawai]],0) -> 0 | S20: =IF(Data_Pegawai[[#This Row],[Kewajiban Pegawai]]>Data_Pegawai[[#This Row],[Gross Pesangon]],Data_Pegawai[[#This Row],[Kewajiban Pegawai]]-Data_Pegawai[[#This Row],[Gross Pesangon]],0) -> 47492960
A21: 10 | B21: Pegawai 10 | C21: A/O Loan | D21: Pegawai Tetap (PKWTT) | E21: 41988 | F21: 43794 | G21: =DATEDIF(E21,F21,"Y") -> 4 | H21: =IF(ISNUMBER(INDEX(Historis_Gaji[Angka yang Digunakan],MATCH(Data_Pegawai[[#This Row],[Nama]],Historis_Gaji[Nama],0))),INDEX(Historis_Gaji[Angka yang Digunakan],MATCH(Data_Pegawai[[#This Row],[Nama]],Historis_Gaji[Nama],0)),0) -> 1200000 | I21: =IF(ISNUMBER(INDEX(Historis_Tunj1[Angka yang Digunakan],MATCH(Data_Pegawai[[#This Row],[Nama]],Historis_Tunj1[Nama],0))),INDEX(Historis_Tunj1[Angka yang Digunakan],MATCH(Data_Pegawai[[#This Row],[Nama]],Historis_Tunj1[Nama],0)),0) -> 0 | J21: =IF(ISNUMBER(INDEX(Historis_Tunj2[Angka yang Digunakan],MATCH(Data_Pegawai[[#This Row],[Nama]],Historis_Tunj2[Nama],0))),INDEX(Historis_Tunj2[Angka yang Digunakan],MATCH(Data_Pegawai[[#This Row],[Nama]],Historis_Tunj2[Nama],0)),0) -> 0 | K21: =IF(ISNUMBER(INDEX(Historis_Tunj3[Angka yang Digunakan],MATCH(Data_Pegawai[[#This Row],[Nama]],Historis_Tunj3[Nama],0))),INDEX(Historis_Tunj3[Angka yang Digunakan],MATCH(Data_Pegawai[[#This Row],[Nama]],Historis_Tunj3[Nama],0)),0) -> 0 | L21: =IF(ISNUMBER(INDEX(Historis_Tunj4[Angka yang Digunakan],MATCH(Data_Pegawai[[#This Row],[Nama]],Historis_Tunj4[Nama],0))),INDEX(Historis_Tunj4[Angka yang Digunakan],MATCH(Data_Pegawai[[#This Row],[Nama]],Historis_Tunj4[Nama],0)),0) -> 0 | M21: =SUM(H21:L21) -> 1200000 | N21: =MIN(Data_Pegawai[[#This Row],[Masa Kerja (tahun)]]+1,9) -> 5 | O21: 0.5 | P21: =IF(Data_Pegawai[[#This Row],[Status Pegawai]]="Pegawai Tetap (PKWTT)",Data_Pegawai[[#This Row],[Multiplier Pesangon]]*Data_Pegawai[[#This Row],[THP]]*Data_Pegawai[[#This Row],[Multiplier Jenis PHK*]],0) -> 3000000 | Q21: =IF(ISNUMBER(INDEX(Data_Kewajiban[Sisa Kewajiban sebelum Pesangon],MATCH(Data_Pegawai[[#This Row],[Nama]],Data_Kewajiban[Nama],0))),INDEX(Data_Kewajiban[Sisa Kewajiban sebelum Pesangon],MATCH(Data_Pegawai[[#This Row],[Nama]],Data_Kewajiban[Nama],0)),0) -> 33330051 | R21: =IF(Data_Pegawai[[#This Row],[Gross Pesangon]]>Data_Pegawai[[#This Row],[Kewajiban Pegawai]],Data_Pegawai[[#This Row],[Gross Pesangon]]-Data_Pegawai[[#This Row],[Kewajiban Pegawai]],0) -> 0 | S21: =IF(Data_Pegawai[[#This Row],[Kewajiban Pegawai]]>Data_Pegawai[[#This Row],[Gross Pesangon]],Data_Pegawai[[#This Row],[Kewajiban Pegawai]]-Data_Pegawai[[#This Row],[Gross Pesangon]],0) -> 30330051
A22: 11 | B22: Pegawai 11 | C22: ADM Pembiayaan | D22: Pegawai Tetap (PKWTT) | E22: 42828 | F22: 43794 | G22: =DATEDIF(E22,F22,"Y") -> 2 | H22: =IF(ISNUMBER(INDEX(Historis_Gaji[Angka yang Digunakan],MATCH(Data_Pegawai[[#This Row],[Nama]],Historis_Gaji[Nama],0))),INDEX(Historis_Gaji[Angka yang Digunakan],MATCH(Data_Pegawai[[#This Row],[Nama]],Historis_Gaji[Nama],0)),0) -> 1200000 | I22: =IF(ISNUMBER(INDEX(Historis_Tunj1[Angka yang Digunakan],MATCH(Data_Pegawai[[#This Row],[Nama]],Historis_Tunj1[Nama],0))),INDEX(Historis_Tunj1[Angka yang Digunakan],MATCH(Data_Pegawai[[#This Row],[Nama]],Historis_Tunj1[Nama],0)),0) -> 0 | J22: =IF(ISNUMBER(INDEX(Historis_Tunj2[Angka yang Digunakan],MATCH(Data_Pegawai[[#This Row],[Nama]],Historis_Tunj2[Nama],0))),INDEX(Historis_Tunj2[Angka yang Digunakan],MATCH(Data_Pegawai[[#This Row],[Nama]],Historis_Tunj2[Nama],0)),0) -> 0 | K22: =IF(ISNUMBER(INDEX(Historis_Tunj3[Angka yang Digunakan],MATCH(Data_Pegawai[[#This Row],[Nama]],Historis_Tunj3[Nama],0))),INDEX(Historis_Tunj3[Angka yang Digunakan],MATCH(Data_Pegawai[[#This Row],[Nama]],Historis_Tunj3[Nama],0)),0) -> 0 | L22: =IF(ISNUMBER(INDEX(Historis_Tunj4[Angka yang Digunakan],MATCH(Data_Pegawai[[#This Row],[Nama]],Historis_Tunj4[Nama],0))),INDEX(Historis_Tunj4[Angka yang Digunakan],MATCH(Data_Pegawai[[#This Row],[Nama]],Historis_Tunj4[Nama],0)),0) -> 50000 | M22: =SUM(H22:L22) -> 1250000 | N22: =MIN(Data_Pegawai[[#This Row],[Masa Kerja (tahun)]]+1,9) -> 3 | O22: 0.5 | P22: =IF(Data_Pegawai[[#This Row],[Status Pegawai]]="Pegawai Tetap (PKWTT)",Data_Pegawai[[#This Row],[Multiplier Pesangon]]*Data_Pegawai[[#This Row],[THP]]*Data_Pegawai[[#This Row],[Multiplier Jenis PHK*]],0) -> 1875000 | Q22: =IF(ISNUMBER(INDEX(Data_Kewajiban[Sisa Kewajiban sebelum Pesangon],MATCH(Data_Pegawai[[#This Row],[Nama]],Data_Kewajiban[Nama],0))),INDEX(Data_Kewajiban[Sisa Kewajiban sebelum Pesangon],MATCH(Data_Pegawai[[#This Row],[Nama]],Data_Kewajiban[Nama],0)),0) -> 0 | R22: =IF(Data_Pegawai[[#This Row],[Gross Pesangon]]>Data_Pegawai[[#This Row],[Kewajiban Pegawai]],Data_Pegawai[[#This Row],[Gross Pesangon]]-Data_Pegawai[[#This Row],[Kewajiban Pegawai]],0) -> 1875000 | S22: =IF(Data_Pegawai[[#This Row],[Kewajiban Pegawai]]>Data_Pegawai[[#This Row],[Gross Pesangon]],Data_Pegawai[[#This Row],[Kewajiban Pegawai]]-Data_Pegawai[[#This Row],[Gross Pesangon]],0) -> 0
A23: 12 | B23: Pegawai 12 | C23: Bag.Umum | D23: Pegawai Tetap (PKWTT) | E23: 43542 | F23: 43822 | G23: =DATEDIF(E23,F23,"Y") -> 0 | H23: =IF(ISNUMBER(INDEX(Historis_Gaji[Angka yang Digunakan],MATCH(Data_Pegawai[[#This Row],[Nama]],Historis_Gaji[Nama],0))),INDEX(Historis_Gaji[Angka yang Digunakan],MATCH(Data_Pegawai[[#This Row],[Nama]],Historis_Gaji[Nama],0)),0) -> 1000000 | I23: =IF(ISNUMBER(INDEX(Historis_Tunj1[Angka yang Digunakan],MATCH(Data_Pegawai[[#This Row],[Nama]],Historis_Tunj1[Nama],0))),INDEX(Historis_Tunj1[Angka yang Digunakan],MATCH(Data_Pegawai[[#This Row],[Nama]],Historis_Tunj1[Nama],0)),0) -> 0 | J23: =IF(ISNUMBER(INDEX(Historis_Tunj2[Angka yang Digunakan],MATCH(Data_Pegawai[[#This Row],[Nama]],Historis_Tunj2[Nama],0))),INDEX(Historis_Tunj2[Angka yang Digunakan],MATCH(Data_Pegawai[[#This Row],[Nama]],Historis_Tunj2[Nama],0)),0) -> 320000 | K23: =IF(ISNUMBER(INDEX(Historis_Tunj3[Angka yang Digunakan],MATCH(Data_Pegawai[[#This Row],[Nama]],Historis_Tunj3[Nama],0))),INDEX(Historis_Tunj3[Angka yang Digunakan],MATCH(Data_Pegawai[[#This Row],[Nama]],Historis_Tunj3[Nama],0)),0) -> 0 | L23: =IF(ISNUMBER(INDEX(Historis_Tunj4[Angka yang Digunakan],MATCH(Data_Pegawai[[#This Row],[Nama]],Historis_Tunj4[Nama],0))),INDEX(Historis_Tunj4[Angka yang Digunakan],MATCH(Data_Pegawai[[#This Row],[Nama]],Historis_Tunj4[Nama],0)),0) -> 0 | M23: =SUM(H23:L23) -> 1320000 | N23: =MIN(Data_Pegawai[[#This Row],[Masa Kerja (tahun)]]+1,9) -> 1 | O23: 0.5 | P23: =IF(Data_Pegawai[[#This Row],[Status Pegawai]]="Pegawai Tetap (PKWTT)",Data_Pegawai[[#This Row],[Multiplier Pesangon]]*Data_Pegawai[[#This Row],[THP]]*Data_Pegawai[[#This Row],[Multiplier Jenis PHK*]],0) -> 660000 | Q23: =IF(ISNUMBER(INDEX(Data_Kewajiban[Sisa Kewajiban sebelum Pesangon],MATCH(Data_Pegawai[[#This Row],[Nama]],Data_Kewajiban[Nama],0))),INDEX(Data_Kewajiban[Sisa Kewajiban sebelum Pesangon],MATCH(Data_Pegawai[[#This Row],[Nama]],Data_Kewajiban[Nama],0)),0) -> 0 | R23: =IF(Data_Pegawai[[#This Row],[Gross Pesangon]]>Data_Pegawai[[#This Row],[Kewajiban Pegawai]],Data_Pegawai[[#This Row],[Gross Pesangon]]-Data_Pegawai[[#This Row],[Kewajiban Pegawai]],0) -> 660000 | S23: =IF(Data_Pegawai[[#This Row],[Kewajiban Pegawai]]>Data_Pegawai[[#This Row],[Gross Pesangon]],Data_Pegawai[[#This Row],[Kewajiban Pegawai]]-Data_Pegawai[[#This Row],[Gross Pesangon]],0) -> 0
A24: 13 | B24: Pegawai 13 | C24: Satpam | D24: Pegawai Tetap (PKWTT) | E24: 43542 | F24: 43822 | G24: =DATEDIF(E24,F24,"Y") -> 0 | H24: =IF(ISNUMBER(INDEX(Historis_Gaji[Angka yang Digunakan],MATCH(Data_Pegawai[[#This Row],[Nama]],Historis_Gaji[Nama],0))),INDEX(Historis_Gaji[Angka yang Digunakan],MATCH(Data_Pegawai[[#This Row],[Nama]],Historis_Gaji[Nama],0)),0) -> 1000000 | I24: =IF(ISNUMBER(INDEX(Historis_Tunj1[Angka yang Digunakan],MATCH(Data_Pegawai[[#This Row],[Nama]],Historis_Tunj1[Nama],0))),INDEX(Historis_Tunj1[Angka yang Digunakan],MATCH(Data_Pegawai[[#This Row],[Nama]],Historis_Tunj1[Nama],0)),0) -> 0 | J24: =IF(ISNUMBER(INDEX(Historis_Tunj2[Angka yang Digunakan],MATCH(Data_Pegawai[[#This Row],[Nama]],Historis_Tunj2[Nama],0))),INDEX(Historis_Tunj2[Angka yang Digunakan],MATCH(Data_Pegawai[[#This Row],[Nama]],Historis_Tunj2[Nama],0)),0) -> 240000 | K24: =IF(ISNUMBER(INDEX(Historis_Tunj3[Angka yang Digunakan],MATCH(Data_Pegawai[[#This Row],[Nama]],Historis_Tunj3[Nama],0))),INDEX(Historis_Tunj3[Angka yang Digunakan],MATCH(Data_Pegawai[[#This Row],[Nama]],Historis_Tunj3[Nama],0)),0) -> 0 | L24: =IF(ISNUMBER(INDEX(Historis_Tunj4[Angka yang Digunakan],MATCH(Data_Pegawai[[#This Row],[Nama]],Historis_Tunj4[Nama],0))),INDEX(Historis_Tunj4[Angka yang Digunakan],MATCH(Data_Pegawai[[#This Row],[Nama]],Historis_Tunj4[Nama],0)),0) -> 0 | M24: =SUM(H24:L24) -> 1240000 | N24: =MIN(Data_Pegawai[[#This Row],[Masa Kerja (tahun)]]+1,9) -> 1 | O24: 0.5 | P24: =IF(Data_Pegawai[[#This Row],[Status Pegawai]]="Pegawai Tetap (PKWTT)",Data_Pegawai[[#This Row],[Multiplier Pesangon]]*Data_Pegawai[[#This Row],[THP]]*Data_Pegawai[[#This Row],[Multiplier Jenis PHK*]],0) -> 620000 | Q24: =IF(ISNUMBER(INDEX(Data_Kewajiban[Sisa Kewajiban sebelum Pesangon],MATCH(Data_Pegawai[[#This Row],[Nama]],Data_Kewajiban[Nama],0))),INDEX(Data_Kewajiban[Sisa Kewajiban sebelum Pesangon],MATCH(Data_Pegawai[[#This Row],[Nama]],Data_Kewajiban[Nama],0)),0) -> 0 | R24: =IF(Data_Pegawai[[#This Row],[Gross Pesangon]]>Data_Pegawai[[#This Row],[Kewajiban Pegawai]],Data_Pegawai[[#This Row],[Gross Pesangon]]-Data_Pegawai[[#This Row],[Kewajiban Pegawai]],0) -> 620000 | S24: =IF(Data_Pegawai[[#This Row],[Kewajiban Pegawai]]>Data_Pegawai[[#This Row],[Gross Pesangon]],Data_Pegawai[[#This Row],[Kewajiban Pegawai]]-Data_Pegawai[[#This Row],[Gross Pesangon]],0) -> 0
A25: 14 | G25: =DATEDIF(E25,F25,"Y") -> 0 | H25: =IF(ISNUMBER(INDEX(Historis_Gaji[Angka yang Digunakan],MATCH(Data_Pegawai[[#This Row],[Nama]],Historis_Gaji[Nama],0))),INDEX(Historis_Gaji[Angka yang Digunakan],MATCH(Data_Pegawai[[#This Row],[Nama]],Historis_Gaji[Nama],0)),0) -> 0 | I25: =IF(ISNUMBER(INDEX(Historis_Tunj1[Angka yang Digunakan],MATCH(Data_Pegawai[[#This Row],[Nama]],Historis_Tunj1[Nama],0))),INDEX(Historis_Tunj1[Angka yang Digunakan],MATCH(Data_Pegawai[[#This Row],[Nama]],Historis_Tunj1[Nama],0)),0) -> 0 | J25: =IF(ISNUMBER(INDEX(Historis_Tunj2[Angka yang Digunakan],MATCH(Data_Pegawai[[#This Row],[Nama]],Historis_Tunj2[Nama],0))),INDEX(Historis_Tunj2[Angka yang Digunakan],MATCH(Data_Pegawai[[#This Row],[Nama]],Historis_Tunj2[Nama],0)),0) -> 0 | K25: =IF(ISNUMBER(INDEX(Historis_Tunj3[Angka yang Digunakan],MATCH(Data_Pegawai[[#This Row],[Nama]],Historis_Tunj3[Nama],0))),INDEX(Historis_Tunj3[Angka yang Digunakan],MATCH(Data_Pegawai[[#This Row],[Nama]],Historis_Tunj3[Nama],0)),0) -> 0 | L25: =IF(ISNUMBER(INDEX(Historis_Tunj4[Angka yang Digunakan],MATCH(Data_Pegawai[[#This Row],[Nama]],Historis_Tunj4[Nama],0))),INDEX(Historis_Tunj4[Angka yang Digunakan],MATCH(Data_Pegawai[[#This Row],[Nama]],Historis_Tunj4[Nama],0)),0) -> 0 | M25: =SUM(H25:L25) -> 0 | N25: =MIN(Data_Pegawai[[#This Row],[Masa Kerja (tahun)]]+1,9) -> 1 | O25: 0.5 | P25: =IF(Data_Pegawai[[#This Row],[Status Pegawai]]="Pegawai Tetap (PKWTT)",Data_Pegawai[[#This Row],[Multiplier Pesangon]]*Data_Pegawai[[#This Row],[THP]]*Data_Pegawai[[#This Row],[Multiplier Jenis PHK*]],0) -> 0 | Q25: =IF(ISNUMBER(INDEX(Data_Kewajiban[Sisa Kewajiban sebelum Pesangon],MATCH(Data_Pegawai[[#This Row],[Nama]],Data_Kewajiban[Nama],0))),INDEX(Data_Kewajiban[Sisa Kewajiban sebelum Pesangon],MATCH(Data_Pegawai[[#This Row],[Nama]],Data_Kewajiban[Nama],0)),0) -> 0 | R25: =IF(Data_Pegawai[[#This Row],[Gross Pesangon]]>Data_Pegawai[[#This Row],[Kewajiban Pegawai]],Data_Pegawai[[#This Row],[Gross Pesangon]]-Data_Pegawai[[#This Row],[Kewajiban Pegawai]],0) -> 0 | S25: =IF(Data_Pegawai[[#This Row],[Kewajiban Pegawai]]>Data_Pegawai[[#This Row],[Gross Pesangon]],Data_Pegawai[[#This Row],[Kewajiban Pegawai]]-Data_Pegawai[[#This Row],[Gross Pesangon]],0) -> 0
A26: 15 | G26: =DATEDIF(E26,F26,"Y") -> 0 | H26: =IF(ISNUMBER(INDEX(Historis_Gaji[Angka yang Digunakan],MATCH(Data_Pegawai[[#This Row],[Nama]],Historis_Gaji[Nama],0))),INDEX(Historis_Gaji[Angka yang Digunakan],MATCH(Data_Pegawai[[#This Row],[Nama]],Historis_Gaji[Nama],0)),0) -> 0 | I26: =IF(ISNUMBER(INDEX(Historis_Tunj1[Angka yang Digunakan],MATCH(Data_Pegawai[[#This Row],[Nama]],Historis_Tunj1[Nama],0))),INDEX(Historis_Tunj1[Angka yang Digunakan],MATCH(Data_Pegawai[[#This Row],[Nama]],Historis_Tunj1[Nama],0)),0) -> 0 | J26: =IF(ISNUMBER(INDEX(Historis_Tunj2[Angka yang Digunakan],MATCH(Data_Pegawai[[#This Row],[Nama]],Historis_Tunj2[Nama],0))),INDEX(Historis_Tunj2[Angka yang Digunakan],MATCH(Data_Pegawai[[#This Row],[Nama]],Historis_Tunj2[Nama],0)),0) -> 0 | K26: =IF(ISNUMBER(INDEX(Historis_Tunj3[Angka yang Digunakan],MATCH(Data_Pegawai[[#This Row],[Nama]],Historis_Tunj3[Nama],0))),INDEX(Historis_Tunj3[Angka yang Digunakan],MATCH(Data_Pegawai[[#This Row],[Nama]],Historis_Tunj3[Nama],0)),0) -> 0 | L26: =IF(ISNUMBER(INDEX(Historis_Tunj4[Angka yang Digunakan],MATCH(Data_Pegawai[[#This Row],[Nama]],Historis_Tunj4[Nama],0))),INDEX(Historis_Tunj4[Angka yang Digunakan],MATCH(Data_Pegawai[[#This Row],[Nama]],Historis_Tunj4[Nama],0)),0) -> 0 | M26: =SUM(H26:L26) -> 0 | N26: =MIN(Data_Pegawai[[#This Row],[Masa Kerja (tahun)]]+1,9) -> 1 | O26: 0.5 | P26: =IF(Data_Pegawai[[#This Row],[Status Pegawai]]="Pegawai Tetap (PKWTT)",Data_Pegawai[[#This Row],[Multiplier Pesangon]]*Data_Pegawai[[#This Row],[THP]]*Data_Pegawai[[#This Row],[Multiplier Jenis PHK*]],0) -> 0 | Q26: =IF(ISNUMBER(INDEX(Data_Kewajiban[Sisa Kewajiban sebelum Pesangon],MATCH(Data_Pegawai[[#This Row],[Nama]],Data_Kewajiban[Nama],0))),INDEX(Data_Kewajiban[Sisa Kewajiban sebelum Pesangon],MATCH(Data_Pegawai[[#This Row],[Nama]],Data_Kewajiban[Nama],0)),0) -> 0 | R26: =IF(Data_Pegawai[[#This Row],[Gross Pesangon]]>Data_Pegawai[[#This Row],[Kewajiban Pegawai]],Data_Pegawai[[#This Row],[Gross Pesangon]]-Data_Pegawai[[#This Row],[Kewajiban Pegawai]],0) -> 0 | S26: =IF(Data_Pegawai[[#This Row],[Kewajiban Pegawai]]>Data_Pegawai[[#This Row],[Gross Pesangon]],Data_Pegawai[[#This Row],[Kewajiban Pegawai]]-Data_Pegawai[[#This Row],[Gross Pesangon]],0) -> 0
A27: 16 | G27: =DATEDIF(E27,F27,"Y") -> 0 | H27: =IF(ISNUMBER(INDEX(Historis_Gaji[Angka yang Digunakan],MATCH(Data_Pegawai[[#This Row],[Nama]],Historis_Gaji[Nama],0))),INDEX(Historis_Gaji[Angka yang Digunakan],MATCH(Data_Pegawai[[#This Row],[Nama]],Historis_Gaji[Nama],0)),0) -> 0 | I27: =IF(ISNUMBER(INDEX(Historis_Tunj1[Angka yang Digunakan],MATCH(Data_Pegawai[[#This Row],[Nama]],Historis_Tunj1[Nama],0))),INDEX(Historis_Tunj1[Angka yang Digunakan],MATCH(Data_Pegawai[[#This Row],[Nama]],Historis_Tunj1[Nama],0)),0) -> 0 | J27: =IF(ISNUMBER(INDEX(Historis_Tunj2[Angka yang Digunakan],MATCH(Data_Pegawai[[#This Row],[Nama]],Historis_Tunj2[Nama],0))),INDEX(Historis_Tunj2[Angka yang Digunakan],MATCH(Data_Pegawai[[#This Row],[Nama]],Historis_Tunj2[Nama],0)),0) -> 0 | K27: =IF(ISNUMBER(INDEX(Historis_Tunj3[Angka yang Digunakan],MATCH(Data_Pegawai[[#This Row],[Nama]],Historis_Tunj3[Nama],0))),INDEX(Historis_Tunj3[Angka yang Digunakan],MATCH(Data_Pegawai[[#This Row],[Nama]],Historis_Tunj3[Nama],0)),0) -> 0 | L27: =IF(ISNUMBER(INDEX(Historis_Tunj4[Angka yang Digunakan],MATCH(Data_Pegawai[[#This Row],[Nama]],Historis_Tunj4[Nama],0))),INDEX(Historis_Tunj4[Angka yang Digunakan],MATCH(Data_Pegawai[[#This Row],[Nama]],Historis_Tunj4[Nama],0)),0) -> 0 | M27: =SUM(H27:L27) -> 0 | N27: =MIN(Data_Pegawai[[#This Row],[Masa Kerja (tahun)]]+1,9) -> 1 | O27: 0.5 | P27: =IF(Data_Pegawai[[#This Row],[Status Pegawai]]="Pegawai Tetap (PKWTT)",Data_Pegawai[[#This Row],[Multiplier Pesangon]]*Data_Pegawai[[#This Row],[THP]]*Data_Pegawai[[#This Row],[Multiplier Jenis PHK*]],0) -> 0 | Q27: =IF(ISNUMBER(INDEX(Data_Kewajiban[Sisa Kewajiban sebelum Pesangon],MATCH(Data_Pegawai[[#This Row],[Nama]],Data_Kewajiban[Nama],0))),INDEX(Data_Kewajiban[Sisa Kewajiban sebelum Pesangon],MATCH(Data_Pegawai[[#This Row],[Nama]],Data_Kewajiban[Nama],0)),0) -> 0 | R27: =IF(Data_Pegawai[[#This Row],[Gross Pesangon]]>Data_Pegawai[[#This Row],[Kewajiban Pegawai]],Data_Pegawai[[#This Row],[Gross Pesangon]]-Data_Pegawai[[#This Row],[Kewajiban Pegawai]],0) -> 0 | S27: =IF(Data_Pegawai[[#This Row],[Kewajiban Pegawai]]>Data_Pegawai[[#This Row],[Gross Pesangon]],Data_Pegawai[[#This Row],[Kewajiban Pegawai]]-Data_Pegawai[[#This Row],[Gross Pesangon]],0) -> 0
A28: 17 | G28: =DATEDIF(E28,F28,"Y") -> 0 | H28: =IF(ISNUMBER(INDEX(Historis_Gaji[Angka yang Digunakan],MATCH(Data_Pegawai[[#This Row],[Nama]],Historis_Gaji[Nama],0))),INDEX(Historis_Gaji[Angka yang Digunakan],MATCH(Data_Pegawai[[#This Row],[Nama]],Historis_Gaji[Nama],0)),0) -> 0 | I28: =IF(ISNUMBER(INDEX(Historis_Tunj1[Angka yang Digunakan],MATCH(Data_Pegawai[[#This Row],[Nama]],Historis_Tunj1[Nama],0))),INDEX(Historis_Tunj1[Angka yang Digunakan],MATCH(Data_Pegawai[[#This Row],[Nama]],Historis_Tunj1[Nama],0)),0) -> 0 | J28: =IF(ISNUMBER(INDEX(Historis_Tunj2[Angka yang Digunakan],MATCH(Data_Pegawai[[#This Row],[Nama]],Historis_Tunj2[Nama],0))),INDEX(Historis_Tunj2[Angka yang Digunakan],MATCH(Data_Pegawai[[#This Row],[Nama]],Historis_Tunj2[Nama],0)),0) -> 0 | K28: =IF(ISNUMBER(INDEX(Historis_Tunj3[Angka yang Digunakan],MATCH(Data_Pegawai[[#This Row],[Nama]],Historis_Tunj3[Nama],0))),INDEX(Historis_Tunj3[Angka yang Digunakan],MATCH(Data_Pegawai[[#This Row],[Nama]],Historis_Tunj3[Nama],0)),0) -> 0 | L28: =IF(ISNUMBER(INDEX(Historis_Tunj4[Angka yang Digunakan],MATCH(Data_Pegawai[[#This Row],[Nama]],Historis_Tunj4[Nama],0))),INDEX(Historis_Tunj4[Angka yang Digunakan],MATCH(Data_Pegawai[[#This Row],[Nama]],Historis_Tunj4[Nama],0)),0) -> 0 | M28: =SUM(H28:L28) -> 0 | N28: =MIN(Data_Pegawai[[#This Row],[Masa Kerja (tahun)]]+1,9) -> 1 | O28: 0.5 | P28: =IF(Data_Pegawai[[#This Row],[Status Pegawai]]="Pegawai Tetap (PKWTT)",Data_Pegawai[[#This Row],[Multiplier Pesangon]]*Data_Pegawai[[#This Row],[THP]]*Data_Pegawai[[#This Row],[Multiplier Jenis PHK*]],0) -> 0 | Q28: =IF(ISNUMBER(INDEX(Data_Kewajiban[Sisa Kewajiban sebelum Pesangon],MATCH(Data_Pegawai[[#This Row],[Nama]],Data_Kewajiban[Nama],0))),INDEX(Data_Kewajiban[Sisa Kewajiban sebelum Pesangon],MATCH(Data_Pegawai[[#This Row],[Nama]],Data_Kewajiban[Nama],0)),0) -> 0 | R28: =IF(Data_Pegawai[[#This Row],[Gross Pesangon]]>Data_Pegawai[[#This Row],[Kewajiban Pegawai]],Data_Pegawai[[#This Row],[Gross Pesangon]]-Data_Pegawai[[#This Row],[Kewajiban Pegawai]],0) -> 0 | S28: =IF(Data_Pegawai[[#This Row],[Kewajiban Pegawai]]>Data_Pegawai[[#This Row],[Gross Pesangon]],Data_Pegawai[[#This Row],[Kewajiban Pegawai]]-Data_Pegawai[[#This Row],[Gross Pesangon]],0) -> 0
A29: 18 | G29: =DATEDIF(E29,F29,"Y") -> 0 | H29: =IF(ISNUMBER(INDEX(Historis_Gaji[Angka yang Digunakan],MATCH(Data_Pegawai[[#This Row],[Nama]],Historis_Gaji[Nama],0))),INDEX(Historis_Gaji[Angka yang Digunakan],MATCH(Data_Pegawai[[#This Row],[Nama]],Historis_Gaji[Nama],0)),0) -> 0 | I29: =IF(ISNUMBER(INDEX(Historis_Tunj1[Angka yang Digunakan],MATCH(Data_Pegawai[[#This Row],[Nama]],Historis_Tunj1[Nama],0))),INDEX(Historis_Tunj1[Angka yang Digunakan],MATCH(Data_Pegawai[[#This Row],[Nama]],Historis_Tunj1[Nama],0)),0) -> 0 | J29: =IF(ISNUMBER(INDEX(Historis_Tunj2[Angka yang Digunakan],MATCH(Data_Pegawai[[#This Row],[Nama]],Historis_Tunj2[Nama],0))),INDEX(Historis_Tunj2[Angka yang Digunakan],MATCH(Data_Pegawai[[#This Row],[Nama]],Historis_Tunj2[Nama],0)),0) -> 0 | K29: =IF(ISNUMBER(INDEX(Historis_Tunj3[Angka yang Digunakan],MATCH(Data_Pegawai[[#This Row],[Nama]],Historis_Tunj3[Nama],0))),INDEX(Historis_Tunj3[Angka yang Digunakan],MATCH(Data_Pegawai[[#This Row],[Nama]],Historis_Tunj3[Nama],0)),0) -> 0 | L29: =IF(ISNUMBER(INDEX(Historis_Tunj4[Angka yang Digunakan],MATCH(Data_Pegawai[[#This Row],[Nama]],Historis_Tunj4[Nama],0))),INDEX(Historis_Tunj4[Angka yang Digunakan],MATCH(Data_Pegawai[[#This Row],[Nama]],Historis_Tunj4[Nama],0)),0) -> 0 | M29: =SUM(H29:L29) -> 0 | N29: =MIN(Data_Pegawai[[#This Row],[Masa Kerja (tahun)]]+1,9) -> 1 | O29: 0.5 | P29: =IF(Data_Pegawai[[#This Row],[Status Pegawai]]="Pegawai Tetap (PKWTT)",Data_Pegawai[[#This Row],[Multiplier Pesangon]]*Data_Pegawai[[#This Row],[THP]]*Data_Pegawai[[#This Row],[Multiplier Jenis PHK*]],0) -> 0 | Q29: =IF(ISNUMBER(INDEX(Data_Kewajiban[Sisa Kewajiban sebelum Pesangon],MATCH(Data_Pegawai[[#This Row],[Nama]],Data_Kewajiban[Nama],0))),INDEX(Data_Kewajiban[Sisa Kewajiban sebelum Pesangon],MATCH(Data_Pegawai[[#This Row],[Nama]],Data_Kewajiban[Nama],0)),0) -> 0 | R29: =IF(Data_Pegawai[[#This Row],[Gross Pesangon]]>Data_Pegawai[[#This Row],[Kewajiban Pegawai]],Data_Pegawai[[#This Row],[Gross Pesangon]]-Data_Pegawai[[#This Row],[Kewajiban Pegawai]],0) -> 0 | S29: =IF(Data_Pegawai[[#This Row],[Kewajiban Pegawai]]>Data_Pegawai[[#This Row],[Gross Pesangon]],Data_Pegawai[[#This Row],[Kewajiban Pegawai]]-Data_Pegawai[[#This Row],[Gross Pesangon]],0) -> 0
A30: 19 | G30: =DATEDIF(E30,F30,"Y") -> 0 | H30: =IF(ISNUMBER(INDEX(Historis_Gaji[Angka yang Digunakan],MATCH(Data_Pegawai[[#This Row],[Nama]],Historis_Gaji[Nama],0))),INDEX(Historis_Gaji[Angka yang Digunakan],MATCH(Data_Pegawai[[#This Row],[Nama]],Historis_Gaji[Nama],0)),0) -> 0 | I30: =IF(ISNUMBER(INDEX(Historis_Tunj1[Angka yang Digunakan],MATCH(Data_Pegawai[[#This Row],[Nama]],Historis_Tunj1[Nama],0))),INDEX(Historis_Tunj1[Angka yang Digunakan],MATCH(Data_Pegawai[[#This Row],[Nama]],Historis_Tunj1[Nama],0)),0) -> 0 | J30: =IF(ISNUMBER(INDEX(Historis_Tunj2[Angka yang Digunakan],MATCH(Data_Pegawai[[#This Row],[Nama]],Historis_Tunj2[Nama],0))),INDEX(Historis_Tunj2[Angka yang Digunakan],MATCH(Data_Pegawai[[#This Row],[Nama]],Historis_Tunj2[Nama],0)),0) -> 0 | K30: =IF(ISNUMBER(INDEX(Historis_Tunj3[Angka yang Digunakan],MATCH(Data_Pegawai[[#This Row],[Nama]],Historis_Tunj3[Nama],0))),INDEX(Historis_Tunj3[Angka yang Digunakan],MATCH(Data_Pegawai[[#This Row],[Nama]],Historis_Tunj3[Nama],0)),0) -> 0 | L30: =IF(ISNUMBER(INDEX(Historis_Tunj4[Angka yang Digunakan],MATCH(Data_Pegawai[[#This Row],[Nama]],Historis_Tunj4[Nama],0))),INDEX(Historis_Tunj4[Angka yang Digunakan],MATCH(Data_Pegawai[[#This Row],[Nama]],Historis_Tunj4[Nama],0)),0) -> 0 | M30: =SUM(H30:L30) -> 0 | N30: =MIN(Data_Pegawai[[#This Row],[Masa Kerja (tahun)]]+1,9) -> 1 | O30: 0.5 | P30: =IF(Data_Pegawai[[#This Row],[Status Pegawai]]="Pegawai Tetap (PKWTT)",Data_Pegawai[[#This Row],[Multiplier Pesangon]]*Data_Pegawai[[#This Row],[THP]]*Data_Pegawai[[#This Row],[Multiplier Jenis PHK*]],0) -> 0 | Q30: =IF(ISNUMBER(INDEX(Data_Kewajiban[Sisa Kewajiban sebelum Pesangon],MATCH(Data_Pegawai[[#This Row],[Nama]],Data_Kewajiban[Nama],0))),INDEX(Data_Kewajiban[Sisa Kewajiban sebelum Pesangon],MATCH(Data_Pegawai[[#This Row],[Nama]],Data_Kewajiban[Nama],0)),0) -> 0 | R30: =IF(Data_Pegawai[[#This Row],[Gross Pesangon]]>Data_Pegawai[[#This Row],[Kewajiban Pegawai]],Data_Pegawai[[#This Row],[Gross Pesangon]]-Data_Pegawai[[#This Row],[Kewajiban Pegawai]],0) -> 0 | S30: =IF(Data_Pegawai[[#This Row],[Kewajiban Pegawai]]>Data_Pegawai[[#This Row],[Gross Pesangon]],Data_Pegawai[[#This Row],[Kewajiban Pegawai]]-Data_Pegawai[[#This Row],[Gross Pesangon]],0) -> 0
A31: 20 | G31: =DATEDIF(E31,F31,"Y") -> 0 | H31: =IF(ISNUMBER(INDEX(Historis_Gaji[Angka yang Digunakan],MATCH(Data_Pegawai[[#This Row],[Nama]],Historis_Gaji[Nama],0))),INDEX(Historis_Gaji[Angka yang Digunakan],MATCH(Data_Pegawai[[#This Row],[Nama]],Historis_Gaji[Nama],0)),0) -> 0 | I31: =IF(ISNUMBER(INDEX(Historis_Tunj1[Angka yang Digunakan],MATCH(Data_Pegawai[[#This Row],[Nama]],Historis_Tunj1[Nama],0))),INDEX(Historis_Tunj1[Angka yang Digunakan],MATCH(Data_Pegawai[[#This Row],[Nama]],Historis_Tunj1[Nama],0)),0) -> 0 | J31: =IF(ISNUMBER(INDEX(Historis_Tunj2[Angka yang Digunakan],MATCH(Data_Pegawai[[#This Row],[Nama]],Historis_Tunj2[Nama],0))),INDEX(Historis_Tunj2[Angka yang Digunakan],MATCH(Data_Pegawai[[#This Row],[Nama]],Historis_Tunj2[Nama],0)),0) -> 0 | K31: =IF(ISNUMBER(INDEX(Historis_Tunj3[Angka yang Digunakan],MATCH(Data_Pegawai[[#This Row],[Nama]],Historis_Tunj3[Nama],0))),INDEX(Historis_Tunj3[Angka yang Digunakan],MATCH(Data_Pegawai[[#This Row],[Nama]],Historis_Tunj3[Nama],0)),0) -> 0 | L31: =IF(ISNUMBER(INDEX(Historis_Tunj4[Angka yang Digunakan],MATCH(Data_Pegawai[[#This Row],[Nama]],Historis_Tunj4[Nama],0))),INDEX(Historis_Tunj4[Angka yang Digunakan],MATCH(Data_Pegawai[[#This Row],[Nama]],Historis_Tunj4[Nama],0)),0) -> 0 | M31: =SUM(H31:L31) -> 0 | N31: =MIN(Data_Pegawai[[#This Row],[Masa Kerja (tahun)]]+1,9) -> 1 | O31: 0.5 | P31: =IF(Data_Pegawai[[#This Row],[Status Pegawai]]="Pegawai Tetap (PKWTT)",Data_Pegawai[[#This Row],[Multiplier Pesangon]]*Data_Pegawai[[#This Row],[THP]]*Data_Pegawai[[#This Row],[Multiplier Jenis PHK*]],0) -> 0 | Q31: =IF(ISNUMBER(INDEX(Data_Kewajiban[Sisa Kewajiban sebelum Pesangon],MATCH(Data_Pegawai[[#This Row],[Nama]],Data_Kewajiban[Nama],0))),INDEX(Data_Kewajiban[Sisa Kewajiban sebelum Pesangon],MATCH(Data_Pegawai[[#This Row],[Nama]],Data_Kewajiban[Nama],0)),0) -> 0 | R31: =IF(Data_Pegawai[[#This Row],[Gross Pesangon]]>Data_Pegawai[[#This Row],[Kewajiban Pegawai]],Data_Pegawai[[#This Row],[Gross Pesangon]]-Data_Pegawai[[#This Row],[Kewajiban Pegawai]],0) -> 0 | S31: =IF(Data_Pegawai[[#This Row],[Kewajiban Pegawai]]>Data_Pegawai[[#This Row],[Gross Pesangon]],Data_Pegawai[[#This Row],[Kewajiban Pegawai]]-Data_Pegawai[[#This Row],[Gross Pesangon]],0) -> 0
A32: Total | B32: =SUBTOTAL(103,Data_Pegawai[Nama]) -> 13 | H32: =SUBTOTAL(109,Data_Pegawai[Gaji Pokok]) -> 22550000 | I32: =SUBTOTAL(109,Data_Pegawai[Tunj. 1]) -> 1250000 | J32: =SUBTOTAL(109,Data_Pegawai[Tunj. 2]) -> 3560000 | K32: =SUBTOTAL(109,Data_Pegawai[Tunj. 3]) -> 0 | L32: =SUBTOTAL(109,Data_Pegawai[Tunj. 4]) -> 300000 | M32: =SUBTOTAL(109,Data_Pegawai[THP]) -> 27660000 | P32: =SUBTOTAL(109,Data_Pegawai[Gross Pesangon]) -> 106480000 | Q32: =SUBTOTAL(109,Data_Pegawai[Kewajiban Pegawai]) -> 729667180 | R32: =SUBTOTAL(109,Data_Pegawai[Nett Pesangon]) -> 16880000 | S32: =SUBTOTAL(109,Data_Pegawai[Sisa Kewajiban]) -> 640067180
A35: Catatan:
A36: Faktor pengali berdasarkan Pasal 44 PP No. 35 Tahun 2021
A37: "Perusahaan tutup yang disebabkan Perusahaan mengalami kerugian secara terus menerus selama 2 (dua) tahun atau mengalami kerugian tidak secara terus menerus selama 2 (dua) tahun"

Sheet 2. Historis Gaji Pokok
A2: KERTAS KERJA
A3: ANALISA PEMBERIAN PESANGON PEGAWAI
A4: =UPPER('1. Perhitungan Pesangon'!$C$7) -> PT BPRS HAREUKAT (DL)
A5: Historis Gaji Pokok
D7: Historis Gaji Pokok
D8: =DATE(YEAR('1. Perhitungan Pesangon'!$C$8),MONTH('1. Perhitungan Pesangon'!$C$8)-12,1) -> 43374 | E8: =DATE(YEAR('1. Perhitungan Pesangon'!$C$8),MONTH('1. Perhitungan Pesangon'!$C$8)-11,1) -> 43405 | F8: =DATE(YEAR('1. Perhitungan Pesangon'!$C$8),MONTH('1. Perhitungan Pesangon'!$C$8)-10,1) -> 43435 | G8: =DATE(YEAR('1. Perhitungan Pesangon'!$C$8),MONTH('1. Perhitungan Pesangon'!$C$8)-9,1) -> 43466 | H8: =DATE(YEAR('1. Perhitungan Pesangon'!$C$8),MONTH('1. Perhitungan Pesangon'!$C$8)-8,1) -> 43497 | I8: =DATE(YEAR('1. Perhitungan Pesangon'!$C$8),MONTH('1. Perhitungan Pesangon'!$C$8)-7,1) -> 43525 | J8: =DATE(YEAR('1. Perhitungan Pesangon'!$C$8),MONTH('1. Perhitungan Pesangon'!$C$8)-6,1) -> 43556 | K8: =DATE(YEAR('1. Perhitungan Pesangon'!$C$8),MONTH('1. Perhitungan Pesangon'!$C$8)-5,1) -> 43586 | L8: =DATE(YEAR('1. Perhitungan Pesangon'!$C$8),MONTH('1. Perhitungan Pesangon'!$C$8)-4,1) -> 43617 | M8: =DATE(YEAR('1. Perhitungan Pesangon'!$C$8),MONTH('1. Perhitungan Pesangon'!$C$8)-3,1) -> 43647 | N8: =DATE(YEAR('1. Perhitungan Pesangon'!$C$8),MONTH('1. Perhitungan Pesangon'!$C$8)-2,1) -> 43678 | O8: =DATE(YEAR('1. Perhitungan Pesangon'!$C$8),MONTH('1. Perhitungan Pesangon'!$C$8)-1,1) -> 43709
A9: No. | B9: Nama | C9: Jabatan | D9: 1 | E9: 2 | F9: 3 | G9: 4 | H9: 5 | I9: 6 | J9: 7 | K9: 8 | L9: 9 | M9: 10 | N9: 11 | O9: 12 | P9: Avg. | Q9: Angka Terakhir | R9: Angka yang Digunakan | S9: Keterangan
A10: 1 | B10: Pegawai 1 | C10: =INDEX(Data_Pegawai[Jabatan],MATCH(Historis_Gaji[[#This Row],[Nama]],Data_Pegawai[Nama],0)) -> Kabag Operasional | D10: 2500000 | E10: 2500000 | F10: 2500000 | G10: 2500000 | H10: 2500000 | I10: 2500000 | J10: 2500000 | K10: 2500000 | L10: 2500000 | M10: 2500000 | N10: 2500000 | O10: 2500000 | P10: =IF(ISNUMBER(AVERAGEIF(Historis_Gaji[[#This Row],[1]:[12]],">0")),AVERAGEIF(Historis_Gaji[[#This Row],[1]:[12]],">0"),0) -> 2500000 | Q10: =Historis_Gaji[[#This Row],[12]] -> 2500000 | R10: 2500000
A11: 2 | B11: Pegawai 2 | C11: =INDEX(Data_Pegawai[Jabatan],MATCH(Historis_Gaji[[#This Row],[Nama]],Data_Pegawai[Nama],0)) -> Kabag Pembiayaan | D11: 2500000 | E11: 2500000 | F11: 2500000 | G11: 2500000 | H11: 2500000 | I11: 2500000 | J11: 2500000 | K11: 2500000 | L11: 2500000 | M11: 2500000 | N11: 2500000 | O11: 2500000 | P11: =IF(ISNUMBER(AVERAGEIF(Historis_Gaji[[#This Row],[1]:[12]],">0")),AVERAGEIF(Historis_Gaji[[#This Row],[1]:[12]],">0"),0) -> 2500000 | Q11: =Historis_Gaji[[#This Row],[12]] -> 2500000 | R11: 2500000
A12: 3 | B12: Pegawai 3 | C12: =INDEX(Data_Pegawai[Jabatan],MATCH(Historis_Gaji[[#This Row],[Nama]],Data_Pegawai[Nama],0)) -> A/O Loan | D12: 0 | E12: 0 | F12: 0 | G12: 0 | H12: 0 | I12: 738100 | J12: 2500000 | K12: 2500000 | L12: 2500000 | M12: 2500000 | N12: 2500000 | O12: 2500000 | P12: =IF(ISNUMBER(AVERAGEIF(Historis_Gaji[[#This Row],[1]:[12]],">0")),AVERAGEIF(Historis_Gaji[[#This Row],[1]:[12]],">0"),0) -> 2248300 | Q12: =Historis_Gaji[[#This Row],[12]] -> 2500000 | R12: 2500000
A13: 4 | B13: Pegawai 4 | C13: =INDEX(Data_Pegawai[Jabatan],MATCH(Historis_Gaji[[#This Row],[Nama]],Data_Pegawai[Nama],0)) -> Funding | D13: 0 | E13: 0 | F13: 0 | G13: 0 | H13: 0 | I13: 0 | J13: 0 | K13: 0 | L13: 0 | M13: 0 | N13: 0 | O13: 0 | P13: =IF(ISNUMBER(AVERAGEIF(Historis_Gaji[[#This Row],[1]:[12]],">0")),AVERAGEIF(Historis_Gaji[[#This Row],[1]:[12]],">0"),0) -> 0 | Q13: =Historis_Gaji[[#This Row],[12]] -> 0 | R13: 2000000
A14: 5 | B14: Pegawai 5 | C14: =INDEX(Data_Pegawai[Jabatan],MATCH(Historis_Gaji[[#This Row],[Nama]],Data_Pegawai[Nama],0)) -> A/O Loan | D14: 1900000 | E14: 1900000 | F14: 1900000 | G14: 1900000 | H14: 1900000 | I14: 1900000 | J14: 1900000 | K14: 1900000 | L14: 1900000 | M14: 1900000 | N14: 1900000 | O14: 1900000 | P14: =IF(ISNUMBER(AVERAGEIF(Historis_Gaji[[#This Row],[1]:[12]],">0")),AVERAGEIF(Historis_Gaji[[#This Row],[1]:[12]],">0"),0) -> 1900000 | Q14: =Historis_Gaji[[#This Row],[12]] -> 1900000 | R14: 1900000
A15: 6 | B15: Pegawai 6 | C15: =INDEX(Data_Pegawai[Jabatan],MATCH(Historis_Gaji[[#This Row],[Nama]],Data_Pegawai[Nama],0)) -> ADM Pelaporan | D15: 1900000 | E15: 1900000 | F15: 1900000 | G15: 1900000 | H15: 1900000 | I15: 1900000 | J15: 1900000 | K15: 1900000 | L15: 1900000 | M15: 1900000 | N15: 1900000 | O15: 1900000 | P15: =IF(ISNUMBER(AVERAGEIF(Historis_Gaji[[#This Row],[1]:[12]],">0")),AVERAGEIF(Historis_Gaji[[#This Row],[1]:[12]],">0"),0) -> 1900000 | Q15: =Historis_Gaji[[#This Row],[12]] -> 1900000 | R15: 1900000
A16: 7 | B16: Pegawai 7 | C16: =INDEX(Data_Pegawai[Jabatan],MATCH(Historis_Gaji[[#This Row],[Nama]],Data_Pegawai[Nama],0)) -> Funding | D16: 0 | E16: 0 | F16: 0 | G16: 0 | H16: 0 | I16: 0 | J16: 0 | K16: 0 | L16: 0 | M16: 0 | N16: 0 | O16: 0 | P16: =IF(ISNUMBER(AVERAGEIF(Historis_Gaji[[#This Row],[1]:[12]],">0")),AVERAGEIF(Historis_Gaji[[#This Row],[1]:[12]],">0"),0) -> 0 | Q16: =Historis_Gaji[[#This Row],[12]] -> 0 | R16: 1900000
A17: 8 | B17: Pegawai 8 | C17: =INDEX(Data_Pegawai[Jabatan],MATCH(Historis_Gaji[[#This Row],[Nama]],Data_Pegawai[Nama],0)) -> ADM Pembiayaan | D17: 1750000 | E17: 1750000 | F17: 1750000 | G17: 1750000 | H17: 1750000 | I17: 1750000 | J17: 1750000 | K17: 1750000 | L17: 1750000 | M17: 1750000 | N17: 1750000 | O17: 1750000 | P17: =IF(ISNUMBER(AVERAGEIF(Historis_Gaji[[#This Row],[1]:[12]],">0")),AVERAGEIF(Historis_Gaji[[#This Row],[1]:[12]],">0"),0) -> 1750000 | Q17: =Historis_Gaji[[#This Row],[12]] -> 1750000 | R17: 1750000
A18: 9 | B18: Pegawai 9 | C18: =INDEX(Data_Pegawai[Jabatan],MATCH(Historis_Gaji[[#This Row],[Nama]],Data_Pegawai[Nama],0)) -> Teller | D18: 1200000 | E18: 1200000 | F18: 1200000 | G18: 1200000 | H18: 1200000 | I18: 1200000 | J18: 1200000 | K18: 1200000 | L18: 1200000 | M18: 1200000 | N18: 1200000 | O18: 1200000 | P18: =IF(ISNUMBER(AVERAGEIF(Historis_Gaji[[#This Row],[1]:[12]],">0")),AVERAGEIF(Historis_Gaji[[#This Row],[1]:[12]],">0"),0) -> 1200000 | Q18: =Historis_Gaji[[#This Row],[12]] -> 1200000 | R18: 1200000
A19: 10 | B19: Pegawai 10 | C19: =INDEX(Data_Pegawai[Jabatan],MATCH(Historis_Gaji[[#This Row],[Nama]],Data_Pegawai[Nama],0)) -> A/O Loan | D19: 0 | E19: 0 | F19: 0 | G19: 0 | H19: 0 | I19: 0 | J19: 0 | K19: 0 | L19: 0 | M19: 0 | N19: 0 | O19: 0 | P19: =IF(ISNUMBER(AVERAGEIF(Historis_Gaji[[#This Row],[1]:[12]],">0")),AVERAGEIF(Historis_Gaji[[#This Row],[1]:[12]],">0"),0) -> 0 | Q19: =Historis_Gaji[[#This Row],[12]] -> 0 | R19: 1200000
A20: 11 | B20: Pegawai 11 | C20: =INDEX(Data_Pegawai[Jabatan],MATCH(Historis_Gaji[[#This Row],[Nama]],Data_Pegawai[Nama],0)) -> ADM Pembiayaan | D20: 1200000 | E20: 1200000 | F20: 1200000 | G20: 0 | H20: 0 | I20: 0 | J20: 0 | K20: 0 | L20: 0 | M20: 0 | N20: 0 | O20: 0 | P20: =IF(ISNUMBER(AVERAGEIF(Historis_Gaji[[#This Row],[1]:[12]],">0")),AVERAGEIF(Historis_Gaji[[#This Row],[1]:[12]],">0"),0) -> 1200000 | Q20: =Historis_Gaji[[#This Row],[12]] -> 0 | R20: 1200000
A21: 12 | B21: Pegawai 12 | C21: =INDEX(Data_Pegawai[Jabatan],MATCH(Historis_Gaji[[#This Row],[Nama]],Data_Pegawai[Nama],0)) -> Bag.Umum | D21: 1000000 | E21: 1000000 | F21: 1000000 | G21: 1000000 | H21: 1000000 | I21: 1000000 | J21: 1000000 | K21: 1000000 | L21: 1000000 | M21: 1000000 | N21: 1200000 | O21: 1200000 | P21: =IF(ISNUMBER(AVERAGEIF(Historis_Gaji[[#This Row],[1]:[12]],">0")),AVERAGEIF(Historis_Gaji[[#This Row],[1]:[12]],">0"),0) -> 1033333.3 | Q21: =Historis_Gaji[[#This Row],[12]] -> 1200000 | R21: 1000000
A22: 13 | B22: Pegawai 13 | C22: =INDEX(Data_Pegawai[Jabatan],MATCH(Historis_Gaji[[#This Row],[Nama]],Data_Pegawai[Nama],0)) -> Satpam | D22: 1000000 | E22: 1000000 | F22: 1000000 | G22: 1000000 | H22: 1000000 | I22: 1000000 | J22: 1000000 | K22: 1000000 | L22: 1000000 | M22: 1000000 | N22: 1200000 | O22: 1200000 | P22: =IF(ISNUMBER(AVERAGEIF(Historis_Gaji[[#This Row],[1]:[12]],">0")),AVERAGEIF(Historis_Gaji[[#This Row],[1]:[12]],">0"),0) -> 1033333.3 | Q22: =Historis_Gaji[[#This Row],[12]] -> 1200000 | R22: 1000000
A23: 14 | C23: =INDEX(Data_Pegawai[Jabatan],MATCH(Historis_Gaji[[#This Row],[Nama]],Data_Pegawai[Nama],0)) -> #N/A | P23: =IF(ISNUMBER(AVERAGEIF(Historis_Gaji[[#This Row],[1]:[12]],">0")),AVERAGEIF(Historis_Gaji[[#This Row],[1]:[12]],">0"),0) -> 0 | Q23: =Historis_Gaji[[#This Row],[12]] -> 0
A24: 15 | C24: =INDEX(Data_Pegawai[Jabatan],MATCH(Historis_Gaji[[#This Row],[Nama]],Data_Pegawai[Nama],0)) -> #N/A | P24: =IF(ISNUMBER(AVERAGEIF(Historis_Gaji[[#This Row],[1]:[12]],">0")),AVERAGEIF(Historis_Gaji[[#This Row],[1]:[12]],">0"),0) -> 0 | Q24: =Historis_Gaji[[#This Row],[12]] -> 0
A25: 16 | C25: =INDEX(Data_Pegawai[Jabatan],MATCH(Historis_Gaji[[#This Row],[Nama]],Data_Pegawai[Nama],0)) -> #N/A | P25: =IF(ISNUMBER(AVERAGEIF(Historis_Gaji[[#This Row],[1]:[12]],">0")),AVERAGEIF(Historis_Gaji[[#This Row],[1]:[12]],">0"),0) -> 0 | Q25: =Historis_Gaji[[#This Row],[12]] -> 0
A26: 17 | C26: =INDEX(Data_Pegawai[Jabatan],MATCH(Historis_Gaji[[#This Row],[Nama]],Data_Pegawai[Nama],0)) -> #N/A | P26: =IF(ISNUMBER(AVERAGEIF(Historis_Gaji[[#This Row],[1]:[12]],">0")),AVERAGEIF(Historis_Gaji[[#This Row],[1]:[12]],">0"),0) -> 0 | Q26: =Historis_Gaji[[#This Row],[12]] -> 0
A27: 18 | C27: =INDEX(Data_Pegawai[Jabatan],MATCH(Historis_Gaji[[#This Row],[Nama]],Data_Pegawai[Nama],0)) -> #N/A | P27: =IF(ISNUMBER(AVERAGEIF(Historis_Gaji[[#This Row],[1]:[12]],">0")),AVERAGEIF(Historis_Gaji[[#This Row],[1]:[12]],">0"),0) -> 0 | Q27: =Historis_Gaji[[#This Row],[12]] -> 0
A28: 19 | C28: =INDEX(Data_Pegawai[Jabatan],MATCH(Historis_Gaji[[#This Row],[Nama]],Data_Pegawai[Nama],0)) -> #N/A | P28: =IF(ISNUMBER(AVERAGEIF(Historis_Gaji[[#This Row],[1]:[12]],">0")),AVERAGEIF(Historis_Gaji[[#This Row],[1]:[12]],">0"),0) -> 0 | Q28: =Historis_Gaji[[#This Row],[12]] -> 0
A29: 20 | C29: =INDEX(Data_Pegawai[Jabatan],MATCH(Historis_Gaji[[#This Row],[Nama]],Data_Pegawai[Nama],0)) -> #N/A | P29: =IF(ISNUMBER(AVERAGEIF(Historis_Gaji[[#This Row],[1]:[12]],">0")),AVERAGEIF(Historis_Gaji[[#This Row],[1]:[12]],">0"),0) -> 0 | Q29: =Historis_Gaji[[#This Row],[12]] -> 0
A30: Total | B30: =SUBTOTAL(103,Historis_Gaji[Nama]) -> 13 | D30: =SUBTOTAL(109,Historis_Gaji[1]) -> 14950000 | E30: =SUBTOTAL(109,Historis_Gaji[2]) -> 14950000 | F30: =SUBTOTAL(109,Historis_Gaji[3]) -> 14950000 | G30: =SUBTOTAL(109,Historis_Gaji[4]) -> 13750000 | H30: =SUBTOTAL(109,Historis_Gaji[5]) -> 13750000 | I30: =SUBTOTAL(109,Historis_Gaji[6]) -> 14488100 | J30: =SUBTOTAL(109,Historis_Gaji[7]) -> 16250000 | K30: =SUBTOTAL(109,Historis_Gaji[8]) -> 16250000 | L30: =SUBTOTAL(109,Historis_Gaji[9]) -> 16250000 | M30: =SUBTOTAL(109,Historis_Gaji[10]) -> 16250000 | N30: =SUBTOTAL(109,Historis_Gaji[11]) -> 16650000 | O30: =SUBTOTAL(109,Historis_Gaji[12]) -> 16650000 | R30: =SUBTOTAL(109,Historis_Gaji[Angka yang Digunakan]) -> 22550000
A32: Keterangan:
B33: Terdapat perubahan historis gaji dari bulan sebelumnya

Sheet 3. Historis Tunjangan 1
A2: KERTAS KERJA
A3: ANALISA PEMBERIAN PESANGON PEGAWAI
A4: =UPPER('1. Perhitungan Pesangon'!$C$7) -> PT BPRS HAREUKAT (DL)
A5: ="Historis "&C7 -> Historis Tunjangan Jabatan
A7: Jenis Tunjangan | C7: Tunjangan Jabatan
D9: Historis Tunjangan
D10: =DATE(YEAR('1. Perhitungan Pesangon'!$C$8),MONTH('1. Perhitungan Pesangon'!$C$8)-12,1) -> 43374 | E10: =DATE(YEAR('1. Perhitungan Pesangon'!$C$8),MONTH('1. Perhitungan Pesangon'!$C$8)-11,1) -> 43405 | F10: =DATE(YEAR('1. Perhitungan Pesangon'!$C$8),MONTH('1. Perhitungan Pesangon'!$C$8)-10,1) -> 43435 | G10: =DATE(YEAR('1. Perhitungan Pesangon'!$C$8),MONTH('1. Perhitungan Pesangon'!$C$8)-9,1) -> 43466 | H10: =DATE(YEAR('1. Perhitungan Pesangon'!$C$8),MONTH('1. Perhitungan Pesangon'!$C$8)-8,1) -> 43497 | I10: =DATE(YEAR('1. Perhitungan Pesangon'!$C$8),MONTH('1. Perhitungan Pesangon'!$C$8)-7,1) -> 43525 | J10: =DATE(YEAR('1. Perhitungan Pesangon'!$C$8),MONTH('1. Perhitungan Pesangon'!$C$8)-6,1) -> 43556 | K10: =DATE(YEAR('1. Perhitungan Pesangon'!$C$8),MONTH('1. Perhitungan Pesangon'!$C$8)-5,1) -> 43586 | L10: =DATE(YEAR('1. Perhitungan Pesangon'!$C$8),MONTH('1. Perhitungan Pesangon'!$C$8)-4,1) -> 43617 | M10: =DATE(YEAR('1. Perhitungan Pesangon'!$C$8),MONTH('1. Perhitungan Pesangon'!$C$8)-3,1) -> 43647 | N10: =DATE(YEAR('1. Perhitungan Pesangon'!$C$8),MONTH('1. Perhitungan Pesangon'!$C$8)-2,1) -> 43678 | O10: =DATE(YEAR('1. Perhitungan Pesangon'!$C$8),MONTH('1. Perhitungan Pesangon'!$C$8)-1,1) -> 43709
A11: No. | B11: Nama | C11: Jabatan | D11: 1 | E11: 2 | F11: 3 | G11: 4 | H11: 5 | I11: 6 | J11: 7 | K11: 8 | L11: 9 | M11: 10 | N11: 11 | O11: 12 | P11: Avg. | Q11: Angka Terakhir | R11: Angka yang Digunakan | S11: Keterangan
A12: 1 | B12: Pegawai 1 | C12: =INDEX(Data_Pegawai[Jabatan],MATCH(Historis_Tunj1[[#This Row],[Nama]],Data_Pegawai[Nama],0)) -> Kabag Operasional | D12: 500000 | E12: 500000 | F12: 500000 | G12: 500000 | H12: 500000 | I12: 500000 | J12: 500000 | K12: 500000 | L12: 500000 | M12: 500000 | N12: 500000 | O12: 500000 | P12: =IF(ISNUMBER(AVERAGEIF(Historis_Tunj1[[#This Row],[1]:[12]],">0")),AVERAGEIF(Historis_Tunj1[[#This Row],[1]:[12]],">0"),0) -> 500000 | Q12: =Historis_Tunj1[[#This Row],[12]] -> 500000 | R12: 500000
A13: 2 | B13: Pegawai 2 | C13: =INDEX(Data_Pegawai[Jabatan],MATCH(Historis_Tunj1[[#This Row],[Nama]],Data_Pegawai[Nama],0)) -> Kabag Pembiayaan | D13: 500000 | E13: 500000 | F13: 500000 | G13: 500000 | H13: 500000 | I13: 500000 | J13: 500000 | K13: 500000 | L13: 500000 | M13: 500000 | N13: 500000 | O13: 500000 | P13: =IF(ISNUMBER(AVERAGEIF(Historis_Tunj1[[#This Row],[1]:[12]],">0")),AVERAGEIF(Historis_Tunj1[[#This Row],[1]:[12]],">0"),0) -> 500000 | Q13: =Historis_Tunj1[[#This Row],[12]] -> 500000 | R13: 500000
A14: 3 | B14: Pegawai 3 | C14: =INDEX(Data_Pegawai[Jabatan],MATCH(Historis_Tunj1[[#This Row],[Nama]],Data_Pegawai[Nama],0)) -> A/O Loan | D14: 0 | E14: 0 | F14: 0 | G14: 0 | H14: 0 | I14: 0 | J14: 0 | K14: 0 | L14: 0 | M14: 0 | N14: 0 | O14: 0 | P14: =IF(ISNUMBER(AVERAGEIF(Historis_Tunj1[[#This Row],[1]:[12]],">0")),AVERAGEIF(Historis_Tunj1[[#This Row],[1]:[12]],">0"),0) -> 0 | Q14: =Historis_Tunj1[[#This Row],[12]] -> 0 | R14: 0
A15: 4 | B15: Pegawai 4 | C15: =INDEX(Data_Pegawai[Jabatan],MATCH(Historis_Tunj1[[#This Row],[Nama]],Data_Pegawai[Nama],0)) -> Funding | D15: 0 | E15: 0 | F15: 0 | G15: 0 | H15: 0 | I15: 0 | J15: 0 | K15: 0 | L15: 0 | M15: 0 | N15: 0 | O15: 0 | P15: =IF(ISNUMBER(AVERAGEIF(Historis_Tunj1[[#This Row],[1]:[12]],">0")),AVERAGEIF(Historis_Tunj1[[#This Row],[1]:[12]],">0"),0) -> 0 | Q15: =Historis_Tunj1[[#This Row],[12]] -> 0 | R15: 0
A16: 5 | B16: Pegawai 5 | C16: =INDEX(Data_Pegawai[Jabatan],MATCH(Historis_Tunj1[[#This Row],[Nama]],Data_Pegawai[Nama],0)) -> A/O Loan | D16: 0 | E16: 0 | F16: 0 | G16: 0 | H16: 0 | I16: 0 | J16: 0 | K16: 0 | L16: 0 | M16: 0 | N16: 0 | O16: 0 | P16: =IF(ISNUMBER(AVERAGEIF(Historis_Tunj1[[#This Row],[1]:[12]],">0")),AVERAGEIF(Historis_Tunj1[[#This Row],[1]:[12]],">0"),0) -> 0 | Q16: =Historis_Tunj1[[#This Row],[12]] -> 0 | R16: 0
A17: 6 | B17: Pegawai 6 | C17: =INDEX(Data_Pegawai[Jabatan],MATCH(Historis_Tunj1[[#This Row],[Nama]],Data_Pegawai[Nama],0)) -> ADM Pelaporan | D17: 0 | E17: 0 | F17: 0 | G17: 0 | H17: 0 | I17: 0 | J17: 0 | K17: 0 | L17: 0 | M17: 0 | N17: 0 | O17: 0 | P17: =IF(ISNUMBER(AVERAGEIF(Historis_Tunj1[[#This Row],[1]:[12]],">0")),AVERAGEIF(Historis_Tunj1[[#This Row],[1]:[12]],">0"),0) -> 0 | Q17: =Historis_Tunj1[[#This Row],[12]] -> 0 | R17: 0
A18: 7 | B18: Pegawai 7 | C18: =INDEX(Data_Pegawai[Jabatan],MATCH(Historis_Tunj1[[#This Row],[Nama]],Data_Pegawai[Nama],0)) -> Funding | D18: 0 | E18: 0 | F18: 0 | G18: 0 | H18: 0 | I18: 0 | J18: 0 | K18: 0 | L18: 0 | M18: 0 | N18: 0 | O18: 0 | P18: =IF(ISNUMBER(AVERAGEIF(Historis_Tunj1[[#This Row],[1]:[12]],">0")),AVERAGEIF(Historis_Tunj1[[#This Row],[1]:[12]],">0"),0) -> 0 | Q18: =Historis_Tunj1[[#This Row],[12]] -> 0 | R18: 0
A19: 8 | B19: Pegawai 8 | C19: =INDEX(Data_Pegawai[Jabatan],MATCH(Historis_Tunj1[[#This Row],[Nama]],Data_Pegawai[Nama],0)) -> ADM Pembiayaan | D19: 0 | E19: 0 | F19: 0 | G19: 0 | H19: 0 | I19: 0 | J19: 0 | K19: 0 | L19: 0 | M19: 0 | N19: 0 | O19: 0 | P19: =IF(ISNUMBER(AVERAGEIF(Historis_Tunj1[[#This Row],[1]:[12]],">0")),AVERAGEIF(Historis_Tunj1[[#This Row],[1]:[12]],">0"),0) -> 0 | Q19: =Historis_Tunj1[[#This Row],[12]] -> 0 | R19: 0
A20: 9 | B20: Pegawai 9 | C20: =INDEX(Data_Pegawai[Jabatan],MATCH(Historis_Tunj1[[#This Row],[Nama]],Data_Pegawai[Nama],0)) -> Teller | D20: 250000 | E20: 250000 | F20: 250000 | G20: 250000 | H20: 250000 | I20: 250000 | J20: 250000 | K20: 250000 | L20: 250000 | M20: 250000 | N20: 250000 | O20: 250000 | P20: =IF(ISNUMBER(AVERAGEIF(Historis_Tunj1[[#This Row],[1]:[12]],">0")),AVERAGEIF(Historis_Tunj1[[#This Row],[1]:[12]],">0"),0) -> 250000 | Q20: =Historis_Tunj1[[#This Row],[12]] -> 250000 | R20: 250000
A21: 10 | B21: Pegawai 10 | C21: =INDEX(Data_Pegawai[Jabatan],MATCH(Historis_Tunj1[[#This Row],[Nama]],Data_Pegawai[Nama],0)) -> A/O Loan | D21: 0 | E21: 0 | F21: 0 | G21: 0 | H21: 0 | I21: 0 | J21: 0 | K21: 0 | L21: 0 | M21: 0 | N21: 0 | O21: 0 | P21: =IF(ISNUMBER(AVERAGEIF(Historis_Tunj1[[#This Row],[1]:[12]],">0")),AVERAGEIF(Historis_Tunj1[[#This Row],[1]:[12]],">0"),0) -> 0 | Q21: =Historis_Tunj1[[#This Row],[12]] -> 0 | R21: 0
A22: 11 | B22: Pegawai 11 | C22: =INDEX(Data_Pegawai[Jabatan],MATCH(Historis_Tunj1[[#This Row],[Nama]],Data_Pegawai[Nama],0)) -> ADM Pembiayaan | D22: 0 | E22: 0 | F22: 0 | G22: 0 | H22: 0 | I22: 0 | J22: 0 | K22: 0 | L22: 0 | M22: 0 | N22: 0 | O22: 0 | P22: =IF(ISNUMBER(AVERAGEIF(Historis_Tunj1[[#This Row],[1]:[12]],">0")),AVERAGEIF(Historis_Tunj1[[#This Row],[1]:[12]],">0"),0) -> 0 | Q22: =Historis_Tunj1[[#This Row],[12]] -> 0 | R22: 0
A23: 12 | B23: Pegawai 12 | C23: =INDEX(Data_Pegawai[Jabatan],MATCH(Historis_Tunj1[[#This Row],[Nama]],Data_Pegawai[Nama],0)) -> Bag.Umum | D23: 0 | E23: 0 | F23: 0 | G23: 0 | H23: 0 | I23: 0 | J23: 0 | K23: 0 | L23: 0 | M23: 0 | N23: 0 | O23: 0 | P23: =IF(ISNUMBER(AVERAGEIF(Historis_Tunj1[[#This Row],[1]:[12]],">0")),AVERAGEIF(Historis_Tunj1[[#This Row],[1]:[12]],">0"),0) -> 0 | Q23: =Historis_Tunj1[[#This Row],[12]] -> 0 | R23: 0
A24: 13 | B24: Pegawai 13 | C24: =INDEX(Data_Pegawai[Jabatan],MATCH(Historis_Tunj1[[#This Row],[Nama]],Data_Pegawai[Nama],0)) -> Satpam | D24: 0 | E24: 0 | F24: 0 | G24: 0 | H24: 0 | I24: 0 | J24: 0 | K24: 0 | L24: 0 | M24: 0 | N24: 0 | O24: 0 | P24: =IF(ISNUMBER(AVERAGEIF(Historis_Tunj1[[#This Row],[1]:[12]],">0")),AVERAGEIF(Historis_Tunj1[[#This Row],[1]:[12]],">0"),0) -> 0 | Q24: =Historis_Tunj1[[#This Row],[12]] -> 0 | R24: 0
A25: 14 | C25: =INDEX(Data_Pegawai[Jabatan],MATCH(Historis_Tunj1[[#This Row],[Nama]],Data_Pegawai[Nama],0)) -> #N/A | P25: =IF(ISNUMBER(AVERAGEIF(Historis_Tunj1[[#This Row],[1]:[12]],">0")),AVERAGEIF(Historis_Tunj1[[#This Row],[1]:[12]],">0"),0) -> 0 | Q25: =Historis_Tunj1[[#This Row],[12]] -> 0
A26: 15 | C26: =INDEX(Data_Pegawai[Jabatan],MATCH(Historis_Tunj1[[#This Row],[Nama]],Data_Pegawai[Nama],0)) -> #N/A | P26: =IF(ISNUMBER(AVERAGEIF(Historis_Tunj1[[#This Row],[1]:[12]],">0")),AVERAGEIF(Historis_Tunj1[[#This Row],[1]:[12]],">0"),0) -> 0 | Q26: =Historis_Tunj1[[#This Row],[12]] -> 0
A27: 16 | C27: =INDEX(Data_Pegawai[Jabatan],MATCH(Historis_Tunj1[[#This Row],[Nama]],Data_Pegawai[Nama],0)) -> #N/A | P27: =IF(ISNUMBER(AVERAGEIF(Historis_Tunj1[[#This Row],[1]:[12]],">0")),AVERAGEIF(Historis_Tunj1[[#This Row],[1]:[12]],">0"),0) -> 0 | Q27: =Historis_Tunj1[[#This Row],[12]] -> 0
A28: 17 | C28: =INDEX(Data_Pegawai[Jabatan],MATCH(Historis_Tunj1[[#This Row],[Nama]],Data_Pegawai[Nama],0)) -> #N/A | P28: =IF(ISNUMBER(AVERAGEIF(Historis_Tunj1[[#This Row],[1]:[12]],">0")),AVERAGEIF(Historis_Tunj1[[#This Row],[1]:[12]],">0"),0) -> 0 | Q28: =Historis_Tunj1[[#This Row],[12]] -> 0
A29: 18 | C29: =INDEX(Data_Pegawai[Jabatan],MATCH(Historis_Tunj1[[#This Row],[Nama]],Data_Pegawai[Nama],0)) -> #N/A | P29: =IF(ISNUMBER(AVERAGEIF(Historis_Tunj1[[#This Row],[1]:[12]],">0")),AVERAGEIF(Historis_Tunj1[[#This Row],[1]:[12]],">0"),0) -> 0 | Q29: =Historis_Tunj1[[#This Row],[12]] -> 0
A30: 19 | C30: =INDEX(Data_Pegawai[Jabatan],MATCH(Historis_Tunj1[[#This Row],[Nama]],Data_Pegawai[Nama],0)) -> #N/A | P30: =IF(ISNUMBER(AVERAGEIF(Historis_Tunj1[[#This Row],[1]:[12]],">0")),AVERAGEIF(Historis_Tunj1[[#This Row],[1]:[12]],">0"),0) -> 0 | Q30: =Historis_Tunj1[[#This Row],[12]] -> 0
A31: 20 | C31: =INDEX(Data_Pegawai[Jabatan],MATCH(Historis_Tunj1[[#This Row],[Nama]],Data_Pegawai[Nama],0)) -> #N/A | P31: =IF(ISNUMBER(AVERAGEIF(Historis_Tunj1[[#This Row],[1]:[12]],">0")),AVERAGEIF(Historis_Tunj1[[#This Row],[1]:[12]],">0"),0) -> 0 | Q31: =Historis_Tunj1[[#This Row],[12]] -> 0
A32: Total | B32: =SUBTOTAL(103,Historis_Tunj1[Nama]) -> 13 | D32: =SUBTOTAL(109,Historis_Tunj1[1]) -> 1250000 | E32: =SUBTOTAL(109,Historis_Tunj1[2]) -> 1250000 | F32: =SUBTOTAL(109,Historis_Tunj1[3]) -> 1250000 | G32: =SUBTOTAL(109,Historis_Tunj1[4]) -> 1250000 | H32: =SUBTOTAL(109,Historis_Tunj1[5]) -> 1250000 | I32: =SUBTOTAL(109,Historis_Tunj1[6]) -> 1250000 | J32: =SUBTOTAL(109,Historis_Tunj1[7]) -> 1250000 | K32: =SUBTOTAL(109,Historis_Tunj1[8]) -> 1250000 | L32: =SUBTOTAL(109,Historis_Tunj1[9]) -> 1250000 | M32: =SUBTOTAL(109,Historis_Tunj1[10]) -> 1250000 | N32: =SUBTOTAL(109,Historis_Tunj1[11]) -> 1250000 | O32: =SUBTOTAL(109,Historis_Tunj1[12]) -> 1250000 | R32: =SUBTOTAL(109,Historis_Tunj1[Angka yang Digunakan]) -> 1250000
A34: Keterangan:
B35: Terdapat perubahan historis gaji dari bulan sebelumnya

Sheet 4. Historis Tunjangan 2
A2: KERTAS KERJA
A3: ANALISA PEMBERIAN PESANGON PEGAWAI
A4: =UPPER('1. Perhitungan Pesangon'!$C$7) -> PT BPRS HAREUKAT (DL)
A5: ="Historis "&C7 -> Historis Tunjangan Istri/Anak
A7: Jenis Tunjangan | C7: Tunjangan Istri/Anak
D9: Historis Tunjangan
D10: =DATE(YEAR('1. Perhitungan Pesangon'!$C$8),MONTH('1. Perhitungan Pesangon'!$C$8)-12,1) -> 43374 | E10: =DATE(YEAR('1. Perhitungan Pesangon'!$C$8),MONTH('1. Perhitungan Pesangon'!$C$8)-11,1) -> 43405 | F10: =DATE(YEAR('1. Perhitungan Pesangon'!$C$8),MONTH('1. Perhitungan Pesangon'!$C$8)-10,1) -> 43435 | G10: =DATE(YEAR('1. Perhitungan Pesangon'!$C$8),MONTH('1. Perhitungan Pesangon'!$C$8)-9,1) -> 43466 | H10: =DATE(YEAR('1. Perhitungan Pesangon'!$C$8),MONTH('1. Perhitungan Pesangon'!$C$8)-8,1) -> 43497 | I10: =DATE(YEAR('1. Perhitungan Pesangon'!$C$8),MONTH('1. Perhitungan Pesangon'!$C$8)-7,1) -> 43525 | J10: =DATE(YEAR('1. Perhitungan Pesangon'!$C$8),MONTH('1. Perhitungan Pesangon'!$C$8)-6,1) -> 43556 | K10: =DATE(YEAR('1. Perhitungan Pesangon'!$C$8),MONTH('1. Perhitungan Pesangon'!$C$8)-5,1) -> 43586 | L10: =DATE(YEAR('1. Perhitungan Pesangon'!$C$8),MONTH('1. Perhitungan Pesangon'!$C$8)-4,1) -> 43617 | M10: =DATE(YEAR('1. Perhitungan Pesangon'!$C$8),MONTH('1. Perhitungan Pesangon'!$C$8)-3,1) -> 43647 | N10: =DATE(YEAR('1. Perhitungan Pesangon'!$C$8),MONTH('1. Perhitungan Pesangon'!$C$8)-2,1) -> 43678 | O10: =DATE(YEAR('1. Perhitungan Pesangon'!$C$8),MONTH('1. Perhitungan Pesangon'!$C$8)-1,1) -> 43709
A11: No. | B11: Nama | C11: Jabatan | D11: 1 | E11: 2 | F11: 3 | G11: 4 | H11: 5 | I11: 6 | J11: 7 | K11: 8 | L11: 9 | M11: 10 | N11: 11 | O11: 12 | P11: Avg. | Q11: Angka Terakhir | R11: Angka yang Digunakan | S11: Keterangan
A12: 1 | B12: Pegawai 1 | C12: =INDEX(Data_Pegawai[Jabatan],MATCH(Historis_Tunj2[[#This Row],[Nama]],Data_Pegawai[Nama],0)) -> Kabag Operasional | D12: 0 | E12: 0 | F12: 0 | G12: 0 | H12: 0 | I12: 0 | J12: 0 | K12: 0 | L12: 0 | M12: 0 | N12: 0 | O12: 0 | P12: =IF(ISNUMBER(AVERAGEIF(Historis_Tunj2[[#This Row],[1]:[12]],">0")),AVERAGEIF(Historis_Tunj2[[#This Row],[1]:[12]],">0"),0) -> 0 | Q12: =Historis_Tunj2[[#This Row],[12]] -> 0 | R12: 0
A13: 2 | B13: Pegawai 2 | C13: =INDEX(Data_Pegawai[Jabatan],MATCH(Historis_Tunj2[[#This Row],[Nama]],Data_Pegawai[Nama],0)) -> Kabag Pembiayaan | D13: 300000 | E13: 300000 | F13: 300000 | G13: 300000 | H13: 300000 | I13: 300000 | J13: 300000 | K13: 300000 | L13: 300000 | M13: 300000 | N13: 300000 | O13: 300000 | P13: =IF(ISNUMBER(AVERAGEIF(Historis_Tunj2[[#This Row],[1]:[12]],">0")),AVERAGEIF(Historis_Tunj2[[#This Row],[1]:[12]],">0"),0) -> 300000 | Q13: =Historis_Tunj2[[#This Row],[12]] -> 300000 | R13: 300000
A14: 3 | B14: Pegawai 3 | C14: =INDEX(Data_Pegawai[Jabatan],MATCH(Historis_Tunj2[[#This Row],[Nama]],Data_Pegawai[Nama],0)) -> A/O Loan | D14: 0 | E14: 0 | F14: 0 | G14: 0 | H14: 0 | I14: 0 | J14: 600000 | K14: 600000 | L14: 600000 | M14: 600000 | N14: 600000 | O14: 600000 | P14: =IF(ISNUMBER(AVERAGEIF(Historis_Tunj2[[#This Row],[1]:[12]],">0")),AVERAGEIF(Historis_Tunj2[[#This Row],[1]:[12]],">0"),0) -> 600000 | Q14: =Historis_Tunj2[[#This Row],[12]] -> 600000 | R14: 600000
A15: 4 | B15: Pegawai 4 | C15: =INDEX(Data_Pegawai[Jabatan],MATCH(Historis_Tunj2[[#This Row],[Nama]],Data_Pegawai[Nama],0)) -> Funding | D15: 0 | E15: 0 | F15: 0 | G15: 0 | H15: 0 | I15: 0 | J15: 0 | K15: 0 | L15: 0 | M15: 0 | N15: 0 | O15: 0 | P15: =IF(ISNUMBER(AVERAGEIF(Historis_Tunj2[[#This Row],[1]:[12]],">0")),AVERAGEIF(Historis_Tunj2[[#This Row],[1]:[12]],">0"),0) -> 0 | Q15: =Historis_Tunj2[[#This Row],[12]] -> 0 | R15: 300000
A16: 5 | B16: Pegawai 5 | C16: =INDEX(Data_Pegawai[Jabatan],MATCH(Historis_Tunj2[[#This Row],[Nama]],Data_Pegawai[Nama],0)) -> A/O Loan | D16: 600000 | E16: 600000 | F16: 600000 | G16: 600000 | H16: 600000 | I16: 600000 | J16: 600000 | K16: 600000 | L16: 600000 | M16: 600000 | N16: 600000 | O16: 600000 | P16: =IF(ISNUMBER(AVERAGEIF(Historis_Tunj2[[#This Row],[1]:[12]],">0")),AVERAGEIF(Historis_Tunj2[[#This Row],[1]:[12]],">0"),0) -> 600000 | Q16: =Historis_Tunj2[[#This Row],[12]] -> 600000 | R16: 600000
A17: 6 | B17: Pegawai 6 | C17: =INDEX(Data_Pegawai[Jabatan],MATCH(Historis_Tunj2[[#This Row],[Nama]],Data_Pegawai[Nama],0)) -> ADM Pelaporan | D17: 400000 | E17: 400000 | F17: 400000 | G17: 400000 | H17: 400000 | I17: 400000 | J17: 400000 | K17: 400000 | L17: 400000 | M17: 400000 | N17: 400000 | O17: 400000 | P17: =IF(ISNUMBER(AVERAGEIF(Historis_Tunj2[[#This Row],[1]:[12]],">0")),AVERAGEIF(Historis_Tunj2[[#This Row],[1]:[12]],">0"),0) -> 400000 | Q17: =Historis_Tunj2[[#This Row],[12]] -> 400000 | R17: 400000
A18: 7 | B18: Pegawai 7 | C18: =INDEX(Data_Pegawai[Jabatan],MATCH(Historis_Tunj2[[#This Row],[Nama]],Data_Pegawai[Nama],0)) -> Funding | D18: 0 | E18: 0 | F18: 0 | G18: 0 | H18: 0 | I18: 0 | J18: 0 | K18: 0 | L18: 0 | M18: 0 | N18: 0 | O18: 0 | P18: =IF(ISNUMBER(AVERAGEIF(Historis_Tunj2[[#This Row],[1]:[12]],">0")),AVERAGEIF(Historis_Tunj2[[#This Row],[1]:[12]],">0"),0) -> 0 | Q18: =Historis_Tunj2[[#This Row],[12]] -> 0 | R18: 300000
A19: 8 | B19: Pegawai 8 | C19: =INDEX(Data_Pegawai[Jabatan],MATCH(Historis_Tunj2[[#This Row],[Nama]],Data_Pegawai[Nama],0)) -> ADM Pembiayaan | D19: 400000 | E19: 400000 | F19: 400000 | G19: 400000 | H19: 400000 | I19: 400000 | J19: 400000 | K19: 400000 | L19: 400000 | M19: 400000 | N19: 400000 | O19: 400000 | P19: =IF(ISNUMBER(AVERAGEIF(Historis_Tunj2[[#This Row],[1]:[12]],">0")),AVERAGEIF(Historis_Tunj2[[#This Row],[1]:[12]],">0"),0) -> 400000 | Q19: =Historis_Tunj2[[#This Row],[12]] -> 400000 | R19: 400000
A20: 9 | B20: Pegawai 9 | C20: =INDEX(Data_Pegawai[Jabatan],MATCH(Historis_Tunj2[[#This Row],[Nama]],Data_Pegawai[Nama],0)) -> Teller | D20: 100000 | E20: 100000 | F20: 100000 | G20: 100000 | H20: 100000 | I20: 100000 | J20: 100000 | K20: 100000 | L20: 100000 | M20: 100000 | N20: 100000 | O20: 100000 | P20: =IF(ISNUMBER(AVERAGEIF(Historis_Tunj2[[#This Row],[1]:[12]],">0")),AVERAGEIF(Historis_Tunj2[[#This Row],[1]:[12]],">0"),0) -> 100000 | Q20: =Historis_Tunj2[[#This Row],[12]] -> 100000 | R20: 100000
A21: 10 | B21: Pegawai 10 | C21: =INDEX(Data_Pegawai[Jabatan],MATCH(Historis_Tunj2[[#This Row],[Nama]],Data_Pegawai[Nama],0)) -> A/O Loan | D21: 0 | E21: 0 | F21: 0 | G21: 0 | H21: 0 | I21: 0 | J21: 0 | K21: 0 | L21: 0 | M21: 0 | N21: 0 | O21: 0 | P21: =IF(ISNUMBER(AVERAGEIF(Historis_Tunj2[[#This Row],[1]:[12]],">0")),AVERAGEIF(Historis_Tunj2[[#This Row],[1]:[12]],">0"),0) -> 0 | Q21: =Historis_Tunj2[[#This Row],[12]] -> 0 | R21: 0
A22: 11 | B22: Pegawai 11 | C22: =INDEX(Data_Pegawai[Jabatan],MATCH(Historis_Tunj2[[#This Row],[Nama]],Data_Pegawai[Nama],0)) -> ADM Pembiayaan | D22: 0 | E22: 0 | F22: 0 | G22: 0 | H22: 0 | I22: 0 | J22: 0 | K22: 0 | L22: 0 | M22: 0 | N22: 0 | O22: 0 | P22: =IF(ISNUMBER(AVERAGEIF(Historis_Tunj2[[#This Row],[1]:[12]],">0")),AVERAGEIF(Historis_Tunj2[[#This Row],[1]:[12]],">0"),0) -> 0 | Q22: =Historis_Tunj2[[#This Row],[12]] -> 0 | R22: 0
A23: 12 | B23: Pegawai 12 | C23: =INDEX(Data_Pegawai[Jabatan],MATCH(Historis_Tunj2[[#This Row],[Nama]],Data_Pegawai[Nama],0)) -> Bag.Umum | D23: 320000 | E23: 320000 | F23: 320000 | G23: 320000 | H23: 320000 | I23: 320000 | J23: 320000 | K23: 320000 | L23: 320000 | M23: 320000 | N23: 400000 | O23: 400000 | P23: =IF(ISNUMBER(AVERAGEIF(Historis_Tunj2[[#This Row],[1]:[12]],">0")),AVERAGEIF(Historis_Tunj2[[#This Row],[1]:[12]],">0"),0) -> 333333.33 | Q23: =Historis_Tunj2[[#This Row],[12]] -> 400000 | R23: 320000
A24: 13 | B24: Pegawai 13 | C24: =INDEX(Data_Pegawai[Jabatan],MATCH(Historis_Tunj2[[#This Row],[Nama]],Data_Pegawai[Nama],0)) -> Satpam | D24: 240000 | E24: 240000 | F24: 240000 | G24: 240000 | H24: 240000 | I24: 240000 | J24: 240000 | K24: 240000 | L24: 240000 | M24: 240000 | N24: 300000 | O24: 300000 | P24: =IF(ISNUMBER(AVERAGEIF(Historis_Tunj2[[#This Row],[1]:[12]],">0")),AVERAGEIF(Historis_Tunj2[[#This Row],[1]:[12]],">0"),0) -> 250000 | Q24: =Historis_Tunj2[[#This Row],[12]] -> 300000 | R24: 240000
A25: 14 | C25: =INDEX(Data_Pegawai[Jabatan],MATCH(Historis_Tunj2[[#This Row],[Nama]],Data_Pegawai[Nama],0)) -> #N/A | P25: =IF(ISNUMBER(AVERAGEIF(Historis_Tunj2[[#This Row],[1]:[12]],">0")),AVERAGEIF(Historis_Tunj2[[#This Row],[1]:[12]],">0"),0) -> 0 | Q25: =Historis_Tunj2[[#This Row],[12]] -> 0
A26: 15 | C26: =INDEX(Data_Pegawai[Jabatan],MATCH(Historis_Tunj2[[#This Row],[Nama]],Data_Pegawai[Nama],0)) -> #N/A | P26: =IF(ISNUMBER(AVERAGEIF(Historis_Tunj2[[#This Row],[1]:[12]],">0")),AVERAGEIF(Historis_Tunj2[[#This Row],[1]:[12]],">0"),0) -> 0 | Q26: =Historis_Tunj2[[#This Row],[12]] -> 0
A27: 16 | C27: =INDEX(Data_Pegawai[Jabatan],MATCH(Historis_Tunj2[[#This Row],[Nama]],Data_Pegawai[Nama],0)) -> #N/A | P27: =IF(ISNUMBER(AVERAGEIF(Historis_Tunj2[[#This Row],[1]:[12]],">0")),AVERAGEIF(Historis_Tunj2[[#This Row],[1]:[12]],">0"),0) -> 0 | Q27: =Historis_Tunj2[[#This Row],[12]] -> 0
A28: 17 | C28: =INDEX(Data_Pegawai[Jabatan],MATCH(Historis_Tunj2[[#This Row],[Nama]],Data_Pegawai[Nama],0)) -> #N/A | P28: =IF(ISNUMBER(AVERAGEIF(Historis_Tunj2[[#This Row],[1]:[12]],">0")),AVERAGEIF(Historis_Tunj2[[#This Row],[1]:[12]],">0"),0) -> 0 | Q28: =Historis_Tunj2[[#This Row],[12]] -> 0
A29: 18 | C29: =INDEX(Data_Pegawai[Jabatan],MATCH(Historis_Tunj2[[#This Row],[Nama]],Data_Pegawai[Nama],0)) -> #N/A | P29: =IF(ISNUMBER(AVERAGEIF(Historis_Tunj2[[#This Row],[1]:[12]],">0")),AVERAGEIF(Historis_Tunj2[[#This Row],[1]:[12]],">0"),0) -> 0 | Q29: =Historis_Tunj2[[#This Row],[12]] -> 0
A30: 19 | C30: =INDEX(Data_Pegawai[Jabatan],MATCH(Historis_Tunj2[[#This Row],[Nama]],Data_Pegawai[Nama],0)) -> #N/A | P30: =IF(ISNUMBER(AVERAGEIF(Historis_Tunj2[[#This Row],[1]:[12]],">0")),AVERAGEIF(Historis_Tunj2[[#This Row],[1]:[12]],">0"),0) -> 0 | Q30: =Historis_Tunj2[[#This Row],[12]] -> 0
A31: 20 | C31: =INDEX(Data_Pegawai[Jabatan],MATCH(Historis_Tunj2[[#This Row],[Nama]],Data_Pegawai[Nama],0)) -> #N/A | P31: =IF(ISNUMBER(AVERAGEIF(Historis_Tunj2[[#This Row],[1]:[12]],">0")),AVERAGEIF(Historis_Tunj2[[#This Row],[1]:[12]],">0"),0) -> 0 | Q31: =Historis_Tunj2[[#This Row],[12]] -> 0
A32: Total | B32: =SUBTOTAL(103,Historis_Tunj2[Nama]) -> 13 | D32: =SUBTOTAL(109,Historis_Tunj2[1]) -> 2360000 | E32: =SUBTOTAL(109,Historis_Tunj2[2]) -> 2360000 | F32: =SUBTOTAL(109,Historis_Tunj2[3]) -> 2360000 | G32: =SUBTOTAL(109,Historis_Tunj2[4]) -> 2360000 | H32: =SUBTOTAL(109,Historis_Tunj2[5]) -> 2360000 | I32: =SUBTOTAL(109,Historis_Tunj2[6]) -> 2360000 | J32: =SUBTOTAL(109,Historis_Tunj2[7]) -> 2960000 | K32: =SUBTOTAL(109,Historis_Tunj2[8]) -> 2960000 | L32: =SUBTOTAL(109,Historis_Tunj2[9]) -> 2960000 | M32: =SUBTOTAL(109,Historis_Tunj2[10]) -> 2960000 | N32: =SUBTOTAL(109,Historis_Tunj2[11]) -> 3100000 | O32: =SUBTOTAL(109,Historis_Tunj2[12]) -> 3100000 | R32: =SUBTOTAL(109,Historis_Tunj2[Angka yang Digunakan]) -> 3560000
A34: Keterangan:
B35: Terdapat perubahan historis gaji dari bulan sebelumnya

Sheet 5. Historis Tunjangan 3
A2: KERTAS KERJA
A3: ANALISA PEMBERIAN PESANGON PEGAWAI
A4: =UPPER('1. Perhitungan Pesangon'!$C$7) -> PT BPRS HAREUKAT (DL)
A5: ="Historis "&C7 -> Historis Tunjangan Transportasi
A7: Jenis Tunjangan | C7: Tunjangan Transportasi
D9: Historis Tunjangan
D10: =DATE(YEAR('1. Perhitungan Pesangon'!$C$8),MONTH('1. Perhitungan Pesangon'!$C$8)-12,1) -> 43374 | E10: =DATE(YEAR('1. Perhitungan Pesangon'!$C$8),MONTH('1. Perhitungan Pesangon'!$C$8)-11,1) -> 43405 | F10: =DATE(YEAR('1. Perhitungan Pesangon'!$C$8),MONTH('1. Perhitungan Pesangon'!$C$8)-10,1) -> 43435 | G10: =DATE(YEAR('1. Perhitungan Pesangon'!$C$8),MONTH('1. Perhitungan Pesangon'!$C$8)-9,1) -> 43466 | H10: =DATE(YEAR('1. Perhitungan Pesangon'!$C$8),MONTH('1. Perhitungan Pesangon'!$C$8)-8,1) -> 43497 | I10: =DATE(YEAR('1. Perhitungan Pesangon'!$C$8),MONTH('1. Perhitungan Pesangon'!$C$8)-7,1) -> 43525 | J10: =DATE(YEAR('1. Perhitungan Pesangon'!$C$8),MONTH('1. Perhitungan Pesangon'!$C$8)-6,1) -> 43556 | K10: =DATE(YEAR('1. Perhitungan Pesangon'!$C$8),MONTH('1. Perhitungan Pesangon'!$C$8)-5,1) -> 43586 | L10: =DATE(YEAR('1. Perhitungan Pesangon'!$C$8),MONTH('1. Perhitungan Pesangon'!$C$8)-4,1) -> 43617 | M10: =DATE(YEAR('1. Perhitungan Pesangon'!$C$8),MONTH('1. Perhitungan Pesangon'!$C$8)-3,1) -> 43647 | N10: =DATE(YEAR('1. Perhitungan Pesangon'!$C$8),MONTH('1. Perhitungan Pesangon'!$C$8)-2,1) -> 43678 | O10: =DATE(YEAR('1. Perhitungan Pesangon'!$C$8),MONTH('1. Perhitungan Pesangon'!$C$8)-1,1) -> 43709
A11: No. | B11: Nama | C11: Jabatan | D11: 1 | E11: 2 | F11: 3 | G11: 4 | H11: 5 | I11: 6 | J11: 7 | K11: 8 | L11: 9 | M11: 10 | N11: 11 | O11: 12 | P11: Avg. | Q11: Angka Terakhir | R11: Angka yang Digunakan | S11: Keterangan
A12: 1 | B12: Pegawai 1 | C12: =INDEX(Data_Pegawai[Jabatan],MATCH(Historis_Tunj3[[#This Row],[Nama]],Data_Pegawai[Nama],0)) -> Kabag Operasional | D12: 465000 | E12: 465000 | F12: 465000 | G12: 465000 | H12: 465000 | I12: 465000 | J12: 465000 | K12: 465000 | L12: 465000 | M12: 465000 | N12: 465000 | O12: 1500000 | P12: =IF(ISNUMBER(AVERAGEIF(Historis_Tunj3[[#This Row],[1]:[12]],">0")),AVERAGEIF(Historis_Tunj3[[#This Row],[1]:[12]],">0"),0) -> 551250 | Q12: =Historis_Tunj3[[#This Row],[12]] -> 1500000
A13: 2 | B13: Pegawai 2 | C13: =INDEX(Data_Pegawai[Jabatan],MATCH(Historis_Tunj3[[#This Row],[Nama]],Data_Pegawai[Nama],0)) -> Kabag Pembiayaan | D13: 465000 | E13: 465000 | F13: 465000 | G13: 465000 | H13: 465000 | I13: 465000 | J13: 465000 | K13: 465000 | L13: 465000 | M13: 465000 | N13: 465000 | O13: 1500000 | P13: =IF(ISNUMBER(AVERAGEIF(Historis_Tunj3[[#This Row],[1]:[12]],">0")),AVERAGEIF(Historis_Tunj3[[#This Row],[1]:[12]],">0"),0) -> 551250 | Q13: =Historis_Tunj3[[#This Row],[12]] -> 1500000
A14: 3 | B14: Pegawai 3 | C14: =INDEX(Data_Pegawai[Jabatan],MATCH(Historis_Tunj3[[#This Row],[Nama]],Data_Pegawai[Nama],0)) -> A/O Loan | J14: 465000 | K14: 465000 | L14: 465000 | M14: 465000 | N14: 465000 | O14: 750000 | P14: =IF(ISNUMBER(AVERAGEIF(Historis_Tunj3[[#This Row],[1]:[12]],">0")),AVERAGEIF(Historis_Tunj3[[#This Row],[1]:[12]],">0"),0) -> 512500 | Q14: =Historis_Tunj3[[#This Row],[12]] -> 750000
A15: 4 | B15: Pegawai 4 | C15: =INDEX(Data_Pegawai[Jabatan],MATCH(Historis_Tunj3[[#This Row],[Nama]],Data_Pegawai[Nama],0)) -> Funding | D15: 0 | E15: 0 | F15: 0 | G15: 0 | H15: 0 | I15: 0 | J15: 0 | K15: 0 | L15: 0 | M15: 0 | N15: 0 | O15: 0 | P15: =IF(ISNUMBER(AVERAGEIF(Historis_Tunj3[[#This Row],[1]:[12]],">0")),AVERAGEIF(Historis_Tunj3[[#This Row],[1]:[12]],">0"),0) -> 0 | Q15: =Historis_Tunj3[[#This Row],[12]] -> 0
A16: 5 | B16: Pegawai 5 | C16: =INDEX(Data_Pegawai[Jabatan],MATCH(Historis_Tunj3[[#This Row],[Nama]],Data_Pegawai[Nama],0)) -> A/O Loan | D16: 465000 | E16: 465000 | F16: 465000 | G16: 465000 | H16: 465000 | I16: 465000 | J16: 465000 | K16: 465000 | L16: 465000 | M16: 465000 | N16: 465000 | O16: 750000 | P16: =IF(ISNUMBER(AVERAGEIF(Historis_Tunj3[[#This Row],[1]:[12]],">0")),AVERAGEIF(Historis_Tunj3[[#This Row],[1]:[12]],">0"),0) -> 488750 | Q16: =Historis_Tunj3[[#This Row],[12]] -> 750000
A17: 6 | B17: Pegawai 6 | C17: =INDEX(Data_Pegawai[Jabatan],MATCH(Historis_Tunj3[[#This Row],[Nama]],Data_Pegawai[Nama],0)) -> ADM Pelaporan | D17: 465000 | E17: 465000 | F17: 465000 | G17: 465000 | H17: 465000 | I17: 465000 | J17: 465000 | K17: 465000 | L17: 465000 | M17: 465000 | N17: 465000 | O17: 750000 | P17: =IF(ISNUMBER(AVERAGEIF(Historis_Tunj3[[#This Row],[1]:[12]],">0")),AVERAGEIF(Historis_Tunj3[[#This Row],[1]:[12]],">0"),0) -> 488750 | Q17: =Historis_Tunj3[[#This Row],[12]] -> 750000
A18: 7 | B18: Pegawai 7 | C18: =INDEX(Data_Pegawai[Jabatan],MATCH(Historis_Tunj3[[#This Row],[Nama]],Data_Pegawai[Nama],0)) -> Funding | D18: 0 | E18: 0 | F18: 0 | G18: 0 | H18: 0 | I18: 0 | J18: 0 | K18: 0 | L18: 0 | M18: 0 | N18: 0 | O18: 0 | P18: =IF(ISNUMBER(AVERAGEIF(Historis_Tunj3[[#This Row],[1]:[12]],">0")),AVERAGEIF(Historis_Tunj3[[#This Row],[1]:[12]],">0"),0) -> 0 | Q18: =Historis_Tunj3[[#This Row],[12]] -> 0
A19: 8 | B19: Pegawai 8 | C19: =INDEX(Data_Pegawai[Jabatan],MATCH(Historis_Tunj3[[#This Row],[Nama]],Data_Pegawai[Nama],0)) -> ADM Pembiayaan | D19: 465000 | E19: 465000 | F19: 465000 | G19: 465000 | H19: 465000 | I19: 465000 | J19: 465000 | K19: 465000 | L19: 465000 | M19: 465000 | N19: 465000 | O19: 750000 | P19: =IF(ISNUMBER(AVERAGEIF(Historis_Tunj3[[#This Row],[1]:[12]],">0")),AVERAGEIF(Historis_Tunj3[[#This Row],[1]:[12]],">0"),0) -> 488750 | Q19: =Historis_Tunj3[[#This Row],[12]] -> 750000
A20: 9 | B20: Pegawai 9 | C20: =INDEX(Data_Pegawai[Jabatan],MATCH(Historis_Tunj3[[#This Row],[Nama]],Data_Pegawai[Nama],0)) -> Teller | D20: 465000 | E20: 465000 | F20: 465000 | G20: 465000 | H20: 465000 | I20: 465000 | J20: 465000 | K20: 465000 | L20: 465000 | M20: 465000 | N20: 465000 | O20: 750000 | P20: =IF(ISNUMBER(AVERAGEIF(Historis_Tunj3[[#This Row],[1]:[12]],">0")),AVERAGEIF(Historis_Tunj3[[#This Row],[1]:[12]],">0"),0) -> 488750 | Q20: =Historis_Tunj3[[#This Row],[12]] -> 750000
A21: 10 | B21: Pegawai 10 | C21: =INDEX(Data_Pegawai[Jabatan],MATCH(Historis_Tunj3[[#This Row],[Nama]],Data_Pegawai[Nama],0)) -> A/O Loan | D21: 0 | E21: 0 | F21: 0 | G21: 0 | H21: 0 | I21: 0 | J21: 0 | K21: 0 | L21: 0 | M21: 0 | N21: 0 | O21: 0 | P21: =IF(ISNUMBER(AVERAGEIF(Historis_Tunj3[[#This Row],[1]:[12]],">0")),AVERAGEIF(Historis_Tunj3[[#This Row],[1]:[12]],">0"),0) -> 0 | Q21: =Historis_Tunj3[[#This Row],[12]] -> 0
A22: 11 | B22: Pegawai 11 | C22: =INDEX(Data_Pegawai[Jabatan],MATCH(Historis_Tunj3[[#This Row],[Nama]],Data_Pegawai[Nama],0)) -> ADM Pembiayaan | D22: 465000 | E22: 465000 | F22: 465000 | G22: 0 | H22: 0 | I22: 0 | J22: 0 | K22: 0 | L22: 0 | M22: 0 | N22: 0 | O22: 0 | P22: =IF(ISNUMBER(AVERAGEIF(Historis_Tunj3[[#This Row],[1]:[12]],">0")),AVERAGEIF(Historis_Tunj3[[#This Row],[1]:[12]],">0"),0) -> 465000 | Q22: =Historis_Tunj3[[#This Row],[12]] -> 0
A23: 12 | B23: Pegawai 12 | C23: =INDEX(Data_Pegawai[Jabatan],MATCH(Historis_Tunj3[[#This Row],[Nama]],Data_Pegawai[Nama],0)) -> Bag.Umum | D23: 372000 | E23: 372000 | F23: 372000 | G23: 372000 | H23: 372000 | I23: 372000 | J23: 372000 | K23: 372000 | L23: 372000 | M23: 372000 | N23: 465000 | O23: 750000 | P23: =IF(ISNUMBER(AVERAGEIF(Historis_Tunj3[[#This Row],[1]:[12]],">0")),AVERAGEIF(Historis_Tunj3[[#This Row],[1]:[12]],">0"),0) -> 411250 | Q23: =Historis_Tunj3[[#This Row],[12]] -> 750000
A24: 13 | B24: Pegawai 13 | C24: =INDEX(Data_Pegawai[Jabatan],MATCH(Historis_Tunj3[[#This Row],[Nama]],Data_Pegawai[Nama],0)) -> Satpam | D24: 372000 | E24: 372000 | F24: 372000 | G24: 372000 | H24: 372000 | I24: 372000 | J24: 372000 | K24: 372000 | L24: 372000 | M24: 372000 | N24: 465000 | O24: 750000 | P24: =IF(ISNUMBER(AVERAGEIF(Historis_Tunj3[[#This Row],[1]:[12]],">0")),AVERAGEIF(Historis_Tunj3[[#This Row],[1]:[12]],">0"),0) -> 411250 | Q24: =Historis_Tunj3[[#This Row],[12]] -> 750000
A25: 14 | C25: =INDEX(Data_Pegawai[Jabatan],MATCH(Historis_Tunj3[[#This Row],[Nama]],Data_Pegawai[Nama],0)) -> #N/A | P25: =IF(ISNUMBER(AVERAGEIF(Historis_Tunj3[[#This Row],[1]:[12]],">0")),AVERAGEIF(Historis_Tunj3[[#This Row],[1]:[12]],">0"),0) -> 0 | Q25: =Historis_Tunj3[[#This Row],[12]] -> 0
A26: 15 | C26: =INDEX(Data_Pegawai[Jabatan],MATCH(Historis_Tunj3[[#This Row],[Nama]],Data_Pegawai[Nama],0)) -> #N/A | P26: =IF(ISNUMBER(AVERAGEIF(Historis_Tunj3[[#This Row],[1]:[12]],">0")),AVERAGEIF(Historis_Tunj3[[#This Row],[1]:[12]],">0"),0) -> 0 | Q26: =Historis_Tunj3[[#This Row],[12]] -> 0
A27: 16 | C27: =INDEX(Data_Pegawai[Jabatan],MATCH(Historis_Tunj3[[#This Row],[Nama]],Data_Pegawai[Nama],0)) -> #N/A | P27: =IF(ISNUMBER(AVERAGEIF(Historis_Tunj3[[#This Row],[1]:[12]],">0")),AVERAGEIF(Historis_Tunj3[[#This Row],[1]:[12]],">0"),0) -> 0 | Q27: =Historis_Tunj3[[#This Row],[12]] -> 0
A28: 17 | C28: =INDEX(Data_Pegawai[Jabatan],MATCH(Historis_Tunj3[[#This Row],[Nama]],Data_Pegawai[Nama],0)) -> #N/A | P28: =IF(ISNUMBER(AVERAGEIF(Historis_Tunj3[[#This Row],[1]:[12]],">0")),AVERAGEIF(Historis_Tunj3[[#This Row],[1]:[12]],">0"),0) -> 0 | Q28: =Historis_Tunj3[[#This Row],[12]] -> 0
A29: 18 | C29: =INDEX(Data_Pegawai[Jabatan],MATCH(Historis_Tunj3[[#This Row],[Nama]],Data_Pegawai[Nama],0)) -> #N/A | P29: =IF(ISNUMBER(AVERAGEIF(Historis_Tunj3[[#This Row],[1]:[12]],">0")),AVERAGEIF(Historis_Tunj3[[#This Row],[1]:[12]],">0"),0) -> 0 | Q29: =Historis_Tunj3[[#This Row],[12]] -> 0
A30: 19 | C30: =INDEX(Data_Pegawai[Jabatan],MATCH(Historis_Tunj3[[#This Row],[Nama]],Data_Pegawai[Nama],0)) -> #N/A | P30: =IF(ISNUMBER(AVERAGEIF(Historis_Tunj3[[#This Row],[1]:[12]],">0")),AVERAGEIF(Historis_Tunj3[[#This Row],[1]:[12]],">0"),0) -> 0 | Q30: =Historis_Tunj3[[#This Row],[12]] -> 0
A31: 20 | C31: =INDEX(Data_Pegawai[Jabatan],MATCH(Historis_Tunj3[[#This Row],[Nama]],Data_Pegawai[Nama],0)) -> #N/A | P31: =IF(ISNUMBER(AVERAGEIF(Historis_Tunj3[[#This Row],[1]:[12]],">0")),AVERAGEIF(Historis_Tunj3[[#This Row],[1]:[12]],">0"),0) -> 0 | Q31: =Historis_Tunj3[[#This Row],[12]] -> 0
A32: Total | B32: =SUBTOTAL(103,Historis_Tunj3[Nama]) -> 13 | D32: =SUBTOTAL(109,Historis_Tunj3[1]) -> 3999000 | E32: =SUBTOTAL(109,Historis_Tunj3[2]) -> 3999000 | F32: =SUBTOTAL(109,Historis_Tunj3[3]) -> 3999000 | G32: =SUBTOTAL(109,Historis_Tunj3[4]) -> 3534000 | H32: =SUBTOTAL(109,Historis_Tunj3[5]) -> 3534000 | I32: =SUBTOTAL(109,Historis_Tunj3[6]) -> 3534000 | J32: =SUBTOTAL(109,Historis_Tunj3[7]) -> 3999000 | K32: =SUBTOTAL(109,Historis_Tunj3[8]) -> 3999000 | L32: =SUBTOTAL(109,Historis_Tunj3[9]) -> 3999000 | M32: =SUBTOTAL(109,Historis_Tunj3[10]) -> 3999000 | N32: =SUBTOTAL(109,Historis_Tunj3[11]) -> 4185000 | O32: =SUBTOTAL(109,Historis_Tunj3[12]) -> 8250000 | R32: =SUBTOTAL(109,Historis_Tunj3[Angka yang Digunakan]) -> 0
A34: Keterangan:
B35: Terdapat perubahan historis gaji dari bulan sebelumnya

Sheet 6. Historis Tunjangan 4
A2: KERTAS KERJA
A3: ANALISA PEMBERIAN PESANGON PEGAWAI
A4: =UPPER('1. Perhitungan Pesangon'!$C$7) -> PT BPRS HAREUKAT (DL)
A5: ="Historis "&C7 -> Historis Tunjangan Wanita
A7: Jenis Tunjangan | C7: Tunjangan Wanita
D9: Historis Tunjangan
D10: =DATE(YEAR('1. Perhitungan Pesangon'!$C$8),MONTH('1. Perhitungan Pesangon'!$C$8)-12,1) -> 43374 | E10: =DATE(YEAR('1. Perhitungan Pesangon'!$C$8),MONTH('1. Perhitungan Pesangon'!$C$8)-11,1) -> 43405 | F10: =DATE(YEAR('1. Perhitungan Pesangon'!$C$8),MONTH('1. Perhitungan Pesangon'!$C$8)-10,1) -> 43435 | G10: =DATE(YEAR('1. Perhitungan Pesangon'!$C$8),MONTH('1. Perhitungan Pesangon'!$C$8)-9,1) -> 43466 | H10: =DATE(YEAR('1. Perhitungan Pesangon'!$C$8),MONTH('1. Perhitungan Pesangon'!$C$8)-8,1) -> 43497 | I10: =DATE(YEAR('1. Perhitungan Pesangon'!$C$8),MONTH('1. Perhitungan Pesangon'!$C$8)-7,1) -> 43525 | J10: =DATE(YEAR('1. Perhitungan Pesangon'!$C$8),MONTH('1. Perhitungan Pesangon'!$C$8)-6,1) -> 43556 | K10: =DATE(YEAR('1. Perhitungan Pesangon'!$C$8),MONTH('1. Perhitungan Pesangon'!$C$8)-5,1) -> 43586 | L10: =DATE(YEAR('1. Perhitungan Pesangon'!$C$8),MONTH('1. Perhitungan Pesangon'!$C$8)-4,1) -> 43617 | M10: =DATE(YEAR('1. Perhitungan Pesangon'!$C$8),MONTH('1. Perhitungan Pesangon'!$C$8)-3,1) -> 43647 | N10: =DATE(YEAR('1. Perhitungan Pesangon'!$C$8),MONTH('1. Perhitungan Pesangon'!$C$8)-2,1) -> 43678 | O10: =DATE(YEAR('1. Perhitungan Pesangon'!$C$8),MONTH('1. Perhitungan Pesangon'!$C$8)-1,1) -> 43709
A11: No. | B11: Nama | C11: Jabatan | D11: 1 | E11: 2 | F11: 3 | G11: 4 | H11: 5 | I11: 6 | J11: 7 | K11: 8 | L11: 9 | M11: 10 | N11: 11 | O11: 12 | P11: Avg. | Q11: Angka Terakhir | R11: Angka yang Digunakan | S11: Keterangan
A12: 1 | B12: Pegawai 1 | C12: =INDEX(Data_Pegawai[Jabatan],MATCH(Historis_Tunj4[[#This Row],[Nama]],Data_Pegawai[Nama],0)) -> Kabag Operasional | D12: 50000 | E12: 50000 | F12: 50000 | G12: 50000 | H12: 50000 | I12: 50000 | J12: 50000 | K12: 50000 | L12: 50000 | M12: 50000 | N12: 50000 | O12: 50000 | P12: =IF(ISNUMBER(AVERAGEIF(Historis_Tunj4[[#This Row],[1]:[12]],">0")),AVERAGEIF(Historis_Tunj4[[#This Row],[1]:[12]],">0"),0) -> 50000 | Q12: =Historis_Tunj4[[#This Row],[12]] -> 50000 | R12: 50000
A13: 2 | B13: Pegawai 2 | C13: =INDEX(Data_Pegawai[Jabatan],MATCH(Historis_Tunj4[[#This Row],[Nama]],Data_Pegawai[Nama],0)) -> Kabag Pembiayaan | D13: 50000 | E13: 50000 | F13: 50000 | G13: 50000 | H13: 50000 | I13: 50000 | J13: 50000 | K13: 50000 | L13: 50000 | M13: 50000 | N13: 50000 | O13: 50000 | P13: =IF(ISNUMBER(AVERAGEIF(Historis_Tunj4[[#This Row],[1]:[12]],">0")),AVERAGEIF(Historis_Tunj4[[#This Row],[1]:[12]],">0"),0) -> 50000 | Q13: =Historis_Tunj4[[#This Row],[12]] -> 50000 | R13: 50000
A14: 3 | B14: Pegawai 3 | C14: =INDEX(Data_Pegawai[Jabatan],MATCH(Historis_Tunj4[[#This Row],[Nama]],Data_Pegawai[Nama],0)) -> A/O Loan | D14: 0 | E14: 0 | F14: 0 | G14: 0 | H14: 0 | I14: 0 | J14: 0 | K14: 0 | L14: 0 | M14: 0 | N14: 0 | O14: 0 | P14: =IF(ISNUMBER(AVERAGEIF(Historis_Tunj4[[#This Row],[1]:[12]],">0")),AVERAGEIF(Historis_Tunj4[[#This Row],[1]:[12]],">0"),0) -> 0 | Q14: =Historis_Tunj4[[#This Row],[12]] -> 0 | R14: 0
A15: 4 | B15: Pegawai 4 | C15: =INDEX(Data_Pegawai[Jabatan],MATCH(Historis_Tunj4[[#This Row],[Nama]],Data_Pegawai[Nama],0)) -> Funding | D15: 0 | E15: 0 | F15: 0 | G15: 0 | H15: 0 | I15: 0 | J15: 0 | K15: 0 | L15: 0 | M15: 0 | N15: 0 | O15: 0 | P15: =IF(ISNUMBER(AVERAGEIF(Historis_Tunj4[[#This Row],[1]:[12]],">0")),AVERAGEIF(Historis_Tunj4[[#This Row],[1]:[12]],">0"),0) -> 0 | Q15: =Historis_Tunj4[[#This Row],[12]] -> 0 | R15: 50000
A16: 5 | B16: Pegawai 5 | C16: =INDEX(Data_Pegawai[Jabatan],MATCH(Historis_Tunj4[[#This Row],[Nama]],Data_Pegawai[Nama],0)) -> A/O Loan | D16: 0 | E16: 0 | F16: 0 | G16: 0 | H16: 0 | I16: 0 | J16: 0 | K16: 0 | L16: 0 | M16: 0 | N16: 0 | O16: 0 | P16: =IF(ISNUMBER(AVERAGEIF(Historis_Tunj4[[#This Row],[1]:[12]],">0")),AVERAGEIF(Historis_Tunj4[[#This Row],[1]:[12]],">0"),0) -> 0 | Q16: =Historis_Tunj4[[#This Row],[12]] -> 0 | R16: 0
A17: 6 | B17: Pegawai 6 | C17: =INDEX(Data_Pegawai[Jabatan],MATCH(Historis_Tunj4[[#This Row],[Nama]],Data_Pegawai[Nama],0)) -> ADM Pelaporan | D17: 0 | E17: 0 | F17: 0 | G17: 0 | H17: 0 | I17: 0 | J17: 0 | K17: 0 | L17: 0 | M17: 0 | N17: 0 | O17: 0 | P17: =IF(ISNUMBER(AVERAGEIF(Historis_Tunj4[[#This Row],[1]:[12]],">0")),AVERAGEIF(Historis_Tunj4[[#This Row],[1]:[12]],">0"),0) -> 0 | Q17: =Historis_Tunj4[[#This Row],[12]] -> 0 | R17: 0
A18: 7 | B18: Pegawai 7 | C18: =INDEX(Data_Pegawai[Jabatan],MATCH(Historis_Tunj4[[#This Row],[Nama]],Data_Pegawai[Nama],0)) -> Funding | D18: 0 | E18: 0 | F18: 0 | G18: 0 | H18: 0 | I18: 0 | J18: 0 | K18: 0 | L18: 0 | M18: 0 | N18: 0 | O18: 0 | P18: =IF(ISNUMBER(AVERAGEIF(Historis_Tunj4[[#This Row],[1]:[12]],">0")),AVERAGEIF(Historis_Tunj4[[#This Row],[1]:[12]],">0"),0) -> 0 | Q18: =Historis_Tunj4[[#This Row],[12]] -> 0 | R18: 50000
A19: 8 | B19: Pegawai 8 | C19: =INDEX(Data_Pegawai[Jabatan],MATCH(Historis_Tunj4[[#This Row],[Nama]],Data_Pegawai[Nama],0)) -> ADM Pembiayaan | D19: 0 | E19: 0 | F19: 0 | G19: 0 | H19: 0 | I19: 0 | J19: 0 | K19: 0 | L19: 0 | M19: 0 | N19: 0 | O19: 0 | P19: =IF(ISNUMBER(AVERAGEIF(Historis_Tunj4[[#This Row],[1]:[12]],">0")),AVERAGEIF(Historis_Tunj4[[#This Row],[1]:[12]],">0"),0) -> 0 | Q19: =Historis_Tunj4[[#This Row],[12]] -> 0 | R19: 0
A20: 9 | B20: Pegawai 9 | C20: =INDEX(Data_Pegawai[Jabatan],MATCH(Historis_Tunj4[[#This Row],[Nama]],Data_Pegawai[Nama],0)) -> Teller | D20: 50000 | E20: 50000 | F20: 50000 | G20: 50000 | H20: 50000 | I20: 50000 | J20: 50000 | K20: 50000 | L20: 50000 | M20: 50000 | N20: 50000 | O20: 50000 | P20: =IF(ISNUMBER(AVERAGEIF(Historis_Tunj4[[#This Row],[1]:[12]],">0")),AVERAGEIF(Historis_Tunj4[[#This Row],[1]:[12]],">0"),0) -> 50000 | Q20: =Historis_Tunj4[[#This Row],[12]] -> 50000 | R20: 50000
A21: 10 | B21: Pegawai 10 | C21: =INDEX(Data_Pegawai[Jabatan],MATCH(Historis_Tunj4[[#This Row],[Nama]],Data_Pegawai[Nama],0)) -> A/O Loan | D21: 0 | E21: 0 | F21: 0 | G21: 0 | H21: 0 | I21: 0 | J21: 0 | K21: 0 | L21: 0 | M21: 0 | N21: 0 | O21: 0 | P21: =IF(ISNUMBER(AVERAGEIF(Historis_Tunj4[[#This Row],[1]:[12]],">0")),AVERAGEIF(Historis_Tunj4[[#This Row],[1]:[12]],">0"),0) -> 0 | Q21: =Historis_Tunj4[[#This Row],[12]] -> 0 | R21: 0
A22: 11 | B22: Pegawai 11 | C22: =INDEX(Data_Pegawai[Jabatan],MATCH(Historis_Tunj4[[#This Row],[Nama]],Data_Pegawai[Nama],0)) -> ADM Pembiayaan | D22: 50000 | E22: 50000 | F22: 50000 | P22: =IF(ISNUMBER(AVERAGEIF(Historis_Tunj4[[#This Row],[1]:[12]],">0")),AVERAGEIF(Historis_Tunj4[[#This Row],[1]:[12]],">0"),0) -> 50000 | Q22: =Historis_Tunj4[[#This Row],[12]] -> 0 | R22: 50000
A23: 12 | B23: Pegawai 12 | C23: =INDEX(Data_Pegawai[Jabatan],MATCH(Historis_Tunj4[[#This Row],[Nama]],Data_Pegawai[Nama],0)) -> Bag.Umum | D23: 0 | E23: 0 | F23: 0 | G23: 0 | H23: 0 | I23: 0 | J23: 0 | K23: 0 | L23: 0 | M23: 0 | N23: 0 | O23: 0 | P23: =IF(ISNUMBER(AVERAGEIF(Historis_Tunj4[[#This Row],[1]:[12]],">0")),AVERAGEIF(Historis_Tunj4[[#This Row],[1]:[12]],">0"),0) -> 0 | Q23: =Historis_Tunj4[[#This Row],[12]] -> 0 | R23: 0
A24: 13 | B24: Pegawai 13 | C24: =INDEX(Data_Pegawai[Jabatan],MATCH(Historis_Tunj4[[#This Row],[Nama]],Data_Pegawai[Nama],0)) -> Satpam | D24: 0 | E24: 0 | F24: 0 | G24: 0 | H24: 0 | I24: 0 | J24: 0 | K24: 0 | L24: 0 | M24: 0 | N24: 0 | O24: 0 | P24: =IF(ISNUMBER(AVERAGEIF(Historis_Tunj4[[#This Row],[1]:[12]],">0")),AVERAGEIF(Historis_Tunj4[[#This Row],[1]:[12]],">0"),0) -> 0 | Q24: =Historis_Tunj4[[#This Row],[12]] -> 0 | R24: 0
A25: 14 | C25: =INDEX(Data_Pegawai[Jabatan],MATCH(Historis_Tunj4[[#This Row],[Nama]],Data_Pegawai[Nama],0)) -> #N/A | P25: =IF(ISNUMBER(AVERAGEIF(Historis_Tunj4[[#This Row],[1]:[12]],">0")),AVERAGEIF(Historis_Tunj4[[#This Row],[1]:[12]],">0"),0) -> 0 | Q25: =Historis_Tunj4[[#This Row],[12]] -> 0
A26: 15 | C26: =INDEX(Data_Pegawai[Jabatan],MATCH(Historis_Tunj4[[#This Row],[Nama]],Data_Pegawai[Nama],0)) -> #N/A | P26: =IF(ISNUMBER(AVERAGEIF(Historis_Tunj4[[#This Row],[1]:[12]],">0")),AVERAGEIF(Historis_Tunj4[[#This Row],[1]:[12]],">0"),0) -> 0 | Q26: =Historis_Tunj4[[#This Row],[12]] -> 0
A27: 16 | C27: =INDEX(Data_Pegawai[Jabatan],MATCH(Historis_Tunj4[[#This Row],[Nama]],Data_Pegawai[Nama],0)) -> #N/A | P27: =IF(ISNUMBER(AVERAGEIF(Historis_Tunj4[[#This Row],[1]:[12]],">0")),AVERAGEIF(Historis_Tunj4[[#This Row],[1]:[12]],">0"),0) -> 0 | Q27: =Historis_Tunj4[[#This Row],[12]] -> 0
A28: 17 | C28: =INDEX(Data_Pegawai[Jabatan],MATCH(Historis_Tunj4[[#This Row],[Nama]],Data_Pegawai[Nama],0)) -> #N/A | P28: =IF(ISNUMBER(AVERAGEIF(Historis_Tunj4[[#This Row],[1]:[12]],">0")),AVERAGEIF(Historis_Tunj4[[#This Row],[1]:[12]],">0"),0) -> 0 | Q28: =Historis_Tunj4[[#This Row],[12]] -> 0
A29: 18 | C29: =INDEX(Data_Pegawai[Jabatan],MATCH(Historis_Tunj4[[#This Row],[Nama]],Data_Pegawai[Nama],0)) -> #N/A | P29: =IF(ISNUMBER(AVERAGEIF(Historis_Tunj4[[#This Row],[1]:[12]],">0")),AVERAGEIF(Historis_Tunj4[[#This Row],[1]:[12]],">0"),0) -> 0 | Q29: =Historis_Tunj4[[#This Row],[12]] -> 0
A30: 19 | C30: =INDEX(Data_Pegawai[Jabatan],MATCH(Historis_Tunj4[[#This Row],[Nama]],Data_Pegawai[Nama],0)) -> #N/A | P30: =IF(ISNUMBER(AVERAGEIF(Historis_Tunj4[[#This Row],[1]:[12]],">0")),AVERAGEIF(Historis_Tunj4[[#This Row],[1]:[12]],">0"),0) -> 0 | Q30: =Historis_Tunj4[[#This Row],[12]] -> 0
A31: 20 | C31: =INDEX(Data_Pegawai[Jabatan],MATCH(Historis_Tunj4[[#This Row],[Nama]],Data_Pegawai[Nama],0)) -> #N/A | P31: =IF(ISNUMBER(AVERAGEIF(Historis_Tunj4[[#This Row],[1]:[12]],">0")),AVERAGEIF(Historis_Tunj4[[#This Row],[1]:[12]],">0"),0) -> 0 | Q31: =Historis_Tunj4[[#This Row],[12]] -> 0
A32: Total | B32: =SUBTOTAL(103,Historis_Tunj4[Nama]) -> 13 | D32: =SUBTOTAL(109,Historis_Tunj4[1]) -> 200000 | E32: =SUBTOTAL(109,Historis_Tunj4[2]) -> 200000 | F32: =SUBTOTAL(109,Historis_Tunj4[3]) -> 200000 | G32: =SUBTOTAL(109,Historis_Tunj4[4]) -> 150000 | H32: =SUBTOTAL(109,Historis_Tunj4[5]) -> 150000 | I32: =SUBTOTAL(109,Historis_Tunj4[6]) -> 150000 | J32: =SUBTOTAL(109,Historis_Tunj4[7]) -> 150000 | K32: =SUBTOTAL(109,Historis_Tunj4[8]) -> 150000 | L32: =SUBTOTAL(109,Historis_Tunj4[9]) -> 150000 | M32: =SUBTOTAL(109,Historis_Tunj4[10]) -> 150000 | N32: =SUBTOTAL(109,Historis_Tunj4[11]) -> 150000 | O32: =SUBTOTAL(109,Historis_Tunj4[12]) -> 150000 | R32: =SUBTOTAL(109,Historis_Tunj4[Angka yang Digunakan]) -> 300000
A34: Keterangan:
B35: Terdapat perubahan historis gaji dari bulan sebelumnya

Sheet 7. Kewajiban Pegawai
A2: KERTAS KERJA
A3: ANALISA PEMBERIAN PESANGON PEGAWAI
A4: =UPPER('1. Perhitungan Pesangon'!$C$7) -> PT BPRS HAREUKAT (DL)
A5: Daftar Kewajiban Pegawai
F7: Kewajiban Menurut NP | I7: Setoff Simpanan | L7: Pencairan | O7: Sisa Kewajiban
A8: No. | B8: Nama | C8: Jabatan | D8: No. PK | E8: Angsuran Sesuai PK | F8: Pokok NP | G8: Bunga/Margin NP | H8: Denda NP | I8: Setoff Pokok | J8: Setoff Bunga/Margin | K8: Setoff Denda | L8: Pencairan Pokok | M8: Pencairan Bunga/Margin | N8: Pencairan Denda | O8: Sisa Pokok | P8: Sisa Bunga/Margin | Q8: Sisa Denda | R8: Sisa Kewajiban sebelum Pesangon
A9: 1 | B9: Pegawai 1 | C9: =INDEX(Data_Pegawai[Jabatan],MATCH(Data_Kewajiban[[#This Row],[Nama]],Data_Pegawai[Nama],0)) -> Kabag Operasional | E9: 0 | F9: 0 | G9: 0 | I9: 0 | L9: 0 | O9: =Data_Kewajiban[[#This Row],[Pokok NP]]-Data_Kewajiban[[#This Row],[Setoff Pokok]]-Data_Kewajiban[[#This Row],[Pencairan Pokok]] -> 0 | P9: =Data_Kewajiban[[#This Row],[Bunga/Margin NP]]-Data_Kewajiban[[#This Row],[Setoff Bunga/Margin]]-Data_Kewajiban[[#This Row],[Pencairan Bunga/Margin]] -> 0 | Q9: =Data_Kewajiban[[#This Row],[Denda NP]]-Data_Kewajiban[[#This Row],[Setoff Denda]]-Data_Kewajiban[[#This Row],[Pencairan Denda]] -> 0 | R9: =SUM(Data_Kewajiban[[#This Row],[Sisa Pokok]:[Sisa Denda]]) -> 0
A10: 2 | B10: Pegawai 2 | C10: =INDEX(Data_Pegawai[Jabatan],MATCH(Data_Kewajiban[[#This Row],[Nama]],Data_Pegawai[Nama],0)) -> Kabag Pembiayaan | E10: 1695800 | F10: 55183612 | G10: 32997988 | I10: 59975 | L10: 5087400 | O10: =Data_Kewajiban[[#This Row],[Pokok NP]]-Data_Kewajiban[[#This Row],[Setoff Pokok]]-Data_Kewajiban[[#This Row],[Pencairan Pokok]] -> 50036237 | P10: =Data_Kewajiban[[#This Row],[Bunga/Margin NP]]-Data_Kewajiban[[#This Row],[Setoff Bunga/Margin]]-Data_Kewajiban[[#This Row],[Pencairan Bunga/Margin]] -> 32997988 | Q10: =Data_Kewajiban[[#This Row],[Denda NP]]-Data_Kewajiban[[#This Row],[Setoff Denda]]-Data_Kewajiban[[#This Row],[Pencairan Denda]] -> 0 | R10: =SUM(Data_Kewajiban[[#This Row],[Sisa Pokok]:[Sisa Denda]]) -> 83034225
A11: 3 | B11: Pegawai 3 | C11: =INDEX(Data_Pegawai[Jabatan],MATCH(Data_Kewajiban[[#This Row],[Nama]],Data_Pegawai[Nama],0)) -> A/O Loan | E11: 1335000 | F11: 77823339 | G11: 51671661 | I11: 56860 | L11: 2670000 | O11: =Data_Kewajiban[[#This Row],[Pokok NP]]-Data_Kewajiban[[#This Row],[Setoff Pokok]]-Data_Kewajiban[[#This Row],[Pencairan Pokok]] -> 75096479 | P11: =Data_Kewajiban[[#This Row],[Bunga/Margin NP]]-Data_Kewajiban[[#This Row],[Setoff Bunga/Margin]]-Data_Kewajiban[[#This Row],[Pencairan Bunga/Margin]] -> 51671661 | Q11: =Data_Kewajiban[[#This Row],[Denda NP]]-Data_Kewajiban[[#This Row],[Setoff Denda]]-Data_Kewajiban[[#This Row],[Pencairan Denda]] -> 0 | R11: =SUM(Data_Kewajiban[[#This Row],[Sisa Pokok]:[Sisa Denda]]) -> 126768140
A12: 4 | B12: Pegawai 4 | C12: =INDEX(Data_Pegawai[Jabatan],MATCH(Data_Kewajiban[[#This Row],[Nama]],Data_Pegawai[Nama],0)) -> Funding | E12: 1212100 | F12: 67685186 | G12: 36555414 | I12: 26124 | L12: 0 | O12: =Data_Kewajiban[[#This Row],[Pokok NP]]-Data_Kewajiban[[#This Row],[Setoff Pokok]]-Data_Kewajiban[[#This Row],[Pencairan Pokok]] -> 67659062 | P12: =Data_Kewajiban[[#This Row],[Bunga/Margin NP]]-Data_Kewajiban[[#This Row],[Setoff Bunga/Margin]]-Data_Kewajiban[[#This Row],[Pencairan Bunga/Margin]] -> 36555414 | Q12: =Data_Kewajiban[[#This Row],[Denda NP]]-Data_Kewajiban[[#This Row],[Setoff Denda]]-Data_Kewajiban[[#This Row],[Pencairan Denda]] -> 0 | R12: =SUM(Data_Kewajiban[[#This Row],[Sisa Pokok]:[Sisa Denda]]) -> 104214476
A13: 5 | B13: Pegawai 5 | C13: =INDEX(Data_Pegawai[Jabatan],MATCH(Data_Kewajiban[[#This Row],[Nama]],Data_Pegawai[Nama],0)) -> A/O Loan | E13: 1067000 | F13: 52130657 | G13: 36430343 | I13: 19492 | L13: 12804000 | O13: =Data_Kewajiban[[#This Row],[Pokok NP]]-Data_Kewajiban[[#This Row],[Setoff Pokok]]-Data_Kewajiban[[#This Row],[Pencairan Pokok]] -> 39307165 | P13: =Data_Kewajiban[[#This Row],[Bunga/Margin NP]]-Data_Kewajiban[[#This Row],[Setoff Bunga/Margin]]-Data_Kewajiban[[#This Row],[Pencairan Bunga/Margin]] -> 36430343 | Q13: =Data_Kewajiban[[#This Row],[Denda NP]]-Data_Kewajiban[[#This Row],[Setoff Denda]]-Data_Kewajiban[[#This Row],[Pencairan Denda]] -> 0 | R13: =SUM(Data_Kewajiban[[#This Row],[Sisa Pokok]:[Sisa Denda]]) -> 75737508
A14: 6 | B14: Pegawai 6 | C14: =INDEX(Data_Pegawai[Jabatan],MATCH(Data_Kewajiban[[#This Row],[Nama]],Data_Pegawai[Nama],0)) -> ADM Pelaporan | E14: 1133400 | F14: 60349474 | G14: 41656526 | I14: 74846 | L14: 9067200 | O14: =Data_Kewajiban[[#This Row],[Pokok NP]]-Data_Kewajiban[[#This Row],[Setoff Pokok]]-Data_Kewajiban[[#This Row],[Pencairan Pokok]] -> 51207428 | P14: =Data_Kewajiban[[#This Row],[Bunga/Margin NP]]-Data_Kewajiban[[#This Row],[Setoff Bunga/Margin]]-Data_Kewajiban[[#This Row],[Pencairan Bunga/Margin]] -> 41656526 | Q14: =Data_Kewajiban[[#This Row],[Denda NP]]-Data_Kewajiban[[#This Row],[Setoff Denda]]-Data_Kewajiban[[#This Row],[Pencairan Denda]] -> 0 | R14: =SUM(Data_Kewajiban[[#This Row],[Sisa Pokok]:[Sisa Denda]]) -> 92863954
A15: 7 | B15: Pegawai 7 | C15: =INDEX(Data_Pegawai[Jabatan],MATCH(Data_Kewajiban[[#This Row],[Nama]],Data_Pegawai[Nama],0)) -> Funding | E15: 1212000 | F15: 77916667 | G15: 42071333 | I15: 34768 | L15: 0 | O15: =Data_Kewajiban[[#This Row],[Pokok NP]]-Data_Kewajiban[[#This Row],[Setoff Pokok]]-Data_Kewajiban[[#This Row],[Pencairan Pokok]] -> 77881899 | P15: =Data_Kewajiban[[#This Row],[Bunga/Margin NP]]-Data_Kewajiban[[#This Row],[Setoff Bunga/Margin]]-Data_Kewajiban[[#This Row],[Pencairan Bunga/Margin]] -> 42071333 | Q15: =Data_Kewajiban[[#This Row],[Denda NP]]-Data_Kewajiban[[#This Row],[Setoff Denda]]-Data_Kewajiban[[#This Row],[Pencairan Denda]] -> 0 | R15: =SUM(Data_Kewajiban[[#This Row],[Sisa Pokok]:[Sisa Denda]]) -> 119953232
A16: 8 | B16: Pegawai 8 | C16: =INDEX(Data_Pegawai[Jabatan],MATCH(Data_Kewajiban[[#This Row],[Nama]],Data_Pegawai[Nama],0)) -> ADM Pembiayaan | E16: 925000 | F16: 26975000 | G16: 16500000 | I16: 27366 | L16: 2775000 | O16: =Data_Kewajiban[[#This Row],[Pokok NP]]-Data_Kewajiban[[#This Row],[Setoff Pokok]]-Data_Kewajiban[[#This Row],[Pencairan Pokok]] -> 24172634 | P16: =Data_Kewajiban[[#This Row],[Bunga/Margin NP]]-Data_Kewajiban[[#This Row],[Setoff Bunga/Margin]]-Data_Kewajiban[[#This Row],[Pencairan Bunga/Margin]] -> 16500000 | Q16: =Data_Kewajiban[[#This Row],[Denda NP]]-Data_Kewajiban[[#This Row],[Setoff Denda]]-Data_Kewajiban[[#This Row],[Pencairan Denda]] -> 0 | R16: =SUM(Data_Kewajiban[[#This Row],[Sisa Pokok]:[Sisa Denda]]) -> 40672634
A17: 9 | B17: Pegawai 9 | C17: =INDEX(Data_Pegawai[Jabatan],MATCH(Data_Kewajiban[[#This Row],[Nama]],Data_Pegawai[Nama],0)) -> Teller | E17: 771000 | F17: 34977839 | G17: 19763161 | I17: 106040 | L17: 1542000 | O17: =Data_Kewajiban[[#This Row],[Pokok NP]]-Data_Kewajiban[[#This Row],[Setoff Pokok]]-Data_Kewajiban[[#This Row],[Pencairan Pokok]] -> 33329799 | P17: =Data_Kewajiban[[#This Row],[Bunga/Margin NP]]-Data_Kewajiban[[#This Row],[Setoff Bunga/Margin]]-Data_Kewajiban[[#This Row],[Pencairan Bunga/Margin]] -> 19763161 | Q17: =Data_Kewajiban[[#This Row],[Denda NP]]-Data_Kewajiban[[#This Row],[Setoff Denda]]-Data_Kewajiban[[#This Row],[Pencairan Denda]] -> 0 | R17: =SUM(Data_Kewajiban[[#This Row],[Sisa Pokok]:[Sisa Denda]]) -> 53092960
A18: 10 | B18: Pegawai 10 | C18: =INDEX(Data_Pegawai[Jabatan],MATCH(Data_Kewajiban[[#This Row],[Nama]],Data_Pegawai[Nama],0)) -> A/O Loan | E18: 567000 | F18: 24999996 | G18: 9020004 | I18: 689949 | L18: 0 | O18: =Data_Kewajiban[[#This Row],[Pokok NP]]-Data_Kewajiban[[#This Row],[Setoff Pokok]]-Data_Kewajiban[[#This Row],[Pencairan Pokok]] -> 24310047 | P18: =Data_Kewajiban[[#This Row],[Bunga/Margin NP]]-Data_Kewajiban[[#This Row],[Setoff Bunga/Margin]]-Data_Kewajiban[[#This Row],[Pencairan Bunga/Margin]] -> 9020004 | Q18: =Data_Kewajiban[[#This Row],[Denda NP]]-Data_Kewajiban[[#This Row],[Setoff Denda]]-Data_Kewajiban[[#This Row],[Pencairan Denda]] -> 0 | R18: =SUM(Data_Kewajiban[[#This Row],[Sisa Pokok]:[Sisa Denda]]) -> 33330051
A19: 11 | B19: Pegawai 11 | C19: =INDEX(Data_Pegawai[Jabatan],MATCH(Data_Kewajiban[[#This Row],[Nama]],Data_Pegawai[Nama],0)) -> ADM Pembiayaan | E19: 0 | F19: 0 | G19: 0 | I19: 0 | L19: 0 | O19: =Data_Kewajiban[[#This Row],[Pokok NP]]-Data_Kewajiban[[#This Row],[Setoff Pokok]]-Data_Kewajiban[[#This Row],[Pencairan Pokok]] -> 0 | P19: =Data_Kewajiban[[#This Row],[Bunga/Margin NP]]-Data_Kewajiban[[#This Row],[Setoff Bunga/Margin]]-Data_Kewajiban[[#This Row],[Pencairan Bunga/Margin]] -> 0 | Q19: =Data_Kewajiban[[#This Row],[Denda NP]]-Data_Kewajiban[[#This Row],[Setoff Denda]]-Data_Kewajiban[[#This Row],[Pencairan Denda]] -> 0 | R19: =SUM(Data_Kewajiban[[#This Row],[Sisa Pokok]:[Sisa Denda]]) -> 0
A20: 12 | B20: Pegawai 12 | C20: =INDEX(Data_Pegawai[Jabatan],MATCH(Data_Kewajiban[[#This Row],[Nama]],Data_Pegawai[Nama],0)) -> Bag.Umum | E20: 0 | F20: 0 | G20: 0 | I20: 0 | L20: 0 | O20: =Data_Kewajiban[[#This Row],[Pokok NP]]-Data_Kewajiban[[#This Row],[Setoff Pokok]]-Data_Kewajiban[[#This Row],[Pencairan Pokok]] -> 0 | P20: =Data_Kewajiban[[#This Row],[Bunga/Margin NP]]-Data_Kewajiban[[#This Row],[Setoff Bunga/Margin]]-Data_Kewajiban[[#This Row],[Pencairan Bunga/Margin]] -> 0 | Q20: =Data_Kewajiban[[#This Row],[Denda NP]]-Data_Kewajiban[[#This Row],[Setoff Denda]]-Data_Kewajiban[[#This Row],[Pencairan Denda]] -> 0 | R20: =SUM(Data_Kewajiban[[#This Row],[Sisa Pokok]:[Sisa Denda]]) -> 0
A21: 13 | B21: Pegawai 13 | C21: =INDEX(Data_Pegawai[Jabatan],MATCH(Data_Kewajiban[[#This Row],[Nama]],Data_Pegawai[Nama],0)) -> Satpam | E21: 0 | F21: 0 | G21: 0 | I21: 0 | L21: 0 | O21: =Data_Kewajiban[[#This Row],[Pokok NP]]-Data_Kewajiban[[#This Row],[Setoff Pokok]]-Data_Kewajiban[[#This Row],[Pencairan Pokok]] -> 0 | P21: =Data_Kewajiban[[#This Row],[Bunga/Margin NP]]-Data_Kewajiban[[#This Row],[Setoff Bunga/Margin]]-Data_Kewajiban[[#This Row],[Pencairan Bunga/Margin]] -> 0 | Q21: =Data_Kewajiban[[#This Row],[Denda NP]]-Data_Kewajiban[[#This Row],[Setoff Denda]]-Data_Kewajiban[[#This Row],[Pencairan Denda]] -> 0 | R21: =SUM(Data_Kewajiban[[#This Row],[Sisa Pokok]:[Sisa Denda]]) -> 0
A22: 14 | C22: =INDEX(Data_Pegawai[Jabatan],MATCH(Data_Kewajiban[[#This Row],[Nama]],Data_Pegawai[Nama],0)) -> #N/A | O22: =Data_Kewajiban[[#This Row],[Pokok NP]]-Data_Kewajiban[[#This Row],[Setoff Pokok]]-Data_Kewajiban[[#This Row],[Pencairan Pokok]] -> 0 | P22: =Data_Kewajiban[[#This Row],[Bunga/Margin NP]]-Data_Kewajiban[[#This Row],[Setoff Bunga/Margin]]-Data_Kewajiban[[#This Row],[Pencairan Bunga/Margin]] -> 0 | Q22: =Data_Kewajiban[[#This Row],[Denda NP]]-Data_Kewajiban[[#This Row],[Setoff Denda]]-Data_Kewajiban[[#This Row],[Pencairan Denda]] -> 0 | R22: =SUM(Data_Kewajiban[[#This Row],[Sisa Pokok]:[Sisa Denda]]) -> 0
A23: 15 | C23: =INDEX(Data_Pegawai[Jabatan],MATCH(Data_Kewajiban[[#This Row],[Nama]],Data_Pegawai[Nama],0)) -> #N/A | O23: =Data_Kewajiban[[#This Row],[Pokok NP]]-Data_Kewajiban[[#This Row],[Setoff Pokok]]-Data_Kewajiban[[#This Row],[Pencairan Pokok]] -> 0 | P23: =Data_Kewajiban[[#This Row],[Bunga/Margin NP]]-Data_Kewajiban[[#This Row],[Setoff Bunga/Margin]]-Data_Kewajiban[[#This Row],[Pencairan Bunga/Margin]] -> 0 | Q23: =Data_Kewajiban[[#This Row],[Denda NP]]-Data_Kewajiban[[#This Row],[Setoff Denda]]-Data_Kewajiban[[#This Row],[Pencairan Denda]] -> 0 | R23: =SUM(Data_Kewajiban[[#This Row],[Sisa Pokok]:[Sisa Denda]]) -> 0
A24: 16 | C24: =INDEX(Data_Pegawai[Jabatan],MATCH(Data_Kewajiban[[#This Row],[Nama]],Data_Pegawai[Nama],0)) -> #N/A | O24: =Data_Kewajiban[[#This Row],[Pokok NP]]-Data_Kewajiban[[#This Row],[Setoff Pokok]]-Data_Kewajiban[[#This Row],[Pencairan Pokok]] -> 0 | P24: =Data_Kewajiban[[#This Row],[Bunga/Margin NP]]-Data_Kewajiban[[#This Row],[Setoff Bunga/Margin]]-Data_Kewajiban[[#This Row],[Pencairan Bunga/Margin]] -> 0 | Q24: =Data_Kewajiban[[#This Row],[Denda NP]]-Data_Kewajiban[[#This Row],[Setoff Denda]]-Data_Kewajiban[[#This Row],[Pencairan Denda]] -> 0 | R24: =SUM(Data_Kewajiban[[#This Row],[Sisa Pokok]:[Sisa Denda]]) -> 0
A25: 17 | C25: =INDEX(Data_Pegawai[Jabatan],MATCH(Data_Kewajiban[[#This Row],[Nama]],Data_Pegawai[Nama],0)) -> #N/A | O25: =Data_Kewajiban[[#This Row],[Pokok NP]]-Data_Kewajiban[[#This Row],[Setoff Pokok]]-Data_Kewajiban[[#This Row],[Pencairan Pokok]] -> 0 | P25: =Data_Kewajiban[[#This Row],[Bunga/Margin NP]]-Data_Kewajiban[[#This Row],[Setoff Bunga/Margin]]-Data_Kewajiban[[#This Row],[Pencairan Bunga/Margin]] -> 0 | Q25: =Data_Kewajiban[[#This Row],[Denda NP]]-Data_Kewajiban[[#This Row],[Setoff Denda]]-Data_Kewajiban[[#This Row],[Pencairan Denda]] -> 0 | R25: =SUM(Data_Kewajiban[[#This Row],[Sisa Pokok]:[Sisa Denda]]) -> 0
A26: 18 | C26: =INDEX(Data_Pegawai[Jabatan],MATCH(Data_Kewajiban[[#This Row],[Nama]],Data_Pegawai[Nama],0)) -> #N/A | O26: =Data_Kewajiban[[#This Row],[Pokok NP]]-Data_Kewajiban[[#This Row],[Setoff Pokok]]-Data_Kewajiban[[#This Row],[Pencairan Pokok]] -> 0 | P26: =Data_Kewajiban[[#This Row],[Bunga/Margin NP]]-Data_Kewajiban[[#This Row],[Setoff Bunga/Margin]]-Data_Kewajiban[[#This Row],[Pencairan Bunga/Margin]] -> 0 | Q26: =Data_Kewajiban[[#This Row],[Denda NP]]-Data_Kewajiban[[#This Row],[Setoff Denda]]-Data_Kewajiban[[#This Row],[Pencairan Denda]] -> 0 | R26: =SUM(Data_Kewajiban[[#This Row],[Sisa Pokok]:[Sisa Denda]]) -> 0
A27: 19 | C27: =INDEX(Data_Pegawai[Jabatan],MATCH(Data_Kewajiban[[#This Row],[Nama]],Data_Pegawai[Nama],0)) -> #N/A | O27: =Data_Kewajiban[[#This Row],[Pokok NP]]-Data_Kewajiban[[#This Row],[Setoff Pokok]]-Data_Kewajiban[[#This Row],[Pencairan Pokok]] -> 0 | P27: =Data_Kewajiban[[#This Row],[Bunga/Margin NP]]-Data_Kewajiban[[#This Row],[Setoff Bunga/Margin]]-Data_Kewajiban[[#This Row],[Pencairan Bunga/Margin]] -> 0 | Q27: =Data_Kewajiban[[#This Row],[Denda NP]]-Data_Kewajiban[[#This Row],[Setoff Denda]]-Data_Kewajiban[[#This Row],[Pencairan Denda]] -> 0 | R27: =SUM(Data_Kewajiban[[#This Row],[Sisa Pokok]:[Sisa Denda]]) -> 0
A28: 20 | C28: =INDEX(Data_Pegawai[Jabatan],MATCH(Data_Kewajiban[[#This Row],[Nama]],Data_Pegawai[Nama],0)) -> #N/A | O28: =Data_Kewajiban[[#This Row],[Pokok NP]]-Data_Kewajiban[[#This Row],[Setoff Pokok]]-Data_Kewajiban[[#This Row],[Pencairan Pokok]] -> 0 | P28: =Data_Kewajiban[[#This Row],[Bunga/Margin NP]]-Data_Kewajiban[[#This Row],[Setoff Bunga/Margin]]-Data_Kewajiban[[#This Row],[Pencairan Bunga/Margin]] -> 0 | Q28: =Data_Kewajiban[[#This Row],[Denda NP]]-Data_Kewajiban[[#This Row],[Setoff Denda]]-Data_Kewajiban[[#This Row],[Pencairan Denda]] -> 0 | R28: =SUM(Data_Kewajiban[[#This Row],[Sisa Pokok]:[Sisa Denda]]) -> 0
A29: Total | B29: =SUBTOTAL(103,Data_Kewajiban[Nama]) -> 13 | E29: =SUBTOTAL(109,Data_Kewajiban[Angsuran Sesuai PK]) -> 9918300 | F29: =SUBTOTAL(109,Data_Kewajiban[Pokok NP]) -> 478041770 | G29: =SUBTOTAL(109,Data_Kewajiban[Bunga/Margin NP]) -> 286666430 | H29: =SUBTOTAL(109,Data_Kewajiban[Denda NP]) -> 0 | I29: =SUBTOTAL(109,Data_Kewajiban[Setoff Pokok]) -> 1095420 | J29: =SUBTOTAL(109,Data_Kewajiban[Setoff Bunga/Margin]) -> 0 | K29: =SUBTOTAL(109,Data_Kewajiban[Setoff Denda]) -> 0 | L29: =SUBTOTAL(109,Data_Kewajiban[Pencairan Pokok]) -> 33945600 | M29: =SUBTOTAL(109,Data_Kewajiban[Pencairan Bunga/Margin]) -> 0 | N29: =SUBTOTAL(109,Data_Kewajiban[Pencairan Denda]) -> 0 | O29: =SUBTOTAL(109,Data_Kewajiban[Sisa Pokok]) -> 443000750 | P29: =SUBTOTAL(109,Data_Kewajiban[Sisa Bunga/Margin]) -> 286666430 | Q29: =SUBTOTAL(109,Data_Kewajiban[Sisa Denda]) -> 0 | R29: =SUBTOTAL(109,Data_Kewajiban[Sisa Kewajiban sebelum Pesangon]) -> 729667180
A31: Keterangan:
B32: Terdapat perubahan historis gaji dari bulan sebelumnya
