Workbook

Sheet Upaya Debitur
A1: FORM 1
A2: Upaya Tim Likuidasi Terhadap Debitur
A4: Bank | B4: PT BPRS Hareukat (DL) | D4: Wilayah Hukum (Kabupaten/Kota)
A5: Tanggal CIU | B5: 43749 | D5: BDL | E5: Aceh Besar | CB5: Ket: | CC5: Harus dilakukan
A6: Periode | B6: 44196 | D6: TP/TL | CC6: Tidak harus namun telah dilakukan
A7: Bulan Ke | B7: =INDEX(Periode[],MATCH(B6,Periode[Nama Bulan],0),1) -> 15 | CC7: Tidak perlu dilakukan
A8: Waktu Lik. | B8: 15
A9: *jangka waktu likuidasi sesuai PKE (termasuk perpanjangan)
A10: Set Off
A11: *kosongkan bila belum dilakukan (hapus dengan tombol "Delete")
A13: Target Upaya | B13: =SUM(Upaya_Debitur[Target Upaya]) -> 1695
A14: Realisasi | B14: =SUM(Upaya_Debitur[Realisasi]) -> 1695
A15: Pencapaian | B15: =IF(ISNUMBER(B14/B13),B14/B13,1) -> 1
P17: Haircut | R17: Set Off | U17: Pencairan Aset per Bulan (diisi sampai dengan periode berlangsung) | BS17: Target Upaya Berdasarkan Debitur | CB17: Upaya Berdasarkan Debitur | CK17: Kalkulasi Upaya
A18: No | B18: Rekening | C18: Nomor PK | D18: Nama Debitur | E18: Kewajiban Pokok | F18: Kewajiban Bunga | G18: Kewajiban Denda | H18: Kewajiban Total | I18: Angsuran Sesuai PK | J18: Angsuran Diperhitungkan | K18: Wilayah Hukum | L18: Kondisi Debitur | M18: Bukti | N18: Tanggal Kunjungan | O18: Keterangan | P18: Haircut | Q18: Periode Haircut | R18: Set Off | S18: Haircut Diperhitungkan | T18: Set Off Diperhitungkan | U18: 1 | V18: 2 | W18: 3 | X18: 4 | Y18: 5 | Z18: 6 | AA18: 7 | AB18: 8 | AC18: 9 | AD18: 10 | AE18: 11 | AF18: 12 | AG18: 13 | AH18: 14 | AI18: 15 | AJ18: 16 | AK18: 17 | AL18: 18 | AM18: 19 | AN18: 20 | AO18: 21 | AP18: 22 | AQ18: 23 | AR18: 24 | AS18: 25 | AT18: 26 | AU18: 27 | AV18: 28 | AW18: 29 | AX18: 30 | AY18: 31 | AZ18: 32 | BA18: 33 | BB18: 34 | BC18: 35 | BD18: 36 | BE18: 37 | BF18: 38 | BG18: 39 | BH18: 40 | BI18: 41 | BJ18: 42 | BK18: 43 | BL18: 44 | BM18: 45 | BN18: 46 | BO18: 47 | BP18: 48 | BQ18: Total Pencairan | BR18: Lunas? | BS18: Surat Pemberitahuan? | BT18: Update SLIK OJK? | BU18: SP 1? | BV18: SP2? | BW18: SP3? | BX18: Pemanggilan Koran? | BY18: Iklan Cessie 1? | BZ18: Iklan Cessie 2? | CA18: Gugatan Sederhana? | CB18: Surat Pemberitahuan | CC18: Update SLIK OJK | CD18: SP1 | CE18: SP2 | CF18: SP3 | CG18: Pemanggilan Koran | CH18: Iklan Cessie 1 | CI18: Iklan Cessie 2 | CJ18: Gugatan Sederhana | CK18: Target Upaya | CL18: Realisasi | CM18: Pencapaian | CQ18: Bulan Ke | CR18: Nama Bulan | CS18: Durasi | CU18: Kondisi Debitur
A19: 1 | C19: 225/BBA/1452/VI/1994 | D19: A F N A N | E19: 4850000 | F19: 0 | G19: 0 | H19: =SUM(Upaya_Debitur[[#This Row],[Kewajiban Pokok]:[Kewajiban Denda]]) -> 4850000 | J19: =IF(ISNUMBER(Upaya_Debitur[[#This Row],[Angsuran Sesuai PK]]),Upaya_Debitur[[#This Row],[Angsuran Sesuai PK]],1) -> 1 | L19: Tidak ditemukan | S19: =IF(Upaya_Debitur[[#This Row],[Periode Haircut]]="",0,IF(Upaya_Debitur[[#This Row],[Periode Haircut]]<=$B$6,Upaya_Debitur[[#This Row],[Haircut]],0)) -> 0 | T19: =IF($B$10="",0,IF($B$10<=$B$6,Upaya_Debitur[[#This Row],[Set Off]],0)) -> 0 | U19: 0 | V19: 0 | W19: 0 | X19: 0 | Y19: 0 | Z19: 0 | AA19: 0 | AB19: 0 | AC19: 0 | AD19: 0 | AE19: 0 | AF19: 0 | AG19: 0 | AH19: 0 | AI19: 0 | BQ19: =SUM(OFFSET(Upaya_Debitur[[#This Row],[Haircut Diperhitungkan]],0,0,1,$B$7+2)) -> 0 | BR19: =IF(Upaya_Debitur[[#This Row],[Total Pencairan]]>=Upaya_Debitur[[#This Row],[Kewajiban Total]],"Lunas","Belum Lunas") -> Belum Lunas | BS19: ="Ya" -> Ya | BT19: ="Ya" -> Ya | BU19: =IF(AND(DATEDIF($B$5,$B$6,"D")>=30,Upaya_Debitur[[#This Row],[Haircut Diperhitungkan]]+Upaya_Debitur[[#This Row],[Set Off Diperhitungkan]]+SUM(OFFSET(Upaya_Debitur[[#This Row],[1]],0,0,1,$B$7))<Upaya_Debitur[[#This Row],[Kewajiban Total]],OR($B$7-COUNTIF(OFFSET(Upaya_Debitur[[#This Row],[1]],0,0,1,$B$7),">="&Upaya_Debitur[[#This Row],[Angsuran Diperhitungkan]])>=1,DATEDIF($B$6,EDATE($B$5,$B$8)-1,"D")<180)),"Ya","Tidak") -> Ya | BV19: =IF(AND(Upaya_Debitur[[#This Row],[SP 1?]]="Ya",DATEDIF($B$5,$B$6,"D")>=60,Upaya_Debitur[[#This Row],[Haircut Diperhitungkan]]+Upaya_Debitur[[#This Row],[Set Off Diperhitungkan]]+SUM(OFFSET(Upaya_Debitur[[#This Row],[1]],0,0,1,$B$7))<Upaya_Debitur[[#This Row],[Kewajiban Total]],OR($B$7-COUNTIF(OFFSET(Upaya_Debitur[[#This Row],[1]],0,0,1,$B$7),">="&Upaya_Debitur[[#This Row],[Angsuran Diperhitungkan]])>=2,DATEDIF($B$6,EDATE($B$5,$B$8)-1,"D")<150)),"Ya","Tidak") -> Ya | BW19: =IF(AND(Upaya_Debitur[[#This Row],[SP2?]]="Ya",DATEDIF($B$5,$B$6,"D")>=90,Upaya_Debitur[[#This Row],[Haircut Diperhitungkan]]+Upaya_Debitur[[#This Row],[Set Off Diperhitungkan]]+SUM(OFFSET(Upaya_Debitur[[#This Row],[1]],0,0,1,$B$7))<Upaya_Debitur[[#This Row],[Kewajiban Total]],OR($B$7-COUNTIF(OFFSET(Upaya_Debitur[[#This Row],[1]],0,0,1,$B$7),">="&Upaya_Debitur[[#This Row],[Angsuran Diperhitungkan]])>=3,DATEDIF($B$6,EDATE($B$5,$B$8)-1,"D")<120)),"Ya","Tidak") -> Ya | BX19: =IF(Upaya_Debitur[[#This Row],[Kondisi Debitur]]="Tidak ditemukan","Ya","Tidak") -> Ya | BY19: =IF(AND(Upaya_Debitur[[#This Row],[SP3?]]="Ya",DATEDIF($B$5,$B$6,"D")>=90,Upaya_Debitur[[#This Row],[Haircut Diperhitungkan]]+Upaya_Debitur[[#This Row],[Set Off Diperhitungkan]]+SUM(OFFSET(Upaya_Debitur[[#This Row],[1]],0,0,1,$B$7))<Upaya_Debitur[[#This Row],[Kewajiban Total]]),"Ya","Tidak") -> Ya | BZ19: =IF(AND(Upaya_Debitur[[#This Row],[Iklan Cessie 1?]]="Ya",DATEDIF($B$5,$B$6,"D")>=120,Upaya_Debitur[[#This Row],[Haircut Diperhitungkan]]+Upaya_Debitur[[#This Row],[Set Off Diperhitungkan]]+SUM(OFFSET(Upaya_Debitur[[#This Row],[1]],0,0,1,$B$7))<Upaya_Debitur[[#This Row],[Kewajiban Total]]),"Ya","Tidak") -> Ya | CA19: =IF(AND(ISNUMBER(MATCH(Upaya_Debitur[[#This Row],[Wilayah Hukum]],$E$5:$E$12,0)),Upaya_Debitur[[#This Row],[SP3?]]="Ya",DATEDIF($B$5,$B$6,"D")>=120,Upaya_Debitur[[#This Row],[Haircut Diperhitungkan]]+Upaya_Debitur[[#This Row],[Set Off Diperhitungkan]]+SUM(OFFSET(Upaya_Debitur[[#This Row],[1]],0,0,1,$B$7))<Upaya_Debitur[[#This Row],[Kewajiban Total]],COUNTIFS(Upaya_Agunan[Nomor PK],Upaya_Debitur[[#This Row],[Nomor PK]],Upaya_Agunan[Agunan],"SHM")+COUNTIFS(Upaya_Agunan[Nomor PK],Upaya_Debitur[[#This Row],[Nomor PK]],Upaya_Agunan[Agunan],"SHGB")>0,AND(Upaya_Debitur[[#This Row],[Kewajiban Pokok]]<=500000000,Upaya_Debitur[[#This Row],[Kewajiban Pokok]]>50000000)),"Ya","Tidak") -> Tidak | CB19: 43781 | CC19: 43999 | CD19: 43826 | CE19: 43871 | CF19: 43887 | CG19: 44035 | CH19: 44057 | CI19: 44077 | CK19: =COUNTIF(Upaya_Debitur[[#This Row],[Surat Pemberitahuan?]:[Gugatan Sederhana?]],"Ya") -> 8 | CL19: =Upaya_Debitur[[#This Row],[Target Upaya]]-COUNTIFS(Upaya_Debitur[[#This Row],[Surat Pemberitahuan?]:[Gugatan Sederhana?]],"Ya",Upaya_Debitur[[#This Row],[Surat Pemberitahuan]:[Gugatan Sederhana]],"") -> 8 | CM19: =IF(ISNUMBER(Upaya_Debitur[[#This Row],[Realisasi]]/Upaya_Debitur[[#This Row],[Target Upaya]]),Upaya_Debitur[[#This Row],[Realisasi]]/Upaya_Debitur[[#This Row],[Target Upaya]],1) -> 1 | CQ19: 1 | CR19: =DATE(YEAR('Upaya Debitur'!B5),MONTH('Upaya Debitur'!B5)+1,1)-1 -> 43769 | CS19: =Periode[[#This Row],[Bulan Ke]] -> 1 | CU19: Koperatif
A20: 2 | C20: 52/MBA-02/1187/VI/2004 | D20: A Z W A R | E20: 1925196 | F20: 0 | G20: 0 | H20: =SUM(Upaya_Debitur[[#This Row],[Kewajiban Pokok]:[Kewajiban Denda]]) -> 1925196 | J20: =IF(ISNUMBER(Upaya_Debitur[[#This Row],[Angsuran Sesuai PK]]),Upaya_Debitur[[#This Row],[Angsuran Sesuai PK]],1) -> 1 | L20: Tidak ditemukan | S20: =IF(Upaya_Debitur[[#This Row],[Periode Haircut]]="",0,IF(Upaya_Debitur[[#This Row],[Periode Haircut]]<=$B$6,Upaya_Debitur[[#This Row],[Haircut]],0)) -> 0 | T20: =IF($B$10="",0,IF($B$10<=$B$6,Upaya_Debitur[[#This Row],[Set Off]],0)) -> 0 | U20: 0 | V20: 0 | W20: 0 | X20: 0 | Y20: 0 | Z20: 0 | AA20: 0 | AB20: 0 | AC20: 0 | AD20: 0 | AE20: 0 | AF20: 0 | AG20: 0 | AH20: 0 | AI20: 0 | BQ20: =SUM(OFFSET(Upaya_Debitur[[#This Row],[Haircut Diperhitungkan]],0,0,1,$B$7+2)) -> 0 | BR20: =IF(Upaya_Debitur[[#This Row],[Total Pencairan]]>=Upaya_Debitur[[#This Row],[Kewajiban Total]],"Lunas","Belum Lunas") -> Belum Lunas | BS20: ="Ya" -> Ya | BT20: ="Ya" -> Ya | BU20: =IF(AND(DATEDIF($B$5,$B$6,"D")>=30,Upaya_Debitur[[#This Row],[Haircut Diperhitungkan]]+Upaya_Debitur[[#This Row],[Set Off Diperhitungkan]]+SUM(OFFSET(Upaya_Debitur[[#This Row],[1]],0,0,1,$B$7))<Upaya_Debitur[[#This Row],[Kewajiban Total]],OR($B$7-COUNTIF(OFFSET(Upaya_Debitur[[#This Row],[1]],0,0,1,$B$7),">="&Upaya_Debitur[[#This Row],[Angsuran Diperhitungkan]])>=1,DATEDIF($B$6,EDATE($B$5,$B$8)-1,"D")<180)),"Ya","Tidak") -> Ya | BV20: =IF(AND(Upaya_Debitur[[#This Row],[SP 1?]]="Ya",DATEDIF($B$5,$B$6,"D")>=60,Upaya_Debitur[[#This Row],[Haircut Diperhitungkan]]+Upaya_Debitur[[#This Row],[Set Off Diperhitungkan]]+SUM(OFFSET(Upaya_Debitur[[#This Row],[1]],0,0,1,$B$7))<Upaya_Debitur[[#This Row],[Kewajiban Total]],OR($B$7-COUNTIF(OFFSET(Upaya_Debitur[[#This Row],[1]],0,0,1,$B$7),">="&Upaya_Debitur[[#This Row],[Angsuran Diperhitungkan]])>=2,DATEDIF($B$6,EDATE($B$5,$B$8)-1,"D")<150)),"Ya","Tidak") -> Ya | BW20: =IF(AND(Upaya_Debitur[[#This Row],[SP2?]]="Ya",DATEDIF($B$5,$B$6,"D")>=90,Upaya_Debitur[[#This Row],[Haircut Diperhitungkan]]+Upaya_Debitur[[#This Row],[Set Off Diperhitungkan]]+SUM(OFFSET(Upaya_Debitur[[#This Row],[1]],0,0,1,$B$7))<Upaya_Debitur[[#This Row],[Kewajiban Total]],OR($B$7-COUNTIF(OFFSET(Upaya_Debitur[[#This Row],[1]],0,0,1,$B$7),">="&Upaya_Debitur[[#This Row],[Angsuran Diperhitungkan]])>=3,DATEDIF($B$6,EDATE($B$5,$B$8)-1,"D")<120)),"Ya","Tidak") -> Ya | BX20: =IF(Upaya_Debitur[[#This Row],[Kondisi Debitur]]="Tidak ditemukan","Ya","Tidak") -> Ya | BY20: =IF(AND(Upaya_Debitur[[#This Row],[SP3?]]="Ya",DATEDIF($B$5,$B$6,"D")>=90,Upaya_Debitur[[#This Row],[Haircut Diperhitungkan]]+Upaya_Debitur[[#This Row],[Set Off Diperhitungkan]]+SUM(OFFSET(Upaya_Debitur[[#This Row],[1]],0,0,1,$B$7))<Upaya_Debitur[[#This Row],[Kewajiban Total]]),"Ya","Tidak") -> Ya | BZ20: =IF(AND(Upaya_Debitur[[#This Row],[Iklan Cessie 1?]]="Ya",DATEDIF($B$5,$B$6,"D")>=120,Upaya_Debitur[[#This Row],[Haircut Diperhitungkan]]+Upaya_Debitur[[#This Row],[Set Off Diperhitungkan]]+SUM(OFFSET(Upaya_Debitur[[#This Row],[1]],0,0,1,$B$7))<Upaya_Debitur[[#This Row],[Kewajiban Total]]),"Ya","Tidak") -> Ya | CA20: =IF(AND(ISNUMBER(MATCH(Upaya_Debitur[[#This Row],[Wilayah Hukum]],$E$5:$E$12,0)),Upaya_Debitur[[#This Row],[SP3?]]="Ya",DATEDIF($B$5,$B$6,"D")>=120,Upaya_Debitur[[#This Row],[Haircut Diperhitungkan]]+Upaya_Debitur[[#This Row],[Set Off Diperhitungkan]]+SUM(OFFSET(Upaya_Debitur[[#This Row],[1]],0,0,1,$B$7))<Upaya_Debitur[[#This Row],[Kewajiban Total]],COUNTIFS(Upaya_Agunan[Nomor PK],Upaya_Debitur[[#This Row],[Nomor PK]],Upaya_Agunan[Agunan],"SHM")+COUNTIFS(Upaya_Agunan[Nomor PK],Upaya_Debitur[[#This Row],[Nomor PK]],Upaya_Agunan[Agunan],"SHGB")>0,AND(Upaya_Debitur[[#This Row],[Kewajiban Pokok]]<=500000000,Upaya_Debitur[[#This Row],[Kewajiban Pokok]]>50000000)),"Ya","Tidak") -> Tidak | CB20: 43781 | CC20: 43999 | CD20: 43826 | CE20: 43871 | CF20: 43887 | CG20: 43888 | CH20: 44057 | CI20: 44077 | CK20: =COUNTIF(Upaya_Debitur[[#This Row],[Surat Pemberitahuan?]:[Gugatan Sederhana?]],"Ya") -> 8 | CL20: =Upaya_Debitur[[#This Row],[Target Upaya]]-COUNTIFS(Upaya_Debitur[[#This Row],[Surat Pemberitahuan?]:[Gugatan Sederhana?]],"Ya",Upaya_Debitur[[#This Row],[Surat Pemberitahuan]:[Gugatan Sederhana]],"") -> 8 | CM20: =IF(ISNUMBER(Upaya_Debitur[[#This Row],[Realisasi]]/Upaya_Debitur[[#This Row],[Target Upaya]]),Upaya_Debitur[[#This Row],[Realisasi]]/Upaya_Debitur[[#This Row],[Target Upaya]],1) -> 1 | CQ20: 2 | CR20: =DATE(YEAR(CR19),MONTH(CR19)+2,1)-1 -> 43799 | CS20: =Periode[[#This Row],[Bulan Ke]] -> 2 | CU20: Tidak koperatif
A21: 3 | C21: 054/BBA-03/0490/III/1996 | D21: A. RAFAR MUSA | E21: 1039806 | F21: 0 | G21: 0 | H21: =SUM(Upaya_Debitur[[#This Row],[Kewajiban Pokok]:[Kewajiban Denda]]) -> 1039806 | J21: =IF(ISNUMBER(Upaya_Debitur[[#This Row],[Angsuran Sesuai PK]]),Upaya_Debitur[[#This Row],[Angsuran Sesuai PK]],1) -> 1 | L21: Tidak ditemukan | S21: =IF(Upaya_Debitur[[#This Row],[Periode Haircut]]="",0,IF(Upaya_Debitur[[#This Row],[Periode Haircut]]<=$B$6,Upaya_Debitur[[#This Row],[Haircut]],0)) -> 0 | T21: =IF($B$10="",0,IF($B$10<=$B$6,Upaya_Debitur[[#This Row],[Set Off]],0)) -> 0 | U21: 0 | V21: 0 | W21: 0 | X21: 0 | Y21: 0 | Z21: 0 | AA21: 0 | AB21: 0 | AC21: 0 | AD21: 0 | AE21: 0 | AF21: 0 | AG21: 0 | AH21: 0 | AI21: 0 | BQ21: =SUM(OFFSET(Upaya_Debitur[[#This Row],[Haircut Diperhitungkan]],0,0,1,$B$7+2)) -> 0 | BR21: =IF(Upaya_Debitur[[#This Row],[Total Pencairan]]>=Upaya_Debitur[[#This Row],[Kewajiban Total]],"Lunas","Belum Lunas") -> Belum Lunas | BS21: ="Ya" -> Ya | BT21: ="Ya" -> Ya | BU21: =IF(AND(DATEDIF($B$5,$B$6,"D")>=30,Upaya_Debitur[[#This Row],[Haircut Diperhitungkan]]+Upaya_Debitur[[#This Row],[Set Off Diperhitungkan]]+SUM(OFFSET(Upaya_Debitur[[#This Row],[1]],0,0,1,$B$7))<Upaya_Debitur[[#This Row],[Kewajiban Total]],OR($B$7-COUNTIF(OFFSET(Upaya_Debitur[[#This Row],[1]],0,0,1,$B$7),">="&Upaya_Debitur[[#This Row],[Angsuran Diperhitungkan]])>=1,DATEDIF($B$6,EDATE($B$5,$B$8)-1,"D")<180)),"Ya","Tidak") -> Ya | BV21: =IF(AND(Upaya_Debitur[[#This Row],[SP 1?]]="Ya",DATEDIF($B$5,$B$6,"D")>=60,Upaya_Debitur[[#This Row],[Haircut Diperhitungkan]]+Upaya_Debitur[[#This Row],[Set Off Diperhitungkan]]+SUM(OFFSET(Upaya_Debitur[[#This Row],[1]],0,0,1,$B$7))<Upaya_Debitur[[#This Row],[Kewajiban Total]],OR($B$7-COUNTIF(OFFSET(Upaya_Debitur[[#This Row],[1]],0,0,1,$B$7),">="&Upaya_Debitur[[#This Row],[Angsuran Diperhitungkan]])>=2,DATEDIF($B$6,EDATE($B$5,$B$8)-1,"D")<150)),"Ya","Tidak") -> Ya | BW21: =IF(AND(Upaya_Debitur[[#This Row],[SP2?]]="Ya",DATEDIF($B$5,$B$6,"D")>=90,Upaya_Debitur[[#This Row],[Haircut Diperhitungkan]]+Upaya_Debitur[[#This Row],[Set Off Diperhitungkan]]+SUM(OFFSET(Upaya_Debitur[[#This Row],[1]],0,0,1,$B$7))<Upaya_Debitur[[#This Row],[Kewajiban Total]],OR($B$7-COUNTIF(OFFSET(Upaya_Debitur[[#This Row],[1]],0,0,1,$B$7),">="&Upaya_Debitur[[#This Row],[Angsuran Diperhitungkan]])>=3,DATEDIF($B$6,EDATE($B$5,$B$8)-1,"D")<120)),"Ya","Tidak") -> Ya | BX21: =IF(Upaya_Debitur[[#This Row],[Kondisi Debitur]]="Tidak ditemukan","Ya","Tidak") -> Ya | BY21: =IF(AND(Upaya_Debitur[[#This Row],[SP3?]]="Ya",DATEDIF($B$5,$B$6,"D")>=90,Upaya_Debitur[[#This Row],[Haircut Diperhitungkan]]+Upaya_Debitur[[#This Row],[Set Off Diperhitungkan]]+SUM(OFFSET(Upaya_Debitur[[#This Row],[1]],0,0,1,$B$7))<Upaya_Debitur[[#This Row],[Kewajiban Total]]),"Ya","Tidak") -> Ya | BZ21: =IF(AND(Upaya_Debitur[[#This Row],[Iklan Cessie 1?]]="Ya",DATEDIF($B$5,$B$6,"D")>=120,Upaya_Debitur[[#This Row],[Haircut Diperhitungkan]]+Upaya_Debitur[[#This Row],[Set Off Diperhitungkan]]+SUM(OFFSET(Upaya_Debitur[[#This Row],[1]],0,0,1,$B$7))<Upaya_Debitur[[#This Row],[Kewajiban Total]]),"Ya","Tidak") -> Ya | CA21: =IF(AND(ISNUMBER(MATCH(Upaya_Debitur[[#This Row],[Wilayah Hukum]],$E$5:$E$12,0)),Upaya_Debitur[[#This Row],[SP3?]]="Ya",DATEDIF($B$5,$B$6,"D")>=120,Upaya_Debitur[[#This Row],[Haircut Diperhitungkan]]+Upaya_Debitur[[#This Row],[Set Off Diperhitungkan]]+SUM(OFFSET(Upaya_Debitur[[#This Row],[1]],0,0,1,$B$7))<Upaya_Debitur[[#This Row],[Kewajiban Total]],COUNTIFS(Upaya_Agunan[Nomor PK],Upaya_Debitur[[#This Row],[Nomor PK]],Upaya_Agunan[Agunan],"SHM")+COUNTIFS(Upaya_Agunan[Nomor PK],Upaya_Debitur[[#This Row],[Nomor PK]],Upaya_Agunan[Agunan],"SHGB")>0,AND(Upaya_Debitur[[#This Row],[Kewajiban Pokok]]<=500000000,Upaya_Debitur[[#This Row],[Kewajiban Pokok]]>50000000)),"Ya","Tidak") -> Tidak | CB21: 43781 | CC21: 43999 | CD21: 43826 | CE21: 43871 | CF21: 43887 | CG21: 43888 | CH21: 44057 | CI21: 44077 | CK21: =COUNTIF(Upaya_Debitur[[#This Row],[Surat Pemberitahuan?]:[Gugatan Sederhana?]],"Ya") -> 8 | CL21: =Upaya_Debitur[[#This Row],[Target Upaya]]-COUNTIFS(Upaya_Debitur[[#This Row],[Surat Pemberitahuan?]:[Gugatan Sederhana?]],"Ya",Upaya_Debitur[[#This Row],[Surat Pemberitahuan]:[Gugatan Sederhana]],"") -> 8 | CM21: =IF(ISNUMBER(Upaya_Debitur[[#This Row],[Realisasi]]/Upaya_Debitur[[#This Row],[Target Upaya]]),Upaya_Debitur[[#This Row],[Realisasi]]/Upaya_Debitur[[#This Row],[Target Upaya]],1) -> 1 | CQ21: 3 | CR21: =DATE(YEAR(CR20),MONTH(CR20)+2,1)-1 -> 43830 | CS21: =Periode[[#This Row],[Bulan Ke]] -> 3 | CU21: Tidak ditemukan
A22: 4 | C22: 036/BBA-03/0752/III/1997 | D22: A. RAHMAN ABDULLAH | E22: 4510000 | F22: 0 | G22: 0 | H22: =SUM(Upaya_Debitur[[#This Row],[Kewajiban Pokok]:[Kewajiban Denda]]) -> 4510000 | J22: =IF(ISNUMBER(Upaya_Debitur[[#This Row],[Angsuran Sesuai PK]]),Upaya_Debitur[[#This Row],[Angsuran Sesuai PK]],1) -> 1 | L22: Meninggal | S22: =IF(Upaya_Debitur[[#This Row],[Periode Haircut]]="",0,IF(Upaya_Debitur[[#This Row],[Periode Haircut]]<=$B$6,Upaya_Debitur[[#This Row],[Haircut]],0)) -> 0 | T22: =IF($B$10="",0,IF($B$10<=$B$6,Upaya_Debitur[[#This Row],[Set Off]],0)) -> 0 | U22: 0 | V22: 0 | W22: 0 | X22: 0 | Y22: 70000 | Z22: 0 | AA22: 0 | AB22: 0 | AC22: 0 | AD22: 0 | AE22: 0 | AF22: 0 | AG22: 0 | AH22: 0 | AI22: 0 | BQ22: =SUM(OFFSET(Upaya_Debitur[[#This Row],[Haircut Diperhitungkan]],0,0,1,$B$7+2)) -> 70000 | BR22: =IF(Upaya_Debitur[[#This Row],[Total Pencairan]]>=Upaya_Debitur[[#This Row],[Kewajiban Total]],"Lunas","Belum Lunas") -> Belum Lunas | BS22: ="Ya" -> Ya | BT22: ="Ya" -> Ya | BU22: =IF(AND(DATEDIF($B$5,$B$6,"D")>=30,Upaya_Debitur[[#This Row],[Haircut Diperhitungkan]]+Upaya_Debitur[[#This Row],[Set Off Diperhitungkan]]+SUM(OFFSET(Upaya_Debitur[[#This Row],[1]],0,0,1,$B$7))<Upaya_Debitur[[#This Row],[Kewajiban Total]],OR($B$7-COUNTIF(OFFSET(Upaya_Debitur[[#This Row],[1]],0,0,1,$B$7),">="&Upaya_Debitur[[#This Row],[Angsuran Diperhitungkan]])>=1,DATEDIF($B$6,EDATE($B$5,$B$8)-1,"D")<180)),"Ya","Tidak") -> Ya | BV22: =IF(AND(Upaya_Debitur[[#This Row],[SP 1?]]="Ya",DATEDIF($B$5,$B$6,"D")>=60,Upaya_Debitur[[#This Row],[Haircut Diperhitungkan]]+Upaya_Debitur[[#This Row],[Set Off Diperhitungkan]]+SUM(OFFSET(Upaya_Debitur[[#This Row],[1]],0,0,1,$B$7))<Upaya_Debitur[[#This Row],[Kewajiban Total]],OR($B$7-COUNTIF(OFFSET(Upaya_Debitur[[#This Row],[1]],0,0,1,$B$7),">="&Upaya_Debitur[[#This Row],[Angsuran Diperhitungkan]])>=2,DATEDIF($B$6,EDATE($B$5,$B$8)-1,"D")<150)),"Ya","Tidak") -> Ya | BW22: =IF(AND(Upaya_Debitur[[#This Row],[SP2?]]="Ya",DATEDIF($B$5,$B$6,"D")>=90,Upaya_Debitur[[#This Row],[Haircut Diperhitungkan]]+Upaya_Debitur[[#This Row],[Set Off Diperhitungkan]]+SUM(OFFSET(Upaya_Debitur[[#This Row],[1]],0,0,1,$B$7))<Upaya_Debitur[[#This Row],[Kewajiban Total]],OR($B$7-COUNTIF(OFFSET(Upaya_Debitur[[#This Row],[1]],0,0,1,$B$7),">="&Upaya_Debitur[[#This Row],[Angsuran Diperhitungkan]])>=3,DATEDIF($B$6,EDATE($B$5,$B$8)-1,"D")<120)),"Ya","Tidak") -> Ya | BX22: =IF(Upaya_Debitur[[#This Row],[Kondisi Debitur]]="Tidak ditemukan","Ya","Tidak") -> Tidak | BY22: =IF(AND(Upaya_Debitur[[#This Row],[SP3?]]="Ya",DATEDIF($B$5,$B$6,"D")>=90,Upaya_Debitur[[#This Row],[Haircut Diperhitungkan]]+Upaya_Debitur[[#This Row],[Set Off Diperhitungkan]]+SUM(OFFSET(Upaya_Debitur[[#This Row],[1]],0,0,1,$B$7))<Upaya_Debitur[[#This Row],[Kewajiban Total]]),"Ya","Tidak") -> Ya | BZ22: =IF(AND(Upaya_Debitur[[#This Row],[Iklan Cessie 1?]]="Ya",DATEDIF($B$5,$B$6,"D")>=120,Upaya_Debitur[[#This Row],[Haircut Diperhitungkan]]+Upaya_Debitur[[#This Row],[Set Off Diperhitungkan]]+SUM(OFFSET(Upaya_Debitur[[#This Row],[1]],0,0,1,$B$7))<Upaya_Debitur[[#This Row],[Kewajiban Total]]),"Ya","Tidak") -> Ya | CA22: =IF(AND(ISNUMBER(MATCH(Upaya_Debitur[[#This Row],[Wilayah Hukum]],$E$5:$E$12,0)),Upaya_Debitur[[#This Row],[SP3?]]="Ya",DATEDIF($B$5,$B$6,"D")>=120,Upaya_Debitur[[#This Row],[Haircut Diperhitungkan]]+Upaya_Debitur[[#This Row],[Set Off Diperhitungkan]]+SUM(OFFSET(Upaya_Debitur[[#This Row],[1]],0,0,1,$B$7))<Upaya_Debitur[[#This Row],[Kewajiban Total]],COUNTIFS(Upaya_Agunan[Nomor PK],Upaya_Debitur[[#This Row],[Nomor PK]],Upaya_Agunan[Agunan],"SHM")+COUNTIFS(Upaya_Agunan[Nomor PK],Upaya_Debitur[[#This Row],[Nomor PK]],Upaya_Agunan[Agunan],"SHGB")>0,AND(Upaya_Debitur[[#This Row],[Kewajiban Pokok]]<=500000000,Upaya_Debitur[[#This Row],[Kewajiban Pokok]]>50000000)),"Ya","Tidak") -> Tidak | CB22: 43781 | CC22: 43999 | CD22: 43826 | CE22: 43871 | CF22: 43887 | CH22: 44057 | CI22: 44077 | CK22: =COUNTIF(Upaya_Debitur[[#This Row],[Surat Pemberitahuan?]:[Gugatan Sederhana?]],"Ya") -> 7 | CL22: =Upaya_Debitur[[#This Row],[Target Upaya]]-COUNTIFS(Upaya_Debitur[[#This Row],[Surat Pemberitahuan?]:[Gugatan Sederhana?]],"Ya",Upaya_Debitur[[#This Row],[Surat Pemberitahuan]:[Gugatan Sederhana]],"") -> 7 | CM22: =IF(ISNUMBER(Upaya_Debitur[[#This Row],[Realisasi]]/Upaya_Debitur[[#This Row],[Target Upaya]]),Upaya_Debitur[[#This Row],[Realisasi]]/Upaya_Debitur[[#This Row],[Target Upaya]],1) -> 1 | CQ22: 4 | CR22: =DATE(YEAR(CR21),MONTH(CR21)+2,1)-1 -> 43861 | CS22: =Periode[[#This Row],[Bulan Ke]] -> 4 | CU22: Meninggal
A23: 5 | C23: 075/BBA-03/0792/V/1997 | D23: ABD. JABAR | E23: 2205725 | F23: 0 | G23: 0 | H23: =SUM(Upaya_Debitur[[#This Row],[Kewajiban Pokok]:[Kewajiban Denda]]) -> 2205725 | J23: =IF(ISNUMBER(Upaya_Debitur[[#This Row],[Angsuran Sesuai PK]]),Upaya_Debitur[[#This Row],[Angsuran Sesuai PK]],1) -> 1 | L23: Tidak koperatif | S23: =IF(Upaya_Debitur[[#This Row],[Periode Haircut]]="",0,IF(Upaya_Debitur[[#This Row],[Periode Haircut]]<=$B$6,Upaya_Debitur[[#This Row],[Haircut]],0)) -> 0 | T23: =IF($B$10="",0,IF($B$10<=$B$6,Upaya_Debitur[[#This Row],[Set Off]],0)) -> 0 | U23: 0 | V23: 2205725 | W23: 0 | X23: 0 | Y23: 0 | Z23: 0 | AA23: 0 | AB23: 0 | AC23: 0 | AD23: 0 | AE23: 0 | AF23: 0 | AG23: 0 | AH23: 0 | AI23: 0 | BQ23: =SUM(OFFSET(Upaya_Debitur[[#This Row],[Haircut Diperhitungkan]],0,0,1,$B$7+2)) -> 2205725 | BR23: =IF(Upaya_Debitur[[#This Row],[Total Pencairan]]>=Upaya_Debitur[[#This Row],[Kewajiban Total]],"Lunas","Belum Lunas") -> Lunas | BS23: ="Ya" -> Ya | BT23: ="Ya" -> Ya | BU23: =IF(AND(DATEDIF($B$5,$B$6,"D")>=30,Upaya_Debitur[[#This Row],[Haircut Diperhitungkan]]+Upaya_Debitur[[#This Row],[Set Off Diperhitungkan]]+SUM(OFFSET(Upaya_Debitur[[#This Row],[1]],0,0,1,$B$7))<Upaya_Debitur[[#This Row],[Kewajiban Total]],OR($B$7-COUNTIF(OFFSET(Upaya_Debitur[[#This Row],[1]],0,0,1,$B$7),">="&Upaya_Debitur[[#This Row],[Angsuran Diperhitungkan]])>=1,DATEDIF($B$6,EDATE($B$5,$B$8)-1,"D")<180)),"Ya","Tidak") -> Tidak | BV23: =IF(AND(Upaya_Debitur[[#This Row],[SP 1?]]="Ya",DATEDIF($B$5,$B$6,"D")>=60,Upaya_Debitur[[#This Row],[Haircut Diperhitungkan]]+Upaya_Debitur[[#This Row],[Set Off Diperhitungkan]]+SUM(OFFSET(Upaya_Debitur[[#This Row],[1]],0,0,1,$B$7))<Upaya_Debitur[[#This Row],[Kewajiban Total]],OR($B$7-COUNTIF(OFFSET(Upaya_Debitur[[#This Row],[1]],0,0,1,$B$7),">="&Upaya_Debitur[[#This Row],[Angsuran Diperhitungkan]])>=2,DATEDIF($B$6,EDATE($B$5,$B$8)-1,"D")<150)),"Ya","Tidak") -> Tidak | BW23: =IF(AND(Upaya_Debitur[[#This Row],[SP2?]]="Ya",DATEDIF($B$5,$B$6,"D")>=90,Upaya_Debitur[[#This Row],[Haircut Diperhitungkan]]+Upaya_Debitur[[#This Row],[Set Off Diperhitungkan]]+SUM(OFFSET(Upaya_Debitur[[#This Row],[1]],0,0,1,$B$7))<Upaya_Debitur[[#This Row],[Kewajiban Total]],OR($B$7-COUNTIF(OFFSET(Upaya_Debitur[[#This Row],[1]],0,0,1,$B$7),">="&Upaya_Debitur[[#This Row],[Angsuran Diperhitungkan]])>=3,DATEDIF($B$6,EDATE($B$5,$B$8)-1,"D")<120)),"Ya","Tidak") -> Tidak | BX23: =IF(Upaya_Debitur[[#This Row],[Kondisi Debitur]]="Tidak ditemukan","Ya","Tidak") -> Tidak | BY23: =IF(AND(Upaya_Debitur[[#This Row],[SP3?]]="Ya",DATEDIF($B$5,$B$6,"D")>=90,Upaya_Debitur[[#This Row],[Haircut Diperhitungkan]]+Upaya_Debitur[[#This Row],[Set Off Diperhitungkan]]+SUM(OFFSET(Upaya_Debitur[[#This Row],[1]],0,0,1,$B$7))<Upaya_Debitur[[#This Row],[Kewajiban Total]]),"Ya","Tidak") -> Tidak | BZ23: =IF(AND(Upaya_Debitur[[#This Row],[Iklan Cessie 1?]]="Ya",DATEDIF($B$5,$B$6,"D")>=120,Upaya_Debitur[[#This Row],[Haircut Diperhitungkan]]+Upaya_Debitur[[#This Row],[Set Off Diperhitungkan]]+SUM(OFFSET(Upaya_Debitur[[#This Row],[1]],0,0,1,$B$7))<Upaya_Debitur[[#This Row],[Kewajiban Total]]),"Ya","Tidak") -> Tidak | CA23: =IF(AND(ISNUMBER(MATCH(Upaya_Debitur[[#This Row],[Wilayah Hukum]],$E$5:$E$12,0)),Upaya_Debitur[[#This Row],[SP3?]]="Ya",DATEDIF($B$5,$B$6,"D")>=120,Upaya_Debitur[[#This Row],[Haircut Diperhitungkan]]+Upaya_Debitur[[#This Row],[Set Off Diperhitungkan]]+SUM(OFFSET(Upaya_Debitur[[#This Row],[1]],0,0,1,$B$7))<Upaya_Debitur[[#This Row],[Kewajiban Total]],COUNTIFS(Upaya_Agunan[Nomor PK],Upaya_Debitur[[#This Row],[Nomor PK]],Upaya_Agunan[Agunan],"SHM")+COUNTIFS(Upaya_Agunan[Nomor PK],Upaya_Debitur[[#This Row],[Nomor PK]],Upaya_Agunan[Agunan],"SHGB")>0,AND(Upaya_Debitur[[#This Row],[Kewajiban Pokok]]<=500000000,Upaya_Debitur[[#This Row],[Kewajiban Pokok]]>50000000)),"Ya","Tidak") -> Tidak | CB23: 43781 | CC23: 43871 | CH23: 44057 | CI23: 44077 | CK23: =COUNTIF(Upaya_Debitur[[#This Row],[Surat Pemberitahuan?]:[Gugatan Sederhana?]],"Ya") -> 2 | CL23: =Upaya_Debitur[[#This Row],[Target Upaya]]-COUNTIFS(Upaya_Debitur[[#This Row],[Surat Pemberitahuan?]:[Gugatan Sederhana?]],"Ya",Upaya_Debitur[[#This Row],[Surat Pemberitahuan]:[Gugatan Sederhana]],"") -> 2 | CM23: =IF(ISNUMBER(Upaya_Debitur[[#This Row],[Realisasi]]/Upaya_Debitur[[#This Row],[Target Upaya]]),Upaya_Debitur[[#This Row],[Realisasi]]/Upaya_Debitur[[#This Row],[Target Upaya]],1) -> 1 | CQ23: 5 | CR23: =DATE(YEAR(CR22),MONTH(CR22)+2,1)-1 -> 43890 | CS23: =Periode[[#This Row],[Bulan Ke]] -> 5 | CU23: Tidak memiliki kemampuan bayar
A24: 6 | C24: 125/MBA-02/0333/XII/2000 | D24: ABD. MANAF DAUD | E24: 1356853 | F24: 0 | G24: 0 | H24: =SUM(Upaya_Debitur[[#This Row],[Kewajiban Pokok]:[Kewajiban Denda]]) -> 1356853 | J24: =IF(ISNUMBER(Upaya_Debitur[[#This Row],[Angsuran Sesuai PK]]),Upaya_Debitur[[#This Row],[Angsuran Sesuai PK]],1) -> 1 | L24: Tidak koperatif | S24: =IF(Upaya_Debitur[[#This Row],[Periode Haircut]]="",0,IF(Upaya_Debitur[[#This Row],[Periode Haircut]]<=$B$6,Upaya_Debitur[[#This Row],[Haircut]],0)) -> 0 | T24: =IF($B$10="",0,IF($B$10<=$B$6,Upaya_Debitur[[#This Row],[Set Off]],0)) -> 0 | U24: 0 | V24: 0 | W24: 0 | X24: 0 | Y24: 0 | Z24: 0 | AA24: 0 | AB24: 0 | AC24: 0 | AD24: 0 | AE24: 0 | AF24: 0 | AG24: 0 | AH24: 0 | AI24: 0 | BQ24: =SUM(OFFSET(Upaya_Debitur[[#This Row],[Haircut Diperhitungkan]],0,0,1,$B$7+2)) -> 0 | BR24: =IF(Upaya_Debitur[[#This Row],[Total Pencairan]]>=Upaya_Debitur[[#This Row],[Kewajiban Total]],"Lunas","Belum Lunas") -> Belum Lunas | BS24: ="Ya" -> Ya | BT24: ="Ya" -> Ya | BU24: =IF(AND(DATEDIF($B$5,$B$6,"D")>=30,Upaya_Debitur[[#This Row],[Haircut Diperhitungkan]]+Upaya_Debitur[[#This Row],[Set Off Diperhitungkan]]+SUM(OFFSET(Upaya_Debitur[[#This Row],[1]],0,0,1,$B$7))<Upaya_Debitur[[#This Row],[Kewajiban Total]],OR($B$7-COUNTIF(OFFSET(Upaya_Debitur[[#This Row],[1]],0,0,1,$B$7),">="&Upaya_Debitur[[#This Row],[Angsuran Diperhitungkan]])>=1,DATEDIF($B$6,EDATE($B$5,$B$8)-1,"D")<180)),"Ya","Tidak") -> Ya | BV24: =IF(AND(Upaya_Debitur[[#This Row],[SP 1?]]="Ya",DATEDIF($B$5,$B$6,"D")>=60,Upaya_Debitur[[#This Row],[Haircut Diperhitungkan]]+Upaya_Debitur[[#This Row],[Set Off Diperhitungkan]]+SUM(OFFSET(Upaya_Debitur[[#This Row],[1]],0,0,1,$B$7))<Upaya_Debitur[[#This Row],[Kewajiban Total]],OR($B$7-COUNTIF(OFFSET(Upaya_Debitur[[#This Row],[1]],0,0,1,$B$7),">="&Upaya_Debitur[[#This Row],[Angsuran Diperhitungkan]])>=2,DATEDIF($B$6,EDATE($B$5,$B$8)-1,"D")<150)),"Ya","Tidak") -> Ya | BW24: =IF(AND(Upaya_Debitur[[#This Row],[SP2?]]="Ya",DATEDIF($B$5,$B$6,"D")>=90,Upaya_Debitur[[#This Row],[Haircut Diperhitungkan]]+Upaya_Debitur[[#This Row],[Set Off Diperhitungkan]]+SUM(OFFSET(Upaya_Debitur[[#This Row],[1]],0,0,1,$B$7))<Upaya_Debitur[[#This Row],[Kewajiban Total]],OR($B$7-COUNTIF(OFFSET(Upaya_Debitur[[#This Row],[1]],0,0,1,$B$7),">="&Upaya_Debitur[[#This Row],[Angsuran Diperhitungkan]])>=3,DATEDIF($B$6,EDATE($B$5,$B$8)-1,"D")<120)),"Ya","Tidak") -> Ya | BX24: =IF(Upaya_Debitur[[#This Row],[Kondisi Debitur]]="Tidak ditemukan","Ya","Tidak") -> Tidak | BY24: =IF(AND(Upaya_Debitur[[#This Row],[SP3?]]="Ya",DATEDIF($B$5,$B$6,"D")>=90,Upaya_Debitur[[#This Row],[Haircut Diperhitungkan]]+Upaya_Debitur[[#This Row],[Set Off Diperhitungkan]]+SUM(OFFSET(Upaya_Debitur[[#This Row],[1]],0,0,1,$B$7))<Upaya_Debitur[[#This Row],[Kewajiban Total]]),"Ya","Tidak") -> Ya | BZ24: =IF(AND(Upaya_Debitur[[#This Row],[Iklan Cessie 1?]]="Ya",DATEDIF($B$5,$B$6,"D")>=120,Upaya_Debitur[[#This Row],[Haircut Diperhitungkan]]+Upaya_Debitur[[#This Row],[Set Off Diperhitungkan]]+SUM(OFFSET(Upaya_Debitur[[#This Row],[1]],0,0,1,$B$7))<Upaya_Debitur[[#This Row],[Kewajiban Total]]),"Ya","Tidak") -> Ya | CA24: =IF(AND(ISNUMBER(MATCH(Upaya_Debitur[[#This Row],[Wilayah Hukum]],$E$5:$E$12,0)),Upaya_Debitur[[#This Row],[SP3?]]="Ya",DATEDIF($B$5,$B$6,"D")>=120,Upaya_Debitur[[#This Row],[Haircut Diperhitungkan]]+Upaya_Debitur[[#This Row],[Set Off Diperhitungkan]]+SUM(OFFSET(Upaya_Debitur[[#This Row],[1]],0,0,1,$B$7))<Upaya_Debitur[[#This Row],[Kewajiban Total]],COUNTIFS(Upaya_Agunan[Nomor PK],Upaya_Debitur[[#This Row],[Nomor PK]],Upaya_Agunan[Agunan],"SHM")+COUNTIFS(Upaya_Agunan[Nomor PK],Upaya_Debitur[[#This Row],[Nomor PK]],Upaya_Agunan[Agunan],"SHGB")>0,AND(Upaya_Debitur[[#This Row],[Kewajiban Pokok]]<=500000000,Upaya_Debitur[[#This Row],[Kewajiban Pokok]]>50000000)),"Ya","Tidak") -> Tidak | CB24: 43781 | CC24: 43999 | CD24: 43826 | CE24: 43871 | CF24: 43887 | CG24: 43888 | CH24: 44057 | CI24: 44077 | CK24: =COUNTIF(Upaya_Debitur[[#This Row],[Surat Pemberitahuan?]:[Gugatan Sederhana?]],"Ya") -> 7 | CL24: =Upaya_Debitur[[#This Row],[Target Upaya]]-COUNTIFS(Upaya_Debitur[[#This Row],[Surat Pemberitahuan?]:[Gugatan Sederhana?]],"Ya",Upaya_Debitur[[#This Row],[Surat Pemberitahuan]:[Gugatan Sederhana]],"") -> 7 | CM24: =IF(ISNUMBER(Upaya_Debitur[[#This Row],[Realisasi]]/Upaya_Debitur[[#This Row],[Target Upaya]]),Upaya_Debitur[[#This Row],[Realisasi]]/Upaya_Debitur[[#This Row],[Target Upaya]],1) -> 1 | CQ24: 6 | CR24: =DATE(YEAR(CR23),MONTH(CR23)+2,1)-1 -> 43921 | CS24: =Periode[[#This Row],[Bulan Ke]] -> 6
A25: 7 | C25: 250/BBA-03/0686/XI/1996 | D25: ABD. MUKTY ALI MUHAMMAD | E25: 4824450 | F25: 0 | G25: 0 | H25: =SUM(Upaya_Debitur[[#This Row],[Kewajiban Pokok]:[Kewajiban Denda]]) -> 4824450 | J25: =IF(ISNUMBER(Upaya_Debitur[[#This Row],[Angsuran Sesuai PK]]),Upaya_Debitur[[#This Row],[Angsuran Sesuai PK]],1) -> 1 | L25: Tidak koperatif | S25: =IF(Upaya_Debitur[[#This Row],[Periode Haircut]]="",0,IF(Upaya_Debitur[[#This Row],[Periode Haircut]]<=$B$6,Upaya_Debitur[[#This Row],[Haircut]],0)) -> 0 | T25: =IF($B$10="",0,IF($B$10<=$B$6,Upaya_Debitur[[#This Row],[Set Off]],0)) -> 0 | U25: 0 | V25: 0 | W25: 0 | X25: 0 | Y25: 0 | Z25: 0 | AA25: 0 | AB25: 0 | AC25: 0 | AD25: 0 | AE25: 0 | AF25: 0 | AG25: 0 | AH25: 0 | AI25: 0 | BQ25: =SUM(OFFSET(Upaya_Debitur[[#This Row],[Haircut Diperhitungkan]],0,0,1,$B$7+2)) -> 0 | BR25: =IF(Upaya_Debitur[[#This Row],[Total Pencairan]]>=Upaya_Debitur[[#This Row],[Kewajiban Total]],"Lunas","Belum Lunas") -> Belum Lunas | BS25: ="Ya" -> Ya | BT25: ="Ya" -> Ya | BU25: =IF(AND(DATEDIF($B$5,$B$6,"D")>=30,Upaya_Debitur[[#This Row],[Haircut Diperhitungkan]]+Upaya_Debitur[[#This Row],[Set Off Diperhitungkan]]+SUM(OFFSET(Upaya_Debitur[[#This Row],[1]],0,0,1,$B$7))<Upaya_Debitur[[#This Row],[Kewajiban Total]],OR($B$7-COUNTIF(OFFSET(Upaya_Debitur[[#This Row],[1]],0,0,1,$B$7),">="&Upaya_Debitur[[#This Row],[Angsuran Diperhitungkan]])>=1,DATEDIF($B$6,EDATE($B$5,$B$8)-1,"D")<180)),"Ya","Tidak") -> Ya | BV25: =IF(AND(Upaya_Debitur[[#This Row],[SP 1?]]="Ya",DATEDIF($B$5,$B$6,"D")>=60,Upaya_Debitur[[#This Row],[Haircut Diperhitungkan]]+Upaya_Debitur[[#This Row],[Set Off Diperhitungkan]]+SUM(OFFSET(Upaya_Debitur[[#This Row],[1]],0,0,1,$B$7))<Upaya_Debitur[[#This Row],[Kewajiban Total]],OR($B$7-COUNTIF(OFFSET(Upaya_Debitur[[#This Row],[1]],0,0,1,$B$7),">="&Upaya_Debitur[[#This Row],[Angsuran Diperhitungkan]])>=2,DATEDIF($B$6,EDATE($B$5,$B$8)-1,"D")<150)),"Ya","Tidak") -> Ya | BW25: =IF(AND(Upaya_Debitur[[#This Row],[SP2?]]="Ya",DATEDIF($B$5,$B$6,"D")>=90,Upaya_Debitur[[#This Row],[Haircut Diperhitungkan]]+Upaya_Debitur[[#This Row],[Set Off Diperhitungkan]]+SUM(OFFSET(Upaya_Debitur[[#This Row],[1]],0,0,1,$B$7))<Upaya_Debitur[[#This Row],[Kewajiban Total]],OR($B$7-COUNTIF(OFFSET(Upaya_Debitur[[#This Row],[1]],0,0,1,$B$7),">="&Upaya_Debitur[[#This Row],[Angsuran Diperhitungkan]])>=3,DATEDIF($B$6,EDATE($B$5,$B$8)-1,"D")<120)),"Ya","Tidak") -> Ya | BX25: =IF(Upaya_Debitur[[#This Row],[Kondisi Debitur]]="Tidak ditemukan","Ya","Tidak") -> Tidak | BY25: =IF(AND(Upaya_Debitur[[#This Row],[SP3?]]="Ya",DATEDIF($B$5,$B$6,"D")>=90,Upaya_Debitur[[#This Row],[Haircut Diperhitungkan]]+Upaya_Debitur[[#This Row],[Set Off Diperhitungkan]]+SUM(OFFSET(Upaya_Debitur[[#This Row],[1]],0,0,1,$B$7))<Upaya_Debitur[[#This Row],[Kewajiban Total]]),"Ya","Tidak") -> Ya | BZ25: =IF(AND(Upaya_Debitur[[#This Row],[Iklan Cessie 1?]]="Ya",DATEDIF($B$5,$B$6,"D")>=120,Upaya_Debitur[[#This Row],[Haircut Diperhitungkan]]+Upaya_Debitur[[#This Row],[Set Off Diperhitungkan]]+SUM(OFFSET(Upaya_Debitur[[#This Row],[1]],0,0,1,$B$7))<Upaya_Debitur[[#This Row],[Kewajiban Total]]),"Ya","Tidak") -> Ya | CA25: =IF(AND(ISNUMBER(MATCH(Upaya_Debitur[[#This Row],[Wilayah Hukum]],$E$5:$E$12,0)),Upaya_Debitur[[#This Row],[SP3?]]="Ya",DATEDIF($B$5,$B$6,"D")>=120,Upaya_Debitur[[#This Row],[Haircut Diperhitungkan]]+Upaya_Debitur[[#This Row],[Set Off Diperhitungkan]]+SUM(OFFSET(Upaya_Debitur[[#This Row],[1]],0,0,1,$B$7))<Upaya_Debitur[[#This Row],[Kewajiban Total]],COUNTIFS(Upaya_Agunan[Nomor PK],Upaya_Debitur[[#This Row],[Nomor PK]],Upaya_Agunan[Agunan],"SHM")+COUNTIFS(Upaya_Agunan[Nomor PK],Upaya_Debitur[[#This Row],[Nomor PK]],Upaya_Agunan[Agunan],"SHGB")>0,AND(Upaya_Debitur[[#This Row],[Kewajiban Pokok]]<=500000000,Upaya_Debitur[[#This Row],[Kewajiban Pokok]]>50000000)),"Ya","Tidak") -> Tidak | CB25: 43781 | CC25: 43999 | CD25: 43826 | CE25: 43871 | CF25: 43887 | CH25: 44057 | CI25: 44077 | CK25: =COUNTIF(Upaya_Debitur[[#This Row],[Surat Pemberitahuan?]:[Gugatan Sederhana?]],"Ya") -> 7 | CL25: =Upaya_Debitur[[#This Row],[Target Upaya]]-COUNTIFS(Upaya_Debitur[[#This Row],[Surat Pemberitahuan?]:[Gugatan Sederhana?]],"Ya",Upaya_Debitur[[#This Row],[Surat Pemberitahuan]:[Gugatan Sederhana]],"") -> 7 | CM25: =IF(ISNUMBER(Upaya_Debitur[[#This Row],[Realisasi]]/Upaya_Debitur[[#This Row],[Target Upaya]]),Upaya_Debitur[[#This Row],[Realisasi]]/Upaya_Debitur[[#This Row],[Target Upaya]],1) -> 1 | CQ25: 7 | CR25: =DATE(YEAR(CR24),MONTH(CR24)+2,1)-1 -> 43951 | CS25: =Periode[[#This Row],[Bulan Ke]] -> 7
A26: 8 | C26: 211/BBA-03/0647/IX/1996 | D26: ABDUL JALIL | E26: 1500000 | F26: 0 | G26: 0 | H26: =SUM(Upaya_Debitur[[#This Row],[Kewajiban Pokok]:[Kewajiban Denda]]) -> 1500000 | J26: =IF(ISNUMBER(Upaya_Debitur[[#This Row],[Angsuran Sesuai PK]]),Upaya_Debitur[[#This Row],[Angsuran Sesuai PK]],1) -> 1 | L26: Tidak koperatif | S26: =IF(Upaya_Debitur[[#This Row],[Periode Haircut]]="",0,IF(Upaya_Debitur[[#This Row],[Periode Haircut]]<=$B$6,Upaya_Debitur[[#This Row],[Haircut]],0)) -> 0 | T26: =IF($B$10="",0,IF($B$10<=$B$6,Upaya_Debitur[[#This Row],[Set Off]],0)) -> 0 | U26: 0 | V26: 0 | W26: 1500000 | X26: 0 | Y26: 0 | Z26: 0 | AA26: 0 | AB26: 0 | AC26: 0 | AD26: 0 | AE26: 0 | AF26: 0 | AG26: 0 | AH26: 0 | AI26: 0 | BQ26: =SUM(OFFSET(Upaya_Debitur[[#This Row],[Haircut Diperhitungkan]],0,0,1,$B$7+2)) -> 1500000 | BR26: =IF(Upaya_Debitur[[#This Row],[Total Pencairan]]>=Upaya_Debitur[[#This Row],[Kewajiban Total]],"Lunas","Belum Lunas") -> Lunas | BS26: ="Ya" -> Ya | BT26: ="Ya" -> Ya | BU26: =IF(AND(DATEDIF($B$5,$B$6,"D")>=30,Upaya_Debitur[[#This Row],[Haircut Diperhitungkan]]+Upaya_Debitur[[#This Row],[Set Off Diperhitungkan]]+SUM(OFFSET(Upaya_Debitur[[#This Row],[1]],0,0,1,$B$7))<Upaya_Debitur[[#This Row],[Kewajiban Total]],OR($B$7-COUNTIF(OFFSET(Upaya_Debitur[[#This Row],[1]],0,0,1,$B$7),">="&Upaya_Debitur[[#This Row],[Angsuran Diperhitungkan]])>=1,DATEDIF($B$6,EDATE($B$5,$B$8)-1,"D")<180)),"Ya","Tidak") -> Tidak | BV26: =IF(AND(Upaya_Debitur[[#This Row],[SP 1?]]="Ya",DATEDIF($B$5,$B$6,"D")>=60,Upaya_Debitur[[#This Row],[Haircut Diperhitungkan]]+Upaya_Debitur[[#This Row],[Set Off Diperhitungkan]]+SUM(OFFSET(Upaya_Debitur[[#This Row],[1]],0,0,1,$B$7))<Upaya_Debitur[[#This Row],[Kewajiban Total]],OR($B$7-COUNTIF(OFFSET(Upaya_Debitur[[#This Row],[1]],0,0,1,$B$7),">="&Upaya_Debitur[[#This Row],[Angsuran Diperhitungkan]])>=2,DATEDIF($B$6,EDATE($B$5,$B$8)-1,"D")<150)),"Ya","Tidak") -> Tidak | BW26: =IF(AND(Upaya_Debitur[[#This Row],[SP2?]]="Ya",DATEDIF($B$5,$B$6,"D")>=90,Upaya_Debitur[[#This Row],[Haircut Diperhitungkan]]+Upaya_Debitur[[#This Row],[Set Off Diperhitungkan]]+SUM(OFFSET(Upaya_Debitur[[#This Row],[1]],0,0,1,$B$7))<Upaya_Debitur[[#This Row],[Kewajiban Total]],OR($B$7-COUNTIF(OFFSET(Upaya_Debitur[[#This Row],[1]],0,0,1,$B$7),">="&Upaya_Debitur[[#This Row],[Angsuran Diperhitungkan]])>=3,DATEDIF($B$6,EDATE($B$5,$B$8)-1,"D")<120)),"Ya","Tidak") -> Tidak | BX26: =IF(Upaya_Debitur[[#This Row],[Kondisi Debitur]]="Tidak ditemukan","Ya","Tidak") -> Tidak | BY26: =IF(AND(Upaya_Debitur[[#This Row],[SP3?]]="Ya",DATEDIF($B$5,$B$6,"D")>=90,Upaya_Debitur[[#This Row],[Haircut Diperhitungkan]]+Upaya_Debitur[[#This Row],[Set Off Diperhitungkan]]+SUM(OFFSET(Upaya_Debitur[[#This Row],[1]],0,0,1,$B$7))<Upaya_Debitur[[#This Row],[Kewajiban Total]]),"Ya","Tidak") -> Tidak | BZ26: =IF(AND(Upaya_Debitur[[#This Row],[Iklan Cessie 1?]]="Ya",DATEDIF($B$5,$B$6,"D")>=120,Upaya_Debitur[[#This Row],[Haircut Diperhitungkan]]+Upaya_Debitur[[#This Row],[Set Off Diperhitungkan]]+SUM(OFFSET(Upaya_Debitur[[#This Row],[1]],0,0,1,$B$7))<Upaya_Debitur[[#This Row],[Kewajiban Total]]),"Ya","Tidak") -> Tidak | CA26: =IF(AND(ISNUMBER(MATCH(Upaya_Debitur[[#This Row],[Wilayah Hukum]],$E$5:$E$12,0)),Upaya_Debitur[[#This Row],[SP3?]]="Ya",DATEDIF($B$5,$B$6,"D")>=120,Upaya_Debitur[[#This Row],[Haircut Diperhitungkan]]+Upaya_Debitur[[#This Row],[Set Off Diperhitungkan]]+SUM(OFFSET(Upaya_Debitur[[#This Row],[1]],0,0,1,$B$7))<Upaya_Debitur[[#This Row],[Kewajiban Total]],COUNTIFS(Upaya_Agunan[Nomor PK],Upaya_Debitur[[#This Row],[Nomor PK]],Upaya_Agunan[Agunan],"SHM")+COUNTIFS(Upaya_Agunan[Nomor PK],Upaya_Debitur[[#This Row],[Nomor PK]],Upaya_Agunan[Agunan],"SHGB")>0,AND(Upaya_Debitur[[#This Row],[Kewajiban Pokok]]<=500000000,Upaya_Debitur[[#This Row],[Kewajiban Pokok]]>50000000)),"Ya","Tidak") -> Tidak | CB26: 43781 | CC26: 43871 | CG26: 43888 | CH26: 44057 | CI26: 44077 | CK26: =COUNTIF(Upaya_Debitur[[#This Row],[Surat Pemberitahuan?]:[Gugatan Sederhana?]],"Ya") -> 2 | CL26: =Upaya_Debitur[[#This Row],[Target Upaya]]-COUNTIFS(Upaya_Debitur[[#This Row],[Surat Pemberitahuan?]:[Gugatan Sederhana?]],"Ya",Upaya_Debitur[[#This Row],[Surat Pemberitahuan]:[Gugatan Sederhana]],"") -> 2 | CM26: =IF(ISNUMBER(Upaya_Debitur[[#This Row],[Realisasi]]/Upaya_Debitur[[#This Row],[Target Upaya]]),Upaya_Debitur[[#This Row],[Realisasi]]/Upaya_Debitur[[#This Row],[Target Upaya]],1) -> 1 | CQ26: 8 | CR26: =DATE(YEAR(CR25),MONTH(CR25)+2,1)-1 -> 43982 | CS26: =Periode[[#This Row],[Bulan Ke]] -> 8
A27: 9 | C27: 24/MBA-NAD.K/0030/III/2004 | D27: ABDUL MAJID, MD | E27: 440000 | F27: 0 | G27: 0 | H27: =SUM(Upaya_Debitur[[#This Row],[Kewajiban Pokok]:[Kewajiban Denda]]) -> 440000 | J27: =IF(ISNUMBER(Upaya_Debitur[[#This Row],[Angsuran Sesuai PK]]),Upaya_Debitur[[#This Row],[Angsuran Sesuai PK]],1) -> 1 | L27: Tidak ditemukan | S27: =IF(Upaya_Debitur[[#This Row],[Periode Haircut]]="",0,IF(Upaya_Debitur[[#This Row],[Periode Haircut]]<=$B$6,Upaya_Debitur[[#This Row],[Haircut]],0)) -> 0 | T27: =IF($B$10="",0,IF($B$10<=$B$6,Upaya_Debitur[[#This Row],[Set Off]],0)) -> 0 | U27: 0 | V27: 0 | W27: 0 | X27: 0 | Y27: 0 | Z27: 0 | AA27: 0 | AB27: 0 | AC27: 0 | AD27: 0 | AE27: 0 | AF27: 0 | AG27: 0 | AH27: 0 | AI27: 0 | BQ27: =SUM(OFFSET(Upaya_Debitur[[#This Row],[Haircut Diperhitungkan]],0,0,1,$B$7+2)) -> 0 | BR27: =IF(Upaya_Debitur[[#This Row],[Total Pencairan]]>=Upaya_Debitur[[#This Row],[Kewajiban Total]],"Lunas","Belum Lunas") -> Belum Lunas | BS27: ="Ya" -> Ya | BT27: ="Ya" -> Ya | BU27: =IF(AND(DATEDIF($B$5,$B$6,"D")>=30,Upaya_Debitur[[#This Row],[Haircut Diperhitungkan]]+Upaya_Debitur[[#This Row],[Set Off Diperhitungkan]]+SUM(OFFSET(Upaya_Debitur[[#This Row],[1]],0,0,1,$B$7))<Upaya_Debitur[[#This Row],[Kewajiban Total]],OR($B$7-COUNTIF(OFFSET(Upaya_Debitur[[#This Row],[1]],0,0,1,$B$7),">="&Upaya_Debitur[[#This Row],[Angsuran Diperhitungkan]])>=1,DATEDIF($B$6,EDATE($B$5,$B$8)-1,"D")<180)),"Ya","Tidak") -> Ya | BV27: =IF(AND(Upaya_Debitur[[#This Row],[SP 1?]]="Ya",DATEDIF($B$5,$B$6,"D")>=60,Upaya_Debitur[[#This Row],[Haircut Diperhitungkan]]+Upaya_Debitur[[#This Row],[Set Off Diperhitungkan]]+SUM(OFFSET(Upaya_Debitur[[#This Row],[1]],0,0,1,$B$7))<Upaya_Debitur[[#This Row],[Kewajiban Total]],OR($B$7-COUNTIF(OFFSET(Upaya_Debitur[[#This Row],[1]],0,0,1,$B$7),">="&Upaya_Debitur[[#This Row],[Angsuran Diperhitungkan]])>=2,DATEDIF($B$6,EDATE($B$5,$B$8)-1,"D")<150)),"Ya","Tidak") -> Ya | BW27: =IF(AND(Upaya_Debitur[[#This Row],[SP2?]]="Ya",DATEDIF($B$5,$B$6,"D")>=90,Upaya_Debitur[[#This Row],[Haircut Diperhitungkan]]+Upaya_Debitur[[#This Row],[Set Off Diperhitungkan]]+SUM(OFFSET(Upaya_Debitur[[#This Row],[1]],0,0,1,$B$7))<Upaya_Debitur[[#This Row],[Kewajiban Total]],OR($B$7-COUNTIF(OFFSET(Upaya_Debitur[[#This Row],[1]],0,0,1,$B$7),">="&Upaya_Debitur[[#This Row],[Angsuran Diperhitungkan]])>=3,DATEDIF($B$6,EDATE($B$5,$B$8)-1,"D")<120)),"Ya","Tidak") -> Ya | BX27: =IF(Upaya_Debitur[[#This Row],[Kondisi Debitur]]="Tidak ditemukan","Ya","Tidak") -> Ya | BY27: =IF(AND(Upaya_Debitur[[#This Row],[SP3?]]="Ya",DATEDIF($B$5,$B$6,"D")>=90,Upaya_Debitur[[#This Row],[Haircut Diperhitungkan]]+Upaya_Debitur[[#This Row],[Set Off Diperhitungkan]]+SUM(OFFSET(Upaya_Debitur[[#This Row],[1]],0,0,1,$B$7))<Upaya_Debitur[[#This Row],[Kewajiban Total]]),"Ya","Tidak") -> Ya | BZ27: =IF(AND(Upaya_Debitur[[#This Row],[Iklan Cessie 1?]]="Ya",DATEDIF($B$5,$B$6,"D")>=120,Upaya_Debitur[[#This Row],[Haircut Diperhitungkan]]+Upaya_Debitur[[#This Row],[Set Off Diperhitungkan]]+SUM(OFFSET(Upaya_Debitur[[#This Row],[1]],0,0,1,$B$7))<Upaya_Debitur[[#This Row],[Kewajiban Total]]),"Ya","Tidak") -> Ya | CA27: =IF(AND(ISNUMBER(MATCH(Upaya_Debitur[[#This Row],[Wilayah Hukum]],$E$5:$E$12,0)),Upaya_Debitur[[#This Row],[SP3?]]="Ya",DATEDIF($B$5,$B$6,"D")>=120,Upaya_Debitur[[#This Row],[Haircut Diperhitungkan]]+Upaya_Debitur[[#This Row],[Set Off Diperhitungkan]]+SUM(OFFSET(Upaya_Debitur[[#This Row],[1]],0,0,1,$B$7))<Upaya_Debitur[[#This Row],[Kewajiban Total]],COUNTIFS(Upaya_Agunan[Nomor PK],Upaya_Debitur[[#This Row],[Nomor PK]],Upaya_Agunan[Agunan],"SHM")+COUNTIFS(Upaya_Agunan[Nomor PK],Upaya_Debitur[[#This Row],[Nomor PK]],Upaya_Agunan[Agunan],"SHGB")>0,AND(Upaya_Debitur[[#This Row],[Kewajiban Pokok]]<=500000000,Upaya_Debitur[[#This Row],[Kewajiban Pokok]]>50000000)),"Ya","Tidak") -> Tidak | CB27: 43781 | CC27: 43999 | CD27: 43826 | CE27: 43871 | CF27: 43887 | CG27: 44035 | CH27: 44057 | CI27: 44077 | CK27: =COUNTIF(Upaya_Debitur[[#This Row],[Surat Pemberitahuan?]:[Gugatan Sederhana?]],"Ya") -> 8 | CL27: =Upaya_Debitur[[#This Row],[Target Upaya]]-COUNTIFS(Upaya_Debitur[[#This Row],[Surat Pemberitahuan?]:[Gugatan Sederhana?]],"Ya",Upaya_Debitur[[#This Row],[Surat Pemberitahuan]:[Gugatan Sederhana]],"") -> 8 | CM27: =IF(ISNUMBER(Upaya_Debitur[[#This Row],[Realisasi]]/Upaya_Debitur[[#This Row],[Target Upaya]]),Upaya_Debitur[[#This Row],[Realisasi]]/Upaya_Debitur[[#This Row],[Target Upaya]],1) -> 1 | CQ27: 9 | CR27: =DATE(YEAR(CR26),MONTH(CR26)+2,1)-1 -> 44012 | CS27: =Periode[[#This Row],[Bulan Ke]] -> 9
A28: 10 | C28: 36/MBA-NAD.K/0042/IV/2004 | D28: ABDUL WAHAB | E28: 4000000 | F28: 0 | G28: 0 | H28: =SUM(Upaya_Debitur[[#This Row],[Kewajiban Pokok]:[Kewajiban Denda]]) -> 4000000 | J28: =IF(ISNUMBER(Upaya_Debitur[[#This Row],[Angsuran Sesuai PK]]),Upaya_Debitur[[#This Row],[Angsuran Sesuai PK]],1) -> 1 | L28: Tidak koperatif | S28: =IF(Upaya_Debitur[[#This Row],[Periode Haircut]]="",0,IF(Upaya_Debitur[[#This Row],[Periode Haircut]]<=$B$6,Upaya_Debitur[[#This Row],[Haircut]],0)) -> 0 | T28: =IF($B$10="",0,IF($B$10<=$B$6,Upaya_Debitur[[#This Row],[Set Off]],0)) -> 0 | U28: 0 | V28: 0 | W28: 0 | X28: 0 | Y28: 0 | Z28: 0 | AA28: 0 | AB28: 0 | AC28: 0 | AD28: 0 | AE28: 0 | AF28: 0 | AG28: 0 | AH28: 0 | AI28: 0 | BQ28: =SUM(OFFSET(Upaya_Debitur[[#This Row],[Haircut Diperhitungkan]],0,0,1,$B$7+2)) -> 0 | BR28: =IF(Upaya_Debitur[[#This Row],[Total Pencairan]]>=Upaya_Debitur[[#This Row],[Kewajiban Total]],"Lunas","Belum Lunas") -> Belum Lunas | BS28: ="Ya" -> Ya | BT28: ="Ya" -> Ya | BU28: =IF(AND(DATEDIF($B$5,$B$6,"D")>=30,Upaya_Debitur[[#This Row],[Haircut Diperhitungkan]]+Upaya_Debitur[[#This Row],[Set Off Diperhitungkan]]+SUM(OFFSET(Upaya_Debitur[[#This Row],[1]],0,0,1,$B$7))<Upaya_Debitur[[#This Row],[Kewajiban Total]],OR($B$7-COUNTIF(OFFSET(Upaya_Debitur[[#This Row],[1]],0,0,1,$B$7),">="&Upaya_Debitur[[#This Row],[Angsuran Diperhitungkan]])>=1,DATEDIF($B$6,EDATE($B$5,$B$8)-1,"D")<180)),"Ya","Tidak") -> Ya | BV28: =IF(AND(Upaya_Debitur[[#This Row],[SP 1?]]="Ya",DATEDIF($B$5,$B$6,"D")>=60,Upaya_Debitur[[#This Row],[Haircut Diperhitungkan]]+Upaya_Debitur[[#This Row],[Set Off Diperhitungkan]]+SUM(OFFSET(Upaya_Debitur[[#This Row],[1]],0,0,1,$B$7))<Upaya_Debitur[[#This Row],[Kewajiban Total]],OR($B$7-COUNTIF(OFFSET(Upaya_Debitur[[#This Row],[1]],0,0,1,$B$7),">="&Upaya_Debitur[[#This Row],[Angsuran Diperhitungkan]])>=2,DATEDIF($B$6,EDATE($B$5,$B$8)-1,"D")<150)),"Ya","Tidak") -> Ya | BW28: =IF(AND(Upaya_Debitur[[#This Row],[SP2?]]="Ya",DATEDIF($B$5,$B$6,"D")>=90,Upaya_Debitur[[#This Row],[Haircut Diperhitungkan]]+Upaya_Debitur[[#This Row],[Set Off Diperhitungkan]]+SUM(OFFSET(Upaya_Debitur[[#This Row],[1]],0,0,1,$B$7))<Upaya_Debitur[[#This Row],[Kewajiban Total]],OR($B$7-COUNTIF(OFFSET(Upaya_Debitur[[#This Row],[1]],0,0,1,$B$7),">="&Upaya_Debitur[[#This Row],[Angsuran Diperhitungkan]])>=3,DATEDIF($B$6,EDATE($B$5,$B$8)-1,"D")<120)),"Ya","Tidak") -> Ya | BX28: =IF(Upaya_Debitur[[#This Row],[Kondisi Debitur]]="Tidak ditemukan","Ya","Tidak") -> Tidak | BY28: =IF(AND(Upaya_Debitur[[#This Row],[SP3?]]="Ya",DATEDIF($B$5,$B$6,"D")>=90,Upaya_Debitur[[#This Row],[Haircut Diperhitungkan]]+Upaya_Debitur[[#This Row],[Set Off Diperhitungkan]]+SUM(OFFSET(Upaya_Debitur[[#This Row],[1]],0,0,1,$B$7))<Upaya_Debitur[[#This Row],[Kewajiban Total]]),"Ya","Tidak") -> Ya | BZ28: =IF(AND(Upaya_Debitur[[#This Row],[Iklan Cessie 1?]]="Ya",DATEDIF($B$5,$B$6,"D")>=120,Upaya_Debitur[[#This Row],[Haircut Diperhitungkan]]+Upaya_Debitur[[#This Row],[Set Off Diperhitungkan]]+SUM(OFFSET(Upaya_Debitur[[#This Row],[1]],0,0,1,$B$7))<Upaya_Debitur[[#This Row],[Kewajiban Total]]),"Ya","Tidak") -> Ya | CA28: =IF(AND(ISNUMBER(MATCH(Upaya_Debitur[[#This Row],[Wilayah Hukum]],$E$5:$E$12,0)),Upaya_Debitur[[#This Row],[SP3?]]="Ya",DATEDIF($B$5,$B$6,"D")>=120,Upaya_Debitur[[#This Row],[Haircut Diperhitungkan]]+Upaya_Debitur[[#This Row],[Set Off Diperhitungkan]]+SUM(OFFSET(Upaya_Debitur[[#This Row],[1]],0,0,1,$B$7))<Upaya_Debitur[[#This Row],[Kewajiban Total]],COUNTIFS(Upaya_Agunan[Nomor PK],Upaya_Debitur[[#This Row],[Nomor PK]],Upaya_Agunan[Agunan],"SHM")+COUNTIFS(Upaya_Agunan[Nomor PK],Upaya_Debitur[[#This Row],[Nomor PK]],Upaya_Agunan[Agunan],"SHGB")>0,AND(Upaya_Debitur[[#This Row],[Kewajiban Pokok]]<=500000000,Upaya_Debitur[[#This Row],[Kewajiban Pokok]]>50000000)),"Ya","Tidak") -> Tidak | CB28: 43781 | CC28: 43999 | CD28: 43826 | CE28: 43871 | CF28: 43887 | CG28: 43888 | CH28: 44057 | CI28: 44077 | CK28: =COUNTIF(Upaya_Debitur[[#This Row],[Surat Pemberitahuan?]:[Gugatan Sederhana?]],"Ya") -> 7 | CL28: =Upaya_Debitur[[#This Row],[Target Upaya]]-COUNTIFS(Upaya_Debitur[[#This Row],[Surat Pemberitahuan?]:[Gugatan Sederhana?]],"Ya",Upaya_Debitur[[#This Row],[Surat Pemberitahuan]:[Gugatan Sederhana]],"") -> 7 | CM28: =IF(ISNUMBER(Upaya_Debitur[[#This Row],[Realisasi]]/Upaya_Debitur[[#This Row],[Target Upaya]]),Upaya_Debitur[[#This Row],[Realisasi]]/Upaya_Debitur[[#This Row],[Target Upaya]],1) -> 1 | CQ28: 10 | CR28: =DATE(YEAR(CR27),MONTH(CR27)+2,1)-1 -> 44043 | CS28: =Periode[[#This Row],[Bulan Ke]] -> 10
A29: 11 | C29: 132/BBA-03/0849/VII/1997 | D29: ABDULLAH | E29: 271500 | F29: 0 | G29: 0 | H29: =SUM(Upaya_Debitur[[#This Row],[Kewajiban Pokok]:[Kewajiban Denda]]) -> 271500 | J29: =IF(ISNUMBER(Upaya_Debitur[[#This Row],[Angsuran Sesuai PK]]),Upaya_Debitur[[#This Row],[Angsuran Sesuai PK]],1) -> 1 | L29: Tidak ditemukan | S29: =IF(Upaya_Debitur[[#This Row],[Periode Haircut]]="",0,IF(Upaya_Debitur[[#This Row],[Periode Haircut]]<=$B$6,Upaya_Debitur[[#This Row],[Haircut]],0)) -> 0 | T29: =IF($B$10="",0,IF($B$10<=$B$6,Upaya_Debitur[[#This Row],[Set Off]],0)) -> 0 | U29: 0 | V29: 0 | W29: 0 | X29: 0 | Y29: 0 | Z29: 0 | AA29: 0 | AB29: 0 | AC29: 0 | AD29: 0 | AE29: 0 | AF29: 0 | AG29: 0 | AH29: 0 | AI29: 0 | BQ29: =SUM(OFFSET(Upaya_Debitur[[#This Row],[Haircut Diperhitungkan]],0,0,1,$B$7+2)) -> 0 | BR29: =IF(Upaya_Debitur[[#This Row],[Total Pencairan]]>=Upaya_Debitur[[#This Row],[Kewajiban Total]],"Lunas","Belum Lunas") -> Belum Lunas | BS29: ="Ya" -> Ya | BT29: ="Ya" -> Ya | BU29: =IF(AND(DATEDIF($B$5,$B$6,"D")>=30,Upaya_Debitur[[#This Row],[Haircut Diperhitungkan]]+Upaya_Debitur[[#This Row],[Set Off Diperhitungkan]]+SUM(OFFSET(Upaya_Debitur[[#This Row],[1]],0,0,1,$B$7))<Upaya_Debitur[[#This Row],[Kewajiban Total]],OR($B$7-COUNTIF(OFFSET(Upaya_Debitur[[#This Row],[1]],0,0,1,$B$7),">="&Upaya_Debitur[[#This Row],[Angsuran Diperhitungkan]])>=1,DATEDIF($B$6,EDATE($B$5,$B$8)-1,"D")<180)),"Ya","Tidak") -> Ya | BV29: =IF(AND(Upaya_Debitur[[#This Row],[SP 1?]]="Ya",DATEDIF($B$5,$B$6,"D")>=60,Upaya_Debitur[[#This Row],[Haircut Diperhitungkan]]+Upaya_Debitur[[#This Row],[Set Off Diperhitungkan]]+SUM(OFFSET(Upaya_Debitur[[#This Row],[1]],0,0,1,$B$7))<Upaya_Debitur[[#This Row],[Kewajiban Total]],OR($B$7-COUNTIF(OFFSET(Upaya_Debitur[[#This Row],[1]],0,0,1,$B$7),">="&Upaya_Debitur[[#This Row],[Angsuran Diperhitungkan]])>=2,DATEDIF($B$6,EDATE($B$5,$B$8)-1,"D")<150)),"Ya","Tidak") -> Ya | BW29: =IF(AND(Upaya_Debitur[[#This Row],[SP2?]]="Ya",DATEDIF($B$5,$B$6,"D")>=90,Upaya_Debitur[[#This Row],[Haircut Diperhitungkan]]+Upaya_Debitur[[#This Row],[Set Off Diperhitungkan]]+SUM(OFFSET(Upaya_Debitur[[#This Row],[1]],0,0,1,$B$7))<Upaya_Debitur[[#This Row],[Kewajiban Total]],OR($B$7-COUNTIF(OFFSET(Upaya_Debitur[[#This Row],[1]],0,0,1,$B$7),">="&Upaya_Debitur[[#This Row],[Angsuran Diperhitungkan]])>=3,DATEDIF($B$6,EDATE($B$5,$B$8)-1,"D")<120)),"Ya","Tidak") -> Ya | BX29: =IF(Upaya_Debitur[[#This Row],[Kondisi Debitur]]="Tidak ditemukan","Ya","Tidak") -> Ya | BY29: =IF(AND(Upaya_Debitur[[#This Row],[SP3?]]="Ya",DATEDIF($B$5,$B$6,"D")>=90,Upaya_Debitur[[#This Row],[Haircut Diperhitungkan]]+Upaya_Debitur[[#This Row],[Set Off Diperhitungkan]]+SUM(OFFSET(Upaya_Debitur[[#This Row],[1]],0,0,1,$B$7))<Upaya_Debitur[[#This Row],[Kewajiban Total]]),"Ya","Tidak") -> Ya | BZ29: =IF(AND(Upaya_Debitur[[#This Row],[Iklan Cessie 1?]]="Ya",DATEDIF($B$5,$B$6,"D")>=120,Upaya_Debitur[[#This Row],[Haircut Diperhitungkan]]+Upaya_Debitur[[#This Row],[Set Off Diperhitungkan]]+SUM(OFFSET(Upaya_Debitur[[#This Row],[1]],0,0,1,$B$7))<Upaya_Debitur[[#This Row],[Kewajiban Total]]),"Ya","Tidak") -> Ya | CA29: =IF(AND(ISNUMBER(MATCH(Upaya_Debitur[[#This Row],[Wilayah Hukum]],$E$5:$E$12,0)),Upaya_Debitur[[#This Row],[SP3?]]="Ya",DATEDIF($B$5,$B$6,"D")>=120,Upaya_Debitur[[#This Row],[Haircut Diperhitungkan]]+Upaya_Debitur[[#This Row],[Set Off Diperhitungkan]]+SUM(OFFSET(Upaya_Debitur[[#This Row],[1]],0,0,1,$B$7))<Upaya_Debitur[[#This Row],[Kewajiban Total]],COUNTIFS(Upaya_Agunan[Nomor PK],Upaya_Debitur[[#This Row],[Nomor PK]],Upaya_Agunan[Agunan],"SHM")+COUNTIFS(Upaya_Agunan[Nomor PK],Upaya_Debitur[[#This Row],[Nomor PK]],Upaya_Agunan[Agunan],"SHGB")>0,AND(Upaya_Debitur[[#This Row],[Kewajiban Pokok]]<=500000000,Upaya_Debitur[[#This Row],[Kewajiban Pokok]]>50000000)),"Ya","Tidak") -> Tidak | CB29: 43781 | CC29: 43999 | CD29: 43826 | CE29: 43871 | CF29: 43887 | CG29: 44035 | CH29: 44057 | CI29: 44077 | CK29: =COUNTIF(Upaya_Debitur[[#This Row],[Surat Pemberitahuan?]:[Gugatan Sederhana?]],"Ya") -> 8 | CL29: =Upaya_Debitur[[#This Row],[Target Upaya]]-COUNTIFS(Upaya_Debitur[[#This Row],[Surat Pemberitahuan?]:[Gugatan Sederhana?]],"Ya",Upaya_Debitur[[#This Row],[Surat Pemberitahuan]:[Gugatan Sederhana]],"") -> 8 | CM29: =IF(ISNUMBER(Upaya_Debitur[[#This Row],[Realisasi]]/Upaya_Debitur[[#This Row],[Target Upaya]]),Upaya_Debitur[[#This Row],[Realisasi]]/Upaya_Debitur[[#This Row],[Target Upaya]],1) -> 1 | CQ29: 11 | CR29: =DATE(YEAR(CR28),MONTH(CR28)+2,1)-1 -> 44074 | CS29: =Periode[[#This Row],[Bulan Ke]] -> 11
A30: 12 | C30: 077/MBA-02/0719/III/2002 | D30: ABDULLAH | E30: 5000000 | F30: 0 | G30: 0 | H30: =SUM(Upaya_Debitur[[#This Row],[Kewajiban Pokok]:[Kewajiban Denda]]) -> 5000000 | J30: =IF(ISNUMBER(Upaya_Debitur[[#This Row],[Angsuran Sesuai PK]]),Upaya_Debitur[[#This Row],[Angsuran Sesuai PK]],1) -> 1 | L30: Tidak koperatif | S30: =IF(Upaya_Debitur[[#This Row],[Periode Haircut]]="",0,IF(Upaya_Debitur[[#This Row],[Periode Haircut]]<=$B$6,Upaya_Debitur[[#This Row],[Haircut]],0)) -> 0 | T30: =IF($B$10="",0,IF($B$10<=$B$6,Upaya_Debitur[[#This Row],[Set Off]],0)) -> 0 | U30: 0 | V30: 0 | W30: 0 | X30: 0 | Y30: 0 | Z30: 0 | AA30: 0 | AB30: 0 | AC30: 0 | AD30: 0 | AE30: 0 | AF30: 0 | AG30: 0 | AH30: 0 | AI30: 0 | BQ30: =SUM(OFFSET(Upaya_Debitur[[#This Row],[Haircut Diperhitungkan]],0,0,1,$B$7+2)) -> 0 | BR30: =IF(Upaya_Debitur[[#This Row],[Total Pencairan]]>=Upaya_Debitur[[#This Row],[Kewajiban Total]],"Lunas","Belum Lunas") -> Belum Lunas | BS30: ="Ya" -> Ya | BT30: ="Ya" -> Ya | BU30: =IF(AND(DATEDIF($B$5,$B$6,"D")>=30,Upaya_Debitur[[#This Row],[Haircut Diperhitungkan]]+Upaya_Debitur[[#This Row],[Set Off Diperhitungkan]]+SUM(OFFSET(Upaya_Debitur[[#This Row],[1]],0,0,1,$B$7))<Upaya_Debitur[[#This Row],[Kewajiban Total]],OR($B$7-COUNTIF(OFFSET(Upaya_Debitur[[#This Row],[1]],0,0,1,$B$7),">="&Upaya_Debitur[[#This Row],[Angsuran Diperhitungkan]])>=1,DATEDIF($B$6,EDATE($B$5,$B$8)-1,"D")<180)),"Ya","Tidak") -> Ya | BV30: =IF(AND(Upaya_Debitur[[#This Row],[SP 1?]]="Ya",DATEDIF($B$5,$B$6,"D")>=60,Upaya_Debitur[[#This Row],[Haircut Diperhitungkan]]+Upaya_Debitur[[#This Row],[Set Off Diperhitungkan]]+SUM(OFFSET(Upaya_Debitur[[#This Row],[1]],0,0,1,$B$7))<Upaya_Debitur[[#This Row],[Kewajiban Total]],OR($B$7-COUNTIF(OFFSET(Upaya_Debitur[[#This Row],[1]],0,0,1,$B$7),">="&Upaya_Debitur[[#This Row],[Angsuran Diperhitungkan]])>=2,DATEDIF($B$6,EDATE($B$5,$B$8)-1,"D")<150)),"Ya","Tidak") -> Ya | BW30: =IF(AND(Upaya_Debitur[[#This Row],[SP2?]]="Ya",DATEDIF($B$5,$B$6,"D")>=90,Upaya_Debitur[[#This Row],[Haircut Diperhitungkan]]+Upaya_Debitur[[#This Row],[Set Off Diperhitungkan]]+SUM(OFFSET(Upaya_Debitur[[#This Row],[1]],0,0,1,$B$7))<Upaya_Debitur[[#This Row],[Kewajiban Total]],OR($B$7-COUNTIF(OFFSET(Upaya_Debitur[[#This Row],[1]],0,0,1,$B$7),">="&Upaya_Debitur[[#This Row],[Angsuran Diperhitungkan]])>=3,DATEDIF($B$6,EDATE($B$5,$B$8)-1,"D")<120)),"Ya","Tidak") -> Ya | BX30: =IF(Upaya_Debitur[[#This Row],[Kondisi Debitur]]="Tidak ditemukan","Ya","Tidak") -> Tidak | BY30: =IF(AND(Upaya_Debitur[[#This Row],[SP3?]]="Ya",DATEDIF($B$5,$B$6,"D")>=90,Upaya_Debitur[[#This Row],[Haircut Diperhitungkan]]+Upaya_Debitur[[#This Row],[Set Off Diperhitungkan]]+SUM(OFFSET(Upaya_Debitur[[#This Row],[1]],0,0,1,$B$7))<Upaya_Debitur[[#This Row],[Kewajiban Total]]),"Ya","Tidak") -> Ya | BZ30: =IF(AND(Upaya_Debitur[[#This Row],[Iklan Cessie 1?]]="Ya",DATEDIF($B$5,$B$6,"D")>=120,Upaya_Debitur[[#This Row],[Haircut Diperhitungkan]]+Upaya_Debitur[[#This Row],[Set Off Diperhitungkan]]+SUM(OFFSET(Upaya_Debitur[[#This Row],[1]],0,0,1,$B$7))<Upaya_Debitur[[#This Row],[Kewajiban Total]]),"Ya","Tidak") -> Ya | CA30: =IF(AND(ISNUMBER(MATCH(Upaya_Debitur[[#This Row],[Wilayah Hukum]],$E$5:$E$12,0)),Upaya_Debitur[[#This Row],[SP3?]]="Ya",DATEDIF($B$5,$B$6,"D")>=120,Upaya_Debitur[[#This Row],[Haircut Diperhitungkan]]+Upaya_Debitur[[#This Row],[Set Off Diperhitungkan]]+SUM(OFFSET(Upaya_Debitur[[#This Row],[1]],0,0,1,$B$7))<Upaya_Debitur[[#This Row],[Kewajiban Total]],COUNTIFS(Upaya_Agunan[Nomor PK],Upaya_Debitur[[#This Row],[Nomor PK]],Upaya_Agunan[Agunan],"SHM")+COUNTIFS(Upaya_Agunan[Nomor PK],Upaya_Debitur[[#This Row],[Nomor PK]],Upaya_Agunan[Agunan],"SHGB")>0,AND(Upaya_Debitur[[#This Row],[Kewajiban Pokok]]<=500000000,Upaya_Debitur[[#This Row],[Kewajiban Pokok]]>50000000)),"Ya","Tidak") -> Tidak | CB30: 43781 | CC30: 43999 | CD30: 43826 | CE30: 43871 | CF30: 43887 | CG30: 43888 | CH30: 44057 | CI30: 44077 | CK30: =COUNTIF(Upaya_Debitur[[#This Row],[Surat Pemberitahuan?]:[Gugatan Sederhana?]],"Ya") -> 7 | CL30: =Upaya_Debitur[[#This Row],[Target Upaya]]-COUNTIFS(Upaya_Debitur[[#This Row],[Surat Pemberitahuan?]:[Gugatan Sederhana?]],"Ya",Upaya_Debitur[[#This Row],[Surat Pemberitahuan]:[Gugatan Sederhana]],"") -> 7 | CM30: =IF(ISNUMBER(Upaya_Debitur[[#This Row],[Realisasi]]/Upaya_Debitur[[#This Row],[Target Upaya]]),Upaya_Debitur[[#This Row],[Realisasi]]/Upaya_Debitur[[#This Row],[Target Upaya]],1) -> 1 | CQ30: 12 | CR30: =DATE(YEAR(CR29),MONTH(CR29)+2,1)-1 -> 44104 | CS30: =Periode[[#This Row],[Bulan Ke]] -> 12
A31: 13 | C31: 45/MBA-02/1417/II/2007 | D31: ABDULLAH | E31: 661000 | F31: 0 | G31: 0 | H31: =SUM(Upaya_Debitur[[#This Row],[Kewajiban Pokok]:[Kewajiban Denda]]) -> 661000 | J31: =IF(ISNUMBER(Upaya_Debitur[[#This Row],[Angsuran Sesuai PK]]),Upaya_Debitur[[#This Row],[Angsuran Sesuai PK]],1) -> 1 | L31: Tidak koperatif | S31: =IF(Upaya_Debitur[[#This Row],[Periode Haircut]]="",0,IF(Upaya_Debitur[[#This Row],[Periode Haircut]]<=$B$6,Upaya_Debitur[[#This Row],[Haircut]],0)) -> 0 | T31: =IF($B$10="",0,IF($B$10<=$B$6,Upaya_Debitur[[#This Row],[Set Off]],0)) -> 0 | U31: 0 | V31: 0 | W31: 0 | X31: 0 | Y31: 0 | Z31: 0 | AA31: 0 | AB31: 0 | AC31: 0 | AD31: 0 | AE31: 0 | AF31: 0 | AG31: 0 | AH31: 0 | AI31: 0 | BQ31: =SUM(OFFSET(Upaya_Debitur[[#This Row],[Haircut Diperhitungkan]],0,0,1,$B$7+2)) -> 0 | BR31: =IF(Upaya_Debitur[[#This Row],[Total Pencairan]]>=Upaya_Debitur[[#This Row],[Kewajiban Total]],"Lunas","Belum Lunas") -> Belum Lunas | BS31: ="Ya" -> Ya | BT31: ="Ya" -> Ya | BU31: =IF(AND(DATEDIF($B$5,$B$6,"D")>=30,Upaya_Debitur[[#This Row],[Haircut Diperhitungkan]]+Upaya_Debitur[[#This Row],[Set Off Diperhitungkan]]+SUM(OFFSET(Upaya_Debitur[[#This Row],[1]],0,0,1,$B$7))<Upaya_Debitur[[#This Row],[Kewajiban Total]],OR($B$7-COUNTIF(OFFSET(Upaya_Debitur[[#This Row],[1]],0,0,1,$B$7),">="&Upaya_Debitur[[#This Row],[Angsuran Diperhitungkan]])>=1,DATEDIF($B$6,EDATE($B$5,$B$8)-1,"D")<180)),"Ya","Tidak") -> Ya | BV31: =IF(AND(Upaya_Debitur[[#This Row],[SP 1?]]="Ya",DATEDIF($B$5,$B$6,"D")>=60,Upaya_Debitur[[#This Row],[Haircut Diperhitungkan]]+Upaya_Debitur[[#This Row],[Set Off Diperhitungkan]]+SUM(OFFSET(Upaya_Debitur[[#This Row],[1]],0,0,1,$B$7))<Upaya_Debitur[[#This Row],[Kewajiban Total]],OR($B$7-COUNTIF(OFFSET(Upaya_Debitur[[#This Row],[1]],0,0,1,$B$7),">="&Upaya_Debitur[[#This Row],[Angsuran Diperhitungkan]])>=2,DATEDIF($B$6,EDATE($B$5,$B$8)-1,"D")<150)),"Ya","Tidak") -> Ya | BW31: =IF(AND(Upaya_Debitur[[#This Row],[SP2?]]="Ya",DATEDIF($B$5,$B$6,"D")>=90,Upaya_Debitur[[#This Row],[Haircut Diperhitungkan]]+Upaya_Debitur[[#This Row],[Set Off Diperhitungkan]]+SUM(OFFSET(Upaya_Debitur[[#This Row],[1]],0,0,1,$B$7))<Upaya_Debitur[[#This Row],[Kewajiban Total]],OR($B$7-COUNTIF(OFFSET(Upaya_Debitur[[#This Row],[1]],0,0,1,$B$7),">="&Upaya_Debitur[[#This Row],[Angsuran Diperhitungkan]])>=3,DATEDIF($B$6,EDATE($B$5,$B$8)-1,"D")<120)),"Ya","Tidak") -> Ya | BX31: =IF(Upaya_Debitur[[#This Row],[Kondisi Debitur]]="Tidak ditemukan","Ya","Tidak") -> Tidak | BY31: =IF(AND(Upaya_Debitur[[#This Row],[SP3?]]="Ya",DATEDIF($B$5,$B$6,"D")>=90,Upaya_Debitur[[#This Row],[Haircut Diperhitungkan]]+Upaya_Debitur[[#This Row],[Set Off Diperhitungkan]]+SUM(OFFSET(Upaya_Debitur[[#This Row],[1]],0,0,1,$B$7))<Upaya_Debitur[[#This Row],[Kewajiban Total]]),"Ya","Tidak") -> Ya | BZ31: =IF(AND(Upaya_Debitur[[#This Row],[Iklan Cessie 1?]]="Ya",DATEDIF($B$5,$B$6,"D")>=120,Upaya_Debitur[[#This Row],[Haircut Diperhitungkan]]+Upaya_Debitur[[#This Row],[Set Off Diperhitungkan]]+SUM(OFFSET(Upaya_Debitur[[#This Row],[1]],0,0,1,$B$7))<Upaya_Debitur[[#This Row],[Kewajiban Total]]),"Ya","Tidak") -> Ya | CA31: =IF(AND(ISNUMBER(MATCH(Upaya_Debitur[[#This Row],[Wilayah Hukum]],$E$5:$E$12,0)),Upaya_Debitur[[#This Row],[SP3?]]="Ya",DATEDIF($B$5,$B$6,"D")>=120,Upaya_Debitur[[#This Row],[Haircut Diperhitungkan]]+Upaya_Debitur[[#This Row],[Set Off Diperhitungkan]]+SUM(OFFSET(Upaya_Debitur[[#This Row],[1]],0,0,1,$B$7))<Upaya_Debitur[[#This Row],[Kewajiban Total]],COUNTIFS(Upaya_Agunan[Nomor PK],Upaya_Debitur[[#This Row],[Nomor PK]],Upaya_Agunan[Agunan],"SHM")+COUNTIFS(Upaya_Agunan[Nomor PK],Upaya_Debitur[[#This Row],[Nomor PK]],Upaya_Agunan[Agunan],"SHGB")>0,AND(Upaya_Debitur[[#This Row],[Kewajiban Pokok]]<=500000000,Upaya_Debitur[[#This Row],[Kewajiban Pokok]]>50000000)),"Ya","Tidak") -> Tidak | CB31: 43781 | CC31: 43999 | CD31: 43826 | CE31: 43871 | CF31: 43887 | CG31: 43888 | CH31: 44057 | CI31: 44077 | CK31: =COUNTIF(Upaya_Debitur[[#This Row],[Surat Pemberitahuan?]:[Gugatan Sederhana?]],"Ya") -> 7 | CL31: =Upaya_Debitur[[#This Row],[Target Upaya]]-COUNTIFS(Upaya_Debitur[[#This Row],[Surat Pemberitahuan?]:[Gugatan Sederhana?]],"Ya",Upaya_Debitur[[#This Row],[Surat Pemberitahuan]:[Gugatan Sederhana]],"") -> 7 | CM31: =IF(ISNUMBER(Upaya_Debitur[[#This Row],[Realisasi]]/Upaya_Debitur[[#This Row],[Target Upaya]]),Upaya_Debitur[[#This Row],[Realisasi]]/Upaya_Debitur[[#This Row],[Target Upaya]],1) -> 1 | CQ31: 13 | CR31: =DATE(YEAR(CR30),MONTH(CR30)+2,1)-1 -> 44135 | CS31: =Periode[[#This Row],[Bulan Ke]] -> 13
A32: 14 | C32: 071/BBA-03/0071/III/1995 | D32: ABUBAKAR IBRAHIM | E32: 443303 | F32: 0 | G32: 0 | H32: =SUM(Upaya_Debitur[[#This Row],[Kewajiban Pokok]:[Kewajiban Denda]]) -> 443303 | J32: =IF(ISNUMBER(Upaya_Debitur[[#This Row],[Angsuran Sesuai PK]]),Upaya_Debitur[[#This Row],[Angsuran Sesuai PK]],1) -> 1 | L32: Tidak ditemukan | S32: =IF(Upaya_Debitur[[#This Row],[Periode Haircut]]="",0,IF(Upaya_Debitur[[#This Row],[Periode Haircut]]<=$B$6,Upaya_Debitur[[#This Row],[Haircut]],0)) -> 0 | T32: =IF($B$10="",0,IF($B$10<=$B$6,Upaya_Debitur[[#This Row],[Set Off]],0)) -> 0 | U32: 0 | V32: 0 | W32: 0 | X32: 0 | Y32: 0 | Z32: 0 | AA32: 0 | AB32: 0 | AC32: 0 | AD32: 0 | AE32: 0 | AF32: 0 | AG32: 0 | AH32: 0 | AI32: 0 | BQ32: =SUM(OFFSET(Upaya_Debitur[[#This Row],[Haircut Diperhitungkan]],0,0,1,$B$7+2)) -> 0 | BR32: =IF(Upaya_Debitur[[#This Row],[Total Pencairan]]>=Upaya_Debitur[[#This Row],[Kewajiban Total]],"Lunas","Belum Lunas") -> Belum Lunas | BS32: ="Ya" -> Ya | BT32: ="Ya" -> Ya | BU32: =IF(AND(DATEDIF($B$5,$B$6,"D")>=30,Upaya_Debitur[[#This Row],[Haircut Diperhitungkan]]+Upaya_Debitur[[#This Row],[Set Off Diperhitungkan]]+SUM(OFFSET(Upaya_Debitur[[#This Row],[1]],0,0,1,$B$7))<Upaya_Debitur[[#This Row],[Kewajiban Total]],OR($B$7-COUNTIF(OFFSET(Upaya_Debitur[[#This Row],[1]],0,0,1,$B$7),">="&Upaya_Debitur[[#This Row],[Angsuran Diperhitungkan]])>=1,DATEDIF($B$6,EDATE($B$5,$B$8)-1,"D")<180)),"Ya","Tidak") -> Ya | BV32: =IF(AND(Upaya_Debitur[[#This Row],[SP 1?]]="Ya",DATEDIF($B$5,$B$6,"D")>=60,Upaya_Debitur[[#This Row],[Haircut Diperhitungkan]]+Upaya_Debitur[[#This Row],[Set Off Diperhitungkan]]+SUM(OFFSET(Upaya_Debitur[[#This Row],[1]],0,0,1,$B$7))<Upaya_Debitur[[#This Row],[Kewajiban Total]],OR($B$7-COUNTIF(OFFSET(Upaya_Debitur[[#This Row],[1]],0,0,1,$B$7),">="&Upaya_Debitur[[#This Row],[Angsuran Diperhitungkan]])>=2,DATEDIF($B$6,EDATE($B$5,$B$8)-1,"D")<150)),"Ya","Tidak") -> Ya | BW32: =IF(AND(Upaya_Debitur[[#This Row],[SP2?]]="Ya",DATEDIF($B$5,$B$6,"D")>=90,Upaya_Debitur[[#This Row],[Haircut Diperhitungkan]]+Upaya_Debitur[[#This Row],[Set Off Diperhitungkan]]+SUM(OFFSET(Upaya_Debitur[[#This Row],[1]],0,0,1,$B$7))<Upaya_Debitur[[#This Row],[Kewajiban Total]],OR($B$7-COUNTIF(OFFSET(Upaya_Debitur[[#This Row],[1]],0,0,1,$B$7),">="&Upaya_Debitur[[#This Row],[Angsuran Diperhitungkan]])>=3,DATEDIF($B$6,EDATE($B$5,$B$8)-1,"D")<120)),"Ya","Tidak") -> Ya | BX32: =IF(Upaya_Debitur[[#This Row],[Kondisi Debitur]]="Tidak ditemukan","Ya","Tidak") -> Ya | BY32: =IF(AND(Upaya_Debitur[[#This Row],[SP3?]]="Ya",DATEDIF($B$5,$B$6,"D")>=90,Upaya_Debitur[[#This Row],[Haircut Diperhitungkan]]+Upaya_Debitur[[#This Row],[Set Off Diperhitungkan]]+SUM(OFFSET(Upaya_Debitur[[#This Row],[1]],0,0,1,$B$7))<Upaya_Debitur[[#This Row],[Kewajiban Total]]),"Ya","Tidak") -> Ya | BZ32: =IF(AND(Upaya_Debitur[[#This Row],[Iklan Cessie 1?]]="Ya",DATEDIF($B$5,$B$6,"D")>=120,Upaya_Debitur[[#This Row],[Haircut Diperhitungkan]]+Upaya_Debitur[[#This Row],[Set Off Diperhitungkan]]+SUM(OFFSET(Upaya_Debitur[[#This Row],[1]],0,0,1,$B$7))<Upaya_Debitur[[#This Row],[Kewajiban Total]]),"Ya","Tidak") -> Ya | CA32: =IF(AND(ISNUMBER(MATCH(Upaya_Debitur[[#This Row],[Wilayah Hukum]],$E$5:$E$12,0)),Upaya_Debitur[[#This Row],[SP3?]]="Ya",DATEDIF($B$5,$B$6,"D")>=120,Upaya_Debitur[[#This Row],[Haircut Diperhitungkan]]+Upaya_Debitur[[#This Row],[Set Off Diperhitungkan]]+SUM(OFFSET(Upaya_Debitur[[#This Row],[1]],0,0,1,$B$7))<Upaya_Debitur[[#This Row],[Kewajiban Total]],COUNTIFS(Upaya_Agunan[Nomor PK],Upaya_Debitur[[#This Row],[Nomor PK]],Upaya_Agunan[Agunan],"SHM")+COUNTIFS(Upaya_Agunan[Nomor PK],Upaya_Debitur[[#This Row],[Nomor PK]],Upaya_Agunan[Agunan],"SHGB")>0,AND(Upaya_Debitur[[#This Row],[Kewajiban Pokok]]<=500000000,Upaya_Debitur[[#This Row],[Kewajiban Pokok]]>50000000)),"Ya","Tidak") -> Tidak | CB32: 43781 | CC32: 43999 | CD32: 43826 | CE32: 43871 | CF32: 43887 | CG32: 44035 | CH32: 44057 | CI32: 44077 | CK32: =COUNTIF(Upaya_Debitur[[#This Row],[Surat Pemberitahuan?]:[Gugatan Sederhana?]],"Ya") -> 8 | CL32: =Upaya_Debitur[[#This Row],[Target Upaya]]-COUNTIFS(Upaya_Debitur[[#This Row],[Surat Pemberitahuan?]:[Gugatan Sederhana?]],"Ya",Upaya_Debitur[[#This Row],[Surat Pemberitahuan]:[Gugatan Sederhana]],"") -> 8 | CM32: =IF(ISNUMBER(Upaya_Debitur[[#This Row],[Realisasi]]/Upaya_Debitur[[#This Row],[Target Upaya]]),Upaya_Debitur[[#This Row],[Realisasi]]/Upaya_Debitur[[#This Row],[Target Upaya]],1) -> 1 | CQ32: 14 | CR32: =DATE(YEAR(CR31),MONTH(CR31)+2,1)-1 -> 44165 | CS32: =Periode[[#This Row],[Bulan Ke]] -> 14
A33: 15 | C33: 52/MBA-SAT/1279/X/2006 | D33: ADI SAIFUDDIN | E33: 464750 | F33: 0 | G33: 0 | H33: =SUM(Upaya_Debitur[[#This Row],[Kewajiban Pokok]:[Kewajiban Denda]]) -> 464750 | J33: =IF(ISNUMBER(Upaya_Debitur[[#This Row],[Angsuran Sesuai PK]]),Upaya_Debitur[[#This Row],[Angsuran Sesuai PK]],1) -> 1 | L33: Tidak ditemukan | S33: =IF(Upaya_Debitur[[#This Row],[Periode Haircut]]="",0,IF(Upaya_Debitur[[#This Row],[Periode Haircut]]<=$B$6,Upaya_Debitur[[#This Row],[Haircut]],0)) -> 0 | T33: =IF($B$10="",0,IF($B$10<=$B$6,Upaya_Debitur[[#This Row],[Set Off]],0)) -> 0 | U33: 0 | V33: 0 | W33: 0 | X33: 0 | Y33: 0 | Z33: 0 | AA33: 0 | AB33: 0 | AC33: 0 | AD33: 0 | AE33: 0 | AF33: 0 | AG33: 0 | AH33: 0 | AI33: 0 | BQ33: =SUM(OFFSET(Upaya_Debitur[[#This Row],[Haircut Diperhitungkan]],0,0,1,$B$7+2)) -> 0 | BR33: =IF(Upaya_Debitur[[#This Row],[Total Pencairan]]>=Upaya_Debitur[[#This Row],[Kewajiban Total]],"Lunas","Belum Lunas") -> Belum Lunas | BS33: ="Ya" -> Ya | BT33: ="Ya" -> Ya | BU33: =IF(AND(DATEDIF($B$5,$B$6,"D")>=30,Upaya_Debitur[[#This Row],[Haircut Diperhitungkan]]+Upaya_Debitur[[#This Row],[Set Off Diperhitungkan]]+SUM(OFFSET(Upaya_Debitur[[#This Row],[1]],0,0,1,$B$7))<Upaya_Debitur[[#This Row],[Kewajiban Total]],OR($B$7-COUNTIF(OFFSET(Upaya_Debitur[[#This Row],[1]],0,0,1,$B$7),">="&Upaya_Debitur[[#This Row],[Angsuran Diperhitungkan]])>=1,DATEDIF($B$6,EDATE($B$5,$B$8)-1,"D")<180)),"Ya","Tidak") -> Ya | BV33: =IF(AND(Upaya_Debitur[[#This Row],[SP 1?]]="Ya",DATEDIF($B$5,$B$6,"D")>=60,Upaya_Debitur[[#This Row],[Haircut Diperhitungkan]]+Upaya_Debitur[[#This Row],[Set Off Diperhitungkan]]+SUM(OFFSET(Upaya_Debitur[[#This Row],[1]],0,0,1,$B$7))<Upaya_Debitur[[#This Row],[Kewajiban Total]],OR($B$7-COUNTIF(OFFSET(Upaya_Debitur[[#This Row],[1]],0,0,1,$B$7),">="&Upaya_Debitur[[#This Row],[Angsuran Diperhitungkan]])>=2,DATEDIF($B$6,EDATE($B$5,$B$8)-1,"D")<150)),"Ya","Tidak") -> Ya | BW33: =IF(AND(Upaya_Debitur[[#This Row],[SP2?]]="Ya",DATEDIF($B$5,$B$6,"D")>=90,Upaya_Debitur[[#This Row],[Haircut Diperhitungkan]]+Upaya_Debitur[[#This Row],[Set Off Diperhitungkan]]+SUM(OFFSET(Upaya_Debitur[[#This Row],[1]],0,0,1,$B$7))<Upaya_Debitur[[#This Row],[Kewajiban Total]],OR($B$7-COUNTIF(OFFSET(Upaya_Debitur[[#This Row],[1]],0,0,1,$B$7),">="&Upaya_Debitur[[#This Row],[Angsuran Diperhitungkan]])>=3,DATEDIF($B$6,EDATE($B$5,$B$8)-1,"D")<120)),"Ya","Tidak") -> Ya | BX33: =IF(Upaya_Debitur[[#This Row],[Kondisi Debitur]]="Tidak ditemukan","Ya","Tidak") -> Ya | BY33: =IF(AND(Upaya_Debitur[[#This Row],[SP3?]]="Ya",DATEDIF($B$5,$B$6,"D")>=90,Upaya_Debitur[[#This Row],[Haircut Diperhitungkan]]+Upaya_Debitur[[#This Row],[Set Off Diperhitungkan]]+SUM(OFFSET(Upaya_Debitur[[#This Row],[1]],0,0,1,$B$7))<Upaya_Debitur[[#This Row],[Kewajiban Total]]),"Ya","Tidak") -> Ya | BZ33: =IF(AND(Upaya_Debitur[[#This Row],[Iklan Cessie 1?]]="Ya",DATEDIF($B$5,$B$6,"D")>=120,Upaya_Debitur[[#This Row],[Haircut Diperhitungkan]]+Upaya_Debitur[[#This Row],[Set Off Diperhitungkan]]+SUM(OFFSET(Upaya_Debitur[[#This Row],[1]],0,0,1,$B$7))<Upaya_Debitur[[#This Row],[Kewajiban Total]]),"Ya","Tidak") -> Ya | CA33: =IF(AND(ISNUMBER(MATCH(Upaya_Debitur[[#This Row],[Wilayah Hukum]],$E$5:$E$12,0)),Upaya_Debitur[[#This Row],[SP3?]]="Ya",DATEDIF($B$5,$B$6,"D")>=120,Upaya_Debitur[[#This Row],[Haircut Diperhitungkan]]+Upaya_Debitur[[#This Row],[Set Off Diperhitungkan]]+SUM(OFFSET(Upaya_Debitur[[#This Row],[1]],0,0,1,$B$7))<Upaya_Debitur[[#This Row],[Kewajiban Total]],COUNTIFS(Upaya_Agunan[Nomor PK],Upaya_Debitur[[#This Row],[Nomor PK]],Upaya_Agunan[Agunan],"SHM")+COUNTIFS(Upaya_Agunan[Nomor PK],Upaya_Debitur[[#This Row],[Nomor PK]],Upaya_Agunan[Agunan],"SHGB")>0,AND(Upaya_Debitur[[#This Row],[Kewajiban Pokok]]<=500000000,Upaya_Debitur[[#This Row],[Kewajiban Pokok]]>50000000)),"Ya","Tidak") -> Tidak | CB33: 43781 | CC33: 43999 | CD33: 43826 | CE33: 43871 | CF33: 43887 | CG33: 44035 | CH33: 44057 | CI33: 44077 | CK33: =COUNTIF(Upaya_Debitur[[#This Row],[Surat Pemberitahuan?]:[Gugatan Sederhana?]],"Ya") -> 8 | CL33: =Upaya_Debitur[[#This Row],[Target Upaya]]-COUNTIFS(Upaya_Debitur[[#This Row],[Surat Pemberitahuan?]:[Gugatan Sederhana?]],"Ya",Upaya_Debitur[[#This Row],[Surat Pemberitahuan]:[Gugatan Sederhana]],"") -> 8 | CM33: =IF(ISNUMBER(Upaya_Debitur[[#This Row],[Realisasi]]/Upaya_Debitur[[#This Row],[Target Upaya]]),Upaya_Debitur[[#This Row],[Realisasi]]/Upaya_Debitur[[#This Row],[Target Upaya]],1) -> 1 | CQ33: 15 | CR33: =DATE(YEAR(CR32),MONTH(CR32)+2,1)-1 -> 44196 | CS33: =Periode[[#This Row],[Bulan Ke]] -> 15
A34: 16 | C34: 252/MBA-02/0894/IX/2002 | D34: ADNAN AR | E34: 1126700 | F34: 0 | G34: 0 | H34: =SUM(Upaya_Debitur[[#This Row],[Kewajiban Pokok]:[Kewajiban Denda]]) -> 1126700 | J34: =IF(ISNUMBER(Upaya_Debitur[[#This Row],[Angsuran Sesuai PK]]),Upaya_Debitur[[#This Row],[Angsuran Sesuai PK]],1) -> 1 | L34: Tidak ditemukan | S34: =IF(Upaya_Debitur[[#This Row],[Periode Haircut]]="",0,IF(Upaya_Debitur[[#This Row],[Periode Haircut]]<=$B$6,Upaya_Debitur[[#This Row],[Haircut]],0)) -> 0 | T34: =IF($B$10="",0,IF($B$10<=$B$6,Upaya_Debitur[[#This Row],[Set Off]],0)) -> 0 | U34: 0 | V34: 0 | W34: 0 | X34: 0 | Y34: 0 | Z34: 0 | AA34: 0 | AB34: 0 | AC34: 0 | AD34: 0 | AE34: 0 | AF34: 0 | AG34: 0 | AH34: 0 | AI34: 0 | BQ34: =SUM(OFFSET(Upaya_Debitur[[#This Row],[Haircut Diperhitungkan]],0,0,1,$B$7+2)) -> 0 | BR34: =IF(Upaya_Debitur[[#This Row],[Total Pencairan]]>=Upaya_Debitur[[#This Row],[Kewajiban Total]],"Lunas","Belum Lunas") -> Belum Lunas | BS34: ="Ya" -> Ya | BT34: ="Ya" -> Ya | BU34: =IF(AND(DATEDIF($B$5,$B$6,"D")>=30,Upaya_Debitur[[#This Row],[Haircut Diperhitungkan]]+Upaya_Debitur[[#This Row],[Set Off Diperhitungkan]]+SUM(OFFSET(Upaya_Debitur[[#This Row],[1]],0,0,1,$B$7))<Upaya_Debitur[[#This Row],[Kewajiban Total]],OR($B$7-COUNTIF(OFFSET(Upaya_Debitur[[#This Row],[1]],0,0,1,$B$7),">="&Upaya_Debitur[[#This Row],[Angsuran Diperhitungkan]])>=1,DATEDIF($B$6,EDATE($B$5,$B$8)-1,"D")<180)),"Ya","Tidak") -> Ya | BV34: =IF(AND(Upaya_Debitur[[#This Row],[SP 1?]]="Ya",DATEDIF($B$5,$B$6,"D")>=60,Upaya_Debitur[[#This Row],[Haircut Diperhitungkan]]+Upaya_Debitur[[#This Row],[Set Off Diperhitungkan]]+SUM(OFFSET(Upaya_Debitur[[#This Row],[1]],0,0,1,$B$7))<Upaya_Debitur[[#This Row],[Kewajiban Total]],OR($B$7-COUNTIF(OFFSET(Upaya_Debitur[[#This Row],[1]],0,0,1,$B$7),">="&Upaya_Debitur[[#This Row],[Angsuran Diperhitungkan]])>=2,DATEDIF($B$6,EDATE($B$5,$B$8)-1,"D")<150)),"Ya","Tidak") -> Ya | BW34: =IF(AND(Upaya_Debitur[[#This Row],[SP2?]]="Ya",DATEDIF($B$5,$B$6,"D")>=90,Upaya_Debitur[[#This Row],[Haircut Diperhitungkan]]+Upaya_Debitur[[#This Row],[Set Off Diperhitungkan]]+SUM(OFFSET(Upaya_Debitur[[#This Row],[1]],0,0,1,$B$7))<Upaya_Debitur[[#This Row],[Kewajiban Total]],OR($B$7-COUNTIF(OFFSET(Upaya_Debitur[[#This Row],[1]],0,0,1,$B$7),">="&Upaya_Debitur[[#This Row],[Angsuran Diperhitungkan]])>=3,DATEDIF($B$6,EDATE($B$5,$B$8)-1,"D")<120)),"Ya","Tidak") -> Ya | BX34: =IF(Upaya_Debitur[[#This Row],[Kondisi Debitur]]="Tidak ditemukan","Ya","Tidak") -> Ya | BY34: =IF(AND(Upaya_Debitur[[#This Row],[SP3?]]="Ya",DATEDIF($B$5,$B$6,"D")>=90,Upaya_Debitur[[#This Row],[Haircut Diperhitungkan]]+Upaya_Debitur[[#This Row],[Set Off Diperhitungkan]]+SUM(OFFSET(Upaya_Debitur[[#This Row],[1]],0,0,1,$B$7))<Upaya_Debitur[[#This Row],[Kewajiban Total]]),"Ya","Tidak") -> Ya | BZ34: =IF(AND(Upaya_Debitur[[#This Row],[Iklan Cessie 1?]]="Ya",DATEDIF($B$5,$B$6,"D")>=120,Upaya_Debitur[[#This Row],[Haircut Diperhitungkan]]+Upaya_Debitur[[#This Row],[Set Off Diperhitungkan]]+SUM(OFFSET(Upaya_Debitur[[#This Row],[1]],0,0,1,$B$7))<Upaya_Debitur[[#This Row],[Kewajiban Total]]),"Ya","Tidak") -> Ya | CA34: =IF(AND(ISNUMBER(MATCH(Upaya_Debitur[[#This Row],[Wilayah Hukum]],$E$5:$E$12,0)),Upaya_Debitur[[#This Row],[SP3?]]="Ya",DATEDIF($B$5,$B$6,"D")>=120,Upaya_Debitur[[#This Row],[Haircut Diperhitungkan]]+Upaya_Debitur[[#This Row],[Set Off Diperhitungkan]]+SUM(OFFSET(Upaya_Debitur[[#This Row],[1]],0,0,1,$B$7))<Upaya_Debitur[[#This Row],[Kewajiban Total]],COUNTIFS(Upaya_Agunan[Nomor PK],Upaya_Debitur[[#This Row],[Nomor PK]],Upaya_Agunan[Agunan],"SHM")+COUNTIFS(Upaya_Agunan[Nomor PK],Upaya_Debitur[[#This Row],[Nomor PK]],Upaya_Agunan[Agunan],"SHGB")>0,AND(Upaya_Debitur[[#This Row],[Kewajiban Pokok]]<=500000000,Upaya_Debitur[[#This Row],[Kewajiban Pokok]]>50000000)),"Ya","Tidak") -> Tidak | CB34: 43781 | CC34: 43999 | CD34: 43826 | CE34: 43871 | CF34: 43887 | CG34: 43888 | CH34: 44057 | CI34: 44077 | CK34: =COUNTIF(Upaya_Debitur[[#This Row],[Surat Pemberitahuan?]:[Gugatan Sederhana?]],"Ya") -> 8 | CL34: =Upaya_Debitur[[#This Row],[Target Upaya]]-COUNTIFS(Upaya_Debitur[[#This Row],[Surat Pemberitahuan?]:[Gugatan Sederhana?]],"Ya",Upaya_Debitur[[#This Row],[Surat Pemberitahuan]:[Gugatan Sederhana]],"") -> 8 | CM34: =IF(ISNUMBER(Upaya_Debitur[[#This Row],[Realisasi]]/Upaya_Debitur[[#This Row],[Target Upaya]]),Upaya_Debitur[[#This Row],[Realisasi]]/Upaya_Debitur[[#This Row],[Target Upaya]],1) -> 1 | CQ34: 16 | CR34: =DATE(YEAR(CR33),MONTH(CR33)+2,1)-1 -> 44227 | CS34: =Periode[[#This Row],[Bulan Ke]] -> 16
A35: 17 | C35: 227/MBA-02/0869/VIII/2002 | D35: ADNAN SALEH | E35: 350000 | F35: 0 | G35: 0 | H35: =SUM(Upaya_Debitur[[#This Row],[Kewajiban Pokok]:[Kewajiban Denda]]) -> 350000 | J35: =IF(ISNUMBER(Upaya_Debitur[[#This Row],[Angsuran Sesuai PK]]),Upaya_Debitur[[#This Row],[Angsuran Sesuai PK]],1) -> 1 | L35: Tidak ditemukan | S35: =IF(Upaya_Debitur[[#This Row],[Periode Haircut]]="",0,IF(Upaya_Debitur[[#This Row],[Periode Haircut]]<=$B$6,Upaya_Debitur[[#This Row],[Haircut]],0)) -> 0 | T35: =IF($B$10="",0,IF($B$10<=$B$6,Upaya_Debitur[[#This Row],[Set Off]],0)) -> 0 | U35: 0 | V35: 0 | W35: 0 | X35: 0 | Y35: 0 | Z35: 0 | AA35: 0 | AB35: 0 | AC35: 0 | AD35: 0 | AE35: 0 | AF35: 0 | AG35: 0 | AH35: 0 | AI35: 0 | BQ35: =SUM(OFFSET(Upaya_Debitur[[#This Row],[Haircut Diperhitungkan]],0,0,1,$B$7+2)) -> 0 | BR35: =IF(Upaya_Debitur[[#This Row],[Total Pencairan]]>=Upaya_Debitur[[#This Row],[Kewajiban Total]],"Lunas","Belum Lunas") -> Belum Lunas | BS35: ="Ya" -> Ya | BT35: ="Ya" -> Ya | BU35: =IF(AND(DATEDIF($B$5,$B$6,"D")>=30,Upaya_Debitur[[#This Row],[Haircut Diperhitungkan]]+Upaya_Debitur[[#This Row],[Set Off Diperhitungkan]]+SUM(OFFSET(Upaya_Debitur[[#This Row],[1]],0,0,1,$B$7))<Upaya_Debitur[[#This Row],[Kewajiban Total]],OR($B$7-COUNTIF(OFFSET(Upaya_Debitur[[#This Row],[1]],0,0,1,$B$7),">="&Upaya_Debitur[[#This Row],[Angsuran Diperhitungkan]])>=1,DATEDIF($B$6,EDATE($B$5,$B$8)-1,"D")<180)),"Ya","Tidak") -> Ya | BV35: =IF(AND(Upaya_Debitur[[#This Row],[SP 1?]]="Ya",DATEDIF($B$5,$B$6,"D")>=60,Upaya_Debitur[[#This Row],[Haircut Diperhitungkan]]+Upaya_Debitur[[#This Row],[Set Off Diperhitungkan]]+SUM(OFFSET(Upaya_Debitur[[#This Row],[1]],0,0,1,$B$7))<Upaya_Debitur[[#This Row],[Kewajiban Total]],OR($B$7-COUNTIF(OFFSET(Upaya_Debitur[[#This Row],[1]],0,0,1,$B$7),">="&Upaya_Debitur[[#This Row],[Angsuran Diperhitungkan]])>=2,DATEDIF($B$6,EDATE($B$5,$B$8)-1,"D")<150)),"Ya","Tidak") -> Ya | BW35: =IF(AND(Upaya_Debitur[[#This Row],[SP2?]]="Ya",DATEDIF($B$5,$B$6,"D")>=90,Upaya_Debitur[[#This Row],[Haircut Diperhitungkan]]+Upaya_Debitur[[#This Row],[Set Off Diperhitungkan]]+SUM(OFFSET(Upaya_Debitur[[#This Row],[1]],0,0,1,$B$7))<Upaya_Debitur[[#This Row],[Kewajiban Total]],OR($B$7-COUNTIF(OFFSET(Upaya_Debitur[[#This Row],[1]],0,0,1,$B$7),">="&Upaya_Debitur[[#This Row],[Angsuran Diperhitungkan]])>=3,DATEDIF($B$6,EDATE($B$5,$B$8)-1,"D")<120)),"Ya","Tidak") -> Ya | BX35: =IF(Upaya_Debitur[[#This Row],[Kondisi Debitur]]="Tidak ditemukan","Ya","Tidak") -> Ya | BY35: =IF(AND(Upaya_Debitur[[#This Row],[SP3?]]="Ya",DATEDIF($B$5,$B$6,"D")>=90,Upaya_Debitur[[#This Row],[Haircut Diperhitungkan]]+Upaya_Debitur[[#This Row],[Set Off Diperhitungkan]]+SUM(OFFSET(Upaya_Debitur[[#This Row],[1]],0,0,1,$B$7))<Upaya_Debitur[[#This Row],[Kewajiban Total]]),"Ya","Tidak") -> Ya | BZ35: =IF(AND(Upaya_Debitur[[#This Row],[Iklan Cessie 1?]]="Ya",DATEDIF($B$5,$B$6,"D")>=120,Upaya_Debitur[[#This Row],[Haircut Diperhitungkan]]+Upaya_Debitur[[#This Row],[Set Off Diperhitungkan]]+SUM(OFFSET(Upaya_Debitur[[#This Row],[1]],0,0,1,$B$7))<Upaya_Debitur[[#This Row],[Kewajiban Total]]),"Ya","Tidak") -> Ya | CA35: =IF(AND(ISNUMBER(MATCH(Upaya_Debitur[[#This Row],[Wilayah Hukum]],$E$5:$E$12,0)),Upaya_Debitur[[#This Row],[SP3?]]="Ya",DATEDIF($B$5,$B$6,"D")>=120,Upaya_Debitur[[#This Row],[Haircut Diperhitungkan]]+Upaya_Debitur[[#This Row],[Set Off Diperhitungkan]]+SUM(OFFSET(Upaya_Debitur[[#This Row],[1]],0,0,1,$B$7))<Upaya_Debitur[[#This Row],[Kewajiban Total]],COUNTIFS(Upaya_Agunan[Nomor PK],Upaya_Debitur[[#This Row],[Nomor PK]],Upaya_Agunan[Agunan],"SHM")+COUNTIFS(Upaya_Agunan[Nomor PK],Upaya_Debitur[[#This Row],[Nomor PK]],Upaya_Agunan[Agunan],"SHGB")>0,AND(Upaya_Debitur[[#This Row],[Kewajiban Pokok]]<=500000000,Upaya_Debitur[[#This Row],[Kewajiban Pokok]]>50000000)),"Ya","Tidak") -> Tidak | CB35: 43781 | CC35: 43999 | CD35: 43826 | CE35: 43871 | CF35: 43887 | CG35: 44035 | CH35: 44057 | CI35: 44077 | CK35: =COUNTIF(Upaya_Debitur[[#This Row],[Surat Pemberitahuan?]:[Gugatan Sederhana?]],"Ya") -> 8 | CL35: =Upaya_Debitur[[#This Row],[Target Upaya]]-COUNTIFS(Upaya_Debitur[[#This Row],[Surat Pemberitahuan?]:[Gugatan Sederhana?]],"Ya",Upaya_Debitur[[#This Row],[Surat Pemberitahuan]:[Gugatan Sederhana]],"") -> 8 | CM35: =IF(ISNUMBER(Upaya_Debitur[[#This Row],[Realisasi]]/Upaya_Debitur[[#This Row],[Target Upaya]]),Upaya_Debitur[[#This Row],[Realisasi]]/Upaya_Debitur[[#This Row],[Target Upaya]],1) -> 1 | CQ35: 17 | CR35: =DATE(YEAR(CR34),MONTH(CR34)+2,1)-1 -> 44255 | CS35: =Periode[[#This Row],[Bulan Ke]] -> 17
A36: 18 | C36: 004/BBA-03/0998/I/1999 | D36: AFRIDA | E36: 151000 | F36: 0 | G36: 0 | H36: =SUM(Upaya_Debitur[[#This Row],[Kewajiban Pokok]:[Kewajiban Denda]]) -> 151000 | J36: =IF(ISNUMBER(Upaya_Debitur[[#This Row],[Angsuran Sesuai PK]]),Upaya_Debitur[[#This Row],[Angsuran Sesuai PK]],1) -> 1 | L36: Tidak ditemukan | S36: =IF(Upaya_Debitur[[#This Row],[Periode Haircut]]="",0,IF(Upaya_Debitur[[#This Row],[Periode Haircut]]<=$B$6,Upaya_Debitur[[#This Row],[Haircut]],0)) -> 0 | T36: =IF($B$10="",0,IF($B$10<=$B$6,Upaya_Debitur[[#This Row],[Set Off]],0)) -> 0 | U36: 0 | V36: 0 | W36: 0 | X36: 0 | Y36: 0 | Z36: 0 | AA36: 0 | AB36: 0 | AC36: 0 | AD36: 0 | AE36: 0 | AF36: 0 | AG36: 0 | AH36: 0 | AI36: 0 | BQ36: =SUM(OFFSET(Upaya_Debitur[[#This Row],[Haircut Diperhitungkan]],0,0,1,$B$7+2)) -> 0 | BR36: =IF(Upaya_Debitur[[#This Row],[Total Pencairan]]>=Upaya_Debitur[[#This Row],[Kewajiban Total]],"Lunas","Belum Lunas") -> Belum Lunas | BS36: ="Ya" -> Ya | BT36: ="Ya" -> Ya | BU36: =IF(AND(DATEDIF($B$5,$B$6,"D")>=30,Upaya_Debitur[[#This Row],[Haircut Diperhitungkan]]+Upaya_Debitur[[#This Row],[Set Off Diperhitungkan]]+SUM(OFFSET(Upaya_Debitur[[#This Row],[1]],0,0,1,$B$7))<Upaya_Debitur[[#This Row],[Kewajiban Total]],OR($B$7-COUNTIF(OFFSET(Upaya_Debitur[[#This Row],[1]],0,0,1,$B$7),">="&Upaya_Debitur[[#This Row],[Angsuran Diperhitungkan]])>=1,DATEDIF($B$6,EDATE($B$5,$B$8)-1,"D")<180)),"Ya","Tidak") -> Ya | BV36: =IF(AND(Upaya_Debitur[[#This Row],[SP 1?]]="Ya",DATEDIF($B$5,$B$6,"D")>=60,Upaya_Debitur[[#This Row],[Haircut Diperhitungkan]]+Upaya_Debitur[[#This Row],[Set Off Diperhitungkan]]+SUM(OFFSET(Upaya_Debitur[[#This Row],[1]],0,0,1,$B$7))<Upaya_Debitur[[#This Row],[Kewajiban Total]],OR($B$7-COUNTIF(OFFSET(Upaya_Debitur[[#This Row],[1]],0,0,1,$B$7),">="&Upaya_Debitur[[#This Row],[Angsuran Diperhitungkan]])>=2,DATEDIF($B$6,EDATE($B$5,$B$8)-1,"D")<150)),"Ya","Tidak") -> Ya | BW36: =IF(AND(Upaya_Debitur[[#This Row],[SP2?]]="Ya",DATEDIF($B$5,$B$6,"D")>=90,Upaya_Debitur[[#This Row],[Haircut Diperhitungkan]]+Upaya_Debitur[[#This Row],[Set Off Diperhitungkan]]+SUM(OFFSET(Upaya_Debitur[[#This Row],[1]],0,0,1,$B$7))<Upaya_Debitur[[#This Row],[Kewajiban Total]],OR($B$7-COUNTIF(OFFSET(Upaya_Debitur[[#This Row],[1]],0,0,1,$B$7),">="&Upaya_Debitur[[#This Row],[Angsuran Diperhitungkan]])>=3,DATEDIF($B$6,EDATE($B$5,$B$8)-1,"D")<120)),"Ya","Tidak") -> Ya | BX36: =IF(Upaya_Debitur[[#This Row],[Kondisi Debitur]]="Tidak ditemukan","Ya","Tidak") -> Ya | BY36: =IF(AND(Upaya_Debitur[[#This Row],[SP3?]]="Ya",DATEDIF($B$5,$B$6,"D")>=90,Upaya_Debitur[[#This Row],[Haircut Diperhitungkan]]+Upaya_Debitur[[#This Row],[Set Off Diperhitungkan]]+SUM(OFFSET(Upaya_Debitur[[#This Row],[1]],0,0,1,$B$7))<Upaya_Debitur[[#This Row],[Kewajiban Total]]),"Ya","Tidak") -> Ya | BZ36: =IF(AND(Upaya_Debitur[[#This Row],[Iklan Cessie 1?]]="Ya",DATEDIF($B$5,$B$6,"D")>=120,Upaya_Debitur[[#This Row],[Haircut Diperhitungkan]]+Upaya_Debitur[[#This Row],[Set Off Diperhitungkan]]+SUM(OFFSET(Upaya_Debitur[[#This Row],[1]],0,0,1,$B$7))<Upaya_Debitur[[#This Row],[Kewajiban Total]]),"Ya","Tidak") -> Ya | CA36: =IF(AND(ISNUMBER(MATCH(Upaya_Debitur[[#This Row],[Wilayah Hukum]],$E$5:$E$12,0)),Upaya_Debitur[[#This Row],[SP3?]]="Ya",DATEDIF($B$5,$B$6,"D")>=120,Upaya_Debitur[[#This Row],[Haircut Diperhitungkan]]+Upaya_Debitur[[#This Row],[Set Off Diperhitungkan]]+SUM(OFFSET(Upaya_Debitur[[#This Row],[1]],0,0,1,$B$7))<Upaya_Debitur[[#This Row],[Kewajiban Total]],COUNTIFS(Upaya_Agunan[Nomor PK],Upaya_Debitur[[#This Row],[Nomor PK]],Upaya_Agunan[Agunan],"SHM")+COUNTIFS(Upaya_Agunan[Nomor PK],Upaya_Debitur[[#This Row],[Nomor PK]],Upaya_Agunan[Agunan],"SHGB")>0,AND(Upaya_Debitur[[#This Row],[Kewajiban Pokok]]<=500000000,Upaya_Debitur[[#This Row],[Kewajiban Pokok]]>50000000)),"Ya","Tidak") -> Tidak | CB36: 43781 | CC36: 43999 | CD36: 43826 | CE36: 43871 | CF36: 43887 | CG36: 44035 | CH36: 44057 | CI36: 44077 | CK36: =COUNTIF(Upaya_Debitur[[#This Row],[Surat Pemberitahuan?]:[Gugatan Sederhana?]],"Ya") -> 8 | CL36: =Upaya_Debitur[[#This Row],[Target Upaya]]-COUNTIFS(Upaya_Debitur[[#This Row],[Surat Pemberitahuan?]:[Gugatan Sederhana?]],"Ya",Upaya_Debitur[[#This Row],[Surat Pemberitahuan]:[Gugatan Sederhana]],"") -> 8 | CM36: =IF(ISNUMBER(Upaya_Debitur[[#This Row],[Realisasi]]/Upaya_Debitur[[#This Row],[Target Upaya]]),Upaya_Debitur[[#This Row],[Realisasi]]/Upaya_Debitur[[#This Row],[Target Upaya]],1) -> 1 | CQ36: 18 | CR36: =DATE(YEAR(CR35),MONTH(CR35)+2,1)-1 -> 44286 | CS36: =Periode[[#This Row],[Bulan Ke]] -> 18
A37: 19 | C37: 036/BBA-03/0036/II/1995 | D37: AFZAL | E37: 643575 | F37: 0 | G37: 0 | H37: =SUM(Upaya_Debitur[[#This Row],[Kewajiban Pokok]:[Kewajiban Denda]]) -> 643575 | J37: =IF(ISNUMBER(Upaya_Debitur[[#This Row],[Angsuran Sesuai PK]]),Upaya_Debitur[[#This Row],[Angsuran Sesuai PK]],1) -> 1 | L37: Tidak ditemukan | S37: =IF(Upaya_Debitur[[#This Row],[Periode Haircut]]="",0,IF(Upaya_Debitur[[#This Row],[Periode Haircut]]<=$B$6,Upaya_Debitur[[#This Row],[Haircut]],0)) -> 0 | T37: =IF($B$10="",0,IF($B$10<=$B$6,Upaya_Debitur[[#This Row],[Set Off]],0)) -> 0 | U37: 0 | V37: 0 | W37: 0 | X37: 0 | Y37: 0 | Z37: 0 | AA37: 0 | AB37: 0 | AC37: 0 | AD37: 0 | AE37: 0 | AF37: 0 | AG37: 0 | AH37: 0 | AI37: 0 | BQ37: =SUM(OFFSET(Upaya_Debitur[[#This Row],[Haircut Diperhitungkan]],0,0,1,$B$7+2)) -> 0 | BR37: =IF(Upaya_Debitur[[#This Row],[Total Pencairan]]>=Upaya_Debitur[[#This Row],[Kewajiban Total]],"Lunas","Belum Lunas") -> Belum Lunas | BS37: ="Ya" -> Ya | BT37: ="Ya" -> Ya | BU37: =IF(AND(DATEDIF($B$5,$B$6,"D")>=30,Upaya_Debitur[[#This Row],[Haircut Diperhitungkan]]+Upaya_Debitur[[#This Row],[Set Off Diperhitungkan]]+SUM(OFFSET(Upaya_Debitur[[#This Row],[1]],0,0,1,$B$7))<Upaya_Debitur[[#This Row],[Kewajiban Total]],OR($B$7-COUNTIF(OFFSET(Upaya_Debitur[[#This Row],[1]],0,0,1,$B$7),">="&Upaya_Debitur[[#This Row],[Angsuran Diperhitungkan]])>=1,DATEDIF($B$6,EDATE($B$5,$B$8)-1,"D")<180)),"Ya","Tidak") -> Ya | BV37: =IF(AND(Upaya_Debitur[[#This Row],[SP 1?]]="Ya",DATEDIF($B$5,$B$6,"D")>=60,Upaya_Debitur[[#This Row],[Haircut Diperhitungkan]]+Upaya_Debitur[[#This Row],[Set Off Diperhitungkan]]+SUM(OFFSET(Upaya_Debitur[[#This Row],[1]],0,0,1,$B$7))<Upaya_Debitur[[#This Row],[Kewajiban Total]],OR($B$7-COUNTIF(OFFSET(Upaya_Debitur[[#This Row],[1]],0,0,1,$B$7),">="&Upaya_Debitur[[#This Row],[Angsuran Diperhitungkan]])>=2,DATEDIF($B$6,EDATE($B$5,$B$8)-1,"D")<150)),"Ya","Tidak") -> Ya | BW37: =IF(AND(Upaya_Debitur[[#This Row],[SP2?]]="Ya",DATEDIF($B$5,$B$6,"D")>=90,Upaya_Debitur[[#This Row],[Haircut Diperhitungkan]]+Upaya_Debitur[[#This Row],[Set Off Diperhitungkan]]+SUM(OFFSET(Upaya_Debitur[[#This Row],[1]],0,0,1,$B$7))<Upaya_Debitur[[#This Row],[Kewajiban Total]],OR($B$7-COUNTIF(OFFSET(Upaya_Debitur[[#This Row],[1]],0,0,1,$B$7),">="&Upaya_Debitur[[#This Row],[Angsuran Diperhitungkan]])>=3,DATEDIF($B$6,EDATE($B$5,$B$8)-1,"D")<120)),"Ya","Tidak") -> Ya | BX37: =IF(Upaya_Debitur[[#This Row],[Kondisi Debitur]]="Tidak ditemukan","Ya","Tidak") -> Ya | BY37: =IF(AND(Upaya_Debitur[[#This Row],[SP3?]]="Ya",DATEDIF($B$5,$B$6,"D")>=90,Upaya_Debitur[[#This Row],[Haircut Diperhitungkan]]+Upaya_Debitur[[#This Row],[Set Off Diperhitungkan]]+SUM(OFFSET(Upaya_Debitur[[#This Row],[1]],0,0,1,$B$7))<Upaya_Debitur[[#This Row],[Kewajiban Total]]),"Ya","Tidak") -> Ya | BZ37: =IF(AND(Upaya_Debitur[[#This Row],[Iklan Cessie 1?]]="Ya",DATEDIF($B$5,$B$6,"D")>=120,Upaya_Debitur[[#This Row],[Haircut Diperhitungkan]]+Upaya_Debitur[[#This Row],[Set Off Diperhitungkan]]+SUM(OFFSET(Upaya_Debitur[[#This Row],[1]],0,0,1,$B$7))<Upaya_Debitur[[#This Row],[Kewajiban Total]]),"Ya","Tidak") -> Ya | CA37: =IF(AND(ISNUMBER(MATCH(Upaya_Debitur[[#This Row],[Wilayah Hukum]],$E$5:$E$12,0)),Upaya_Debitur[[#This Row],[SP3?]]="Ya",DATEDIF($B$5,$B$6,"D")>=120,Upaya_Debitur[[#This Row],[Haircut Diperhitungkan]]+Upaya_Debitur[[#This Row],[Set Off Diperhitungkan]]+SUM(OFFSET(Upaya_Debitur[[#This Row],[1]],0,0,1,$B$7))<Upaya_Debitur[[#This Row],[Kewajiban Total]],COUNTIFS(Upaya_Agunan[Nomor PK],Upaya_Debitur[[#This Row],[Nomor PK]],Upaya_Agunan[Agunan],"SHM")+COUNTIFS(Upaya_Agunan[Nomor PK],Upaya_Debitur[[#This Row],[Nomor PK]],Upaya_Agunan[Agunan],"SHGB")>0,AND(Upaya_Debitur[[#This Row],[Kewajiban Pokok]]<=500000000,Upaya_Debitur[[#This Row],[Kewajiban Pokok]]>50000000)),"Ya","Tidak") -> Tidak | CB37: 43781 | CC37: 43999 | CD37: 43826 | CE37: 43871 | CF37: 43887 | CG37: 43888 | CH37: 44057 | CI37: 44077 | CK37: =COUNTIF(Upaya_Debitur[[#This Row],[Surat Pemberitahuan?]:[Gugatan Sederhana?]],"Ya") -> 8 | CL37: =Upaya_Debitur[[#This Row],[Target Upaya]]-COUNTIFS(Upaya_Debitur[[#This Row],[Surat Pemberitahuan?]:[Gugatan Sederhana?]],"Ya",Upaya_Debitur[[#This Row],[Surat Pemberitahuan]:[Gugatan Sederhana]],"") -> 8 | CM37: =IF(ISNUMBER(Upaya_Debitur[[#This Row],[Realisasi]]/Upaya_Debitur[[#This Row],[Target Upaya]]),Upaya_Debitur[[#This Row],[Realisasi]]/Upaya_Debitur[[#This Row],[Target Upaya]],1) -> 1 | CQ37: 19 | CR37: =DATE(YEAR(CR36),MONTH(CR36)+2,1)-1 -> 44316 | CS37: =Periode[[#This Row],[Bulan Ke]] -> 19
A38: 20 | C38: 004/MDA-01/0038/III/2002 | D38: AMIR FAUZI | E38: 9000000 | F38: 0 | G38: 0 | H38: =SUM(Upaya_Debitur[[#This Row],[Kewajiban Pokok]:[Kewajiban Denda]]) -> 9000000 | J38: =IF(ISNUMBER(Upaya_Debitur[[#This Row],[Angsuran Sesuai PK]]),Upaya_Debitur[[#This Row],[Angsuran Sesuai PK]],1) -> 1 | L38: Tidak ditemukan | S38: =IF(Upaya_Debitur[[#This Row],[Periode Haircut]]="",0,IF(Upaya_Debitur[[#This Row],[Periode Haircut]]<=$B$6,Upaya_Debitur[[#This Row],[Haircut]],0)) -> 0 | T38: =IF($B$10="",0,IF($B$10<=$B$6,Upaya_Debitur[[#This Row],[Set Off]],0)) -> 0 | U38: 0 | V38: 0 | W38: 0 | X38: 0 | Y38: 0 | Z38: 0 | AA38: 0 | AB38: 0 | AC38: 0 | AD38: 0 | AE38: 0 | AF38: 0 | AG38: 0 | AH38: 0 | AI38: 0 | BQ38: =SUM(OFFSET(Upaya_Debitur[[#This Row],[Haircut Diperhitungkan]],0,0,1,$B$7+2)) -> 0 | BR38: =IF(Upaya_Debitur[[#This Row],[Total Pencairan]]>=Upaya_Debitur[[#This Row],[Kewajiban Total]],"Lunas","Belum Lunas") -> Belum Lunas | BS38: ="Ya" -> Ya | BT38: ="Ya" -> Ya | BU38: =IF(AND(DATEDIF($B$5,$B$6,"D")>=30,Upaya_Debitur[[#This Row],[Haircut Diperhitungkan]]+Upaya_Debitur[[#This Row],[Set Off Diperhitungkan]]+SUM(OFFSET(Upaya_Debitur[[#This Row],[1]],0,0,1,$B$7))<Upaya_Debitur[[#This Row],[Kewajiban Total]],OR($B$7-COUNTIF(OFFSET(Upaya_Debitur[[#This Row],[1]],0,0,1,$B$7),">="&Upaya_Debitur[[#This Row],[Angsuran Diperhitungkan]])>=1,DATEDIF($B$6,EDATE($B$5,$B$8)-1,"D")<180)),"Ya","Tidak") -> Ya | BV38: =IF(AND(Upaya_Debitur[[#This Row],[SP 1?]]="Ya",DATEDIF($B$5,$B$6,"D")>=60,Upaya_Debitur[[#This Row],[Haircut Diperhitungkan]]+Upaya_Debitur[[#This Row],[Set Off Diperhitungkan]]+SUM(OFFSET(Upaya_Debitur[[#This Row],[1]],0,0,1,$B$7))<Upaya_Debitur[[#This Row],[Kewajiban Total]],OR($B$7-COUNTIF(OFFSET(Upaya_Debitur[[#This Row],[1]],0,0,1,$B$7),">="&Upaya_Debitur[[#This Row],[Angsuran Diperhitungkan]])>=2,DATEDIF($B$6,EDATE($B$5,$B$8)-1,"D")<150)),"Ya","Tidak") -> Ya | BW38: =IF(AND(Upaya_Debitur[[#This Row],[SP2?]]="Ya",DATEDIF($B$5,$B$6,"D")>=90,Upaya_Debitur[[#This Row],[Haircut Diperhitungkan]]+Upaya_Debitur[[#This Row],[Set Off Diperhitungkan]]+SUM(OFFSET(Upaya_Debitur[[#This Row],[1]],0,0,1,$B$7))<Upaya_Debitur[[#This Row],[Kewajiban Total]],OR($B$7-COUNTIF(OFFSET(Upaya_Debitur[[#This Row],[1]],0,0,1,$B$7),">="&Upaya_Debitur[[#This Row],[Angsuran Diperhitungkan]])>=3,DATEDIF($B$6,EDATE($B$5,$B$8)-1,"D")<120)),"Ya","Tidak") -> Ya | BX38: =IF(Upaya_Debitur[[#This Row],[Kondisi Debitur]]="Tidak ditemukan","Ya","Tidak") -> Ya | BY38: =IF(AND(Upaya_Debitur[[#This Row],[SP3?]]="Ya",DATEDIF($B$5,$B$6,"D")>=90,Upaya_Debitur[[#This Row],[Haircut Diperhitungkan]]+Upaya_Debitur[[#This Row],[Set Off Diperhitungkan]]+SUM(OFFSET(Upaya_Debitur[[#This Row],[1]],0,0,1,$B$7))<Upaya_Debitur[[#This Row],[Kewajiban Total]]),"Ya","Tidak") -> Ya | BZ38: =IF(AND(Upaya_Debitur[[#This Row],[Iklan Cessie 1?]]="Ya",DATEDIF($B$5,$B$6,"D")>=120,Upaya_Debitur[[#This Row],[Haircut Diperhitungkan]]+Upaya_Debitur[[#This Row],[Set Off Diperhitungkan]]+SUM(OFFSET(Upaya_Debitur[[#This Row],[1]],0,0,1,$B$7))<Upaya_Debitur[[#This Row],[Kewajiban Total]]),"Ya","Tidak") -> Ya | CA38: =IF(AND(ISNUMBER(MATCH(Upaya_Debitur[[#This Row],[Wilayah Hukum]],$E$5:$E$12,0)),Upaya_Debitur[[#This Row],[SP3?]]="Ya",DATEDIF($B$5,$B$6,"D")>=120,Upaya_Debitur[[#This Row],[Haircut Diperhitungkan]]+Upaya_Debitur[[#This Row],[Set Off Diperhitungkan]]+SUM(OFFSET(Upaya_Debitur[[#This Row],[1]],0,0,1,$B$7))<Upaya_Debitur[[#This Row],[Kewajiban Total]],COUNTIFS(Upaya_Agunan[Nomor PK],Upaya_Debitur[[#This Row],[Nomor PK]],Upaya_Agunan[Agunan],"SHM")+COUNTIFS(Upaya_Agunan[Nomor PK],Upaya_Debitur[[#This Row],[Nomor PK]],Upaya_Agunan[Agunan],"SHGB")>0,AND(Upaya_Debitur[[#This Row],[Kewajiban Pokok]]<=500000000,Upaya_Debitur[[#This Row],[Kewajiban Pokok]]>50000000)),"Ya","Tidak") -> Tidak | CB38: 43781 | CC38: 43999 | CD38: 43826 | CE38: 43871 | CF38: 43887 | CG38: 44035 | CH38: 44057 | CI38: 44077 | CK38: =COUNTIF(Upaya_Debitur[[#This Row],[Surat Pemberitahuan?]:[Gugatan Sederhana?]],"Ya") -> 8 | CL38: =Upaya_Debitur[[#This Row],[Target Upaya]]-COUNTIFS(Upaya_Debitur[[#This Row],[Surat Pemberitahuan?]:[Gugatan Sederhana?]],"Ya",Upaya_Debitur[[#This Row],[Surat Pemberitahuan]:[Gugatan Sederhana]],"") -> 8 | CM38: =IF(ISNUMBER(Upaya_Debitur[[#This Row],[Realisasi]]/Upaya_Debitur[[#This Row],[Target Upaya]]),Upaya_Debitur[[#This Row],[Realisasi]]/Upaya_Debitur[[#This Row],[Target Upaya]],1) -> 1 | CQ38: 20 | CR38: =DATE(YEAR(CR37),MONTH(CR37)+2,1)-1 -> 44347 | CS38: =Periode[[#This Row],[Bulan Ke]] -> 20
... A44: 26 | C44: 26/MBA-NAD.K/0032/III/2004 | D44: AZHAR | E44: 2595553 | F44: 0 | G44: 0 | H44: =SUM(Upaya_Debitur[[#This Row],[Kewajiban Pokok]:[Kewajiban Denda]]) -> 2595553 | J44: =IF(ISNUMBER(Upaya_Debitur[[#This Row],[Angsuran Sesuai PK]]),Upaya_Debitur[[#This Row],[Angsuran Sesuai PK]],1) -> 1 | L44: Tidak koperatif | S44: =IF(Upaya_Debitur[[#This Row],[Periode Haircut]]="",0,IF(Upaya_Debitur[[#This Row],[Periode Haircut]]<=$B$6,Upaya_Debitur[[#This Row],[Haircut]],0)) -> 0 | T44: =IF($B$10="",0,IF($B$10<=$B$6,Upaya_Debitur[[#This Row],[Set Off]],0)) -> 0 | U44: 0 | V44: 0 | W44: 0 | X44: 0 | Y44: 0 | Z44: 0 | AA44: 0 | AB44: 0 | AC44: 0 | AD44: 0 | AE44: 0 | AF44: 0 | AG44: 0 | AH44: 0 | AI44: 0 | BQ44: =SUM(OFFSET(Upaya_Debitur[[#This Row],[Haircut Diperhitungkan]],0,0,1,$B$7+2)) -> 0 | BR44: =IF(Upaya_Debitur[[#This Row],[Total Pencairan]]>=Upaya_Debitur[[#This Row],[Kewajiban Total]],"Lunas","Belum Lunas") -> Belum Lunas | BS44: ="Ya" -> Ya | BT44: ="Ya" -> Ya | BU44: =IF(AND(DATEDIF($B$5,$B$6,"D")>=30,Upaya_Debitur[[#This Row],[Haircut Diperhitungkan]]+Upaya_Debitur[[#This Row],[Set Off Diperhitungkan]]+SUM(OFFSET(Upaya_Debitur[[#This Row],[1]],0,0,1,$B$7))<Upaya_Debitur[[#This Row],[Kewajiban Total]],OR($B$7-COUNTIF(OFFSET(Upaya_Debitur[[#This Row],[1]],0,0,1,$B$7),">="&Upaya_Debitur[[#This Row],[Angsuran Diperhitungkan]])>=1,DATEDIF($B$6,EDATE($B$5,$B$8)-1,"D")<180)),"Ya","Tidak") -> Ya | BV44: =IF(AND(Upaya_Debitur[[#This Row],[SP 1?]]="Ya",DATEDIF($B$5,$B$6,"D")>=60,Upaya_Debitur[[#This Row],[Haircut Diperhitungkan]]+Upaya_Debitur[[#This Row],[Set Off Diperhitungkan]]+SUM(OFFSET(Upaya_Debitur[[#This Row],[1]],0,0,1,$B$7))<Upaya_Debitur[[#This Row],[Kewajiban Total]],OR($B$7-COUNTIF(OFFSET(Upaya_Debitur[[#This Row],[1]],0,0,1,$B$7),">="&Upaya_Debitur[[#This Row],[Angsuran Diperhitungkan]])>=2,DATEDIF($B$6,EDATE($B$5,$B$8)-1,"D")<150)),"Ya","Tidak") -> Ya | BW44: =IF(AND(Upaya_Debitur[[#This Row],[SP2?]]="Ya",DATEDIF($B$5,$B$6,"D")>=90,Upaya_Debitur[[#This Row],[Haircut Diperhitungkan]]+Upaya_Debitur[[#This Row],[Set Off Diperhitungkan]]+SUM(OFFSET(Upaya_Debitur[[#This Row],[1]],0,0,1,$B$7))<Upaya_Debitur[[#This Row],[Kewajiban Total]],OR($B$7-COUNTIF(OFFSET(Upaya_Debitur[[#This Row],[1]],0,0,1,$B$7),">="&Upaya_Debitur[[#This Row],[Angsuran Diperhitungkan]])>=3,DATEDIF($B$6,EDATE($B$5,$B$8)-1,"D")<120)),"Ya","Tidak") -> Ya | BX44: =IF(Upaya_Debitur[[#This Row],[Kondisi Debitur]]="Tidak ditemukan","Ya","Tidak") -> Tidak | BY44: =IF(AND(Upaya_Debitur[[#This Row],[SP3?]]="Ya",DATEDIF($B$5,$B$6,"D")>=90,Upaya_Debitur[[#This Row],[Haircut Diperhitungkan]]+Upaya_Debitur[[#This Row],[Set Off Diperhitungkan]]+SUM(OFFSET(Upaya_Debitur[[#This Row],[1]],0,0,1,$B$7))<Upaya_Debitur[[#This Row],[Kewajiban Total]]),"Ya","Tidak") -> Ya | BZ44: =IF(AND(Upaya_Debitur[[#This Row],[Iklan Cessie 1?]]="Ya",DATEDIF($B$5,$B$6,"D")>=120,Upaya_Debitur[[#This Row],[Haircut Diperhitungkan]]+Upaya_Debitur[[#This Row],[Set Off Diperhitungkan]]+SUM(OFFSET(Upaya_Debitur[[#This Row],[1]],0,0,1,$B$7))<Upaya_Debitur[[#This Row],[Kewajiban Total]]),"Ya","Tidak") -> Ya | CA44: =IF(AND(ISNUMBER(MATCH(Upaya_Debitur[[#This Row],[Wilayah Hukum]],$E$5:$E$12,0)),Upaya_Debitur[[#This Row],[SP3?]]="Ya",DATEDIF($B$5,$B$6,"D")>=120,Upaya_Debitur[[#This Row],[Haircut Diperhitungkan]]+Upaya_Debitur[[#This Row],[Set Off Diperhitungkan]]+SUM(OFFSET(Upaya_Debitur[[#This Row],[1]],0,0,1,$B$7))<Upaya_Debitur[[#This Row],[Kewajiban Total]],COUNTIFS(Upaya_Agunan[Nomor PK],Upaya_Debitur[[#This Row],[Nomor PK]],Upaya_Agunan[Agunan],"SHM")+COUNTIFS(Upaya_Agunan[Nomor PK],Upaya_Debitur[[#This Row],[Nomor PK]],Upaya_Agunan[Agunan],"SHGB")>0,AND(Upaya_Debitur[[#This Row],[Kewajiban Pokok]]<=500000000,Upaya_Debitur[[#This Row],[Kewajiban Pokok]]>50000000)),"Ya","Tidak") -> Tidak | CB44: 43781 | CC44: 43999 | CD44: 43826 | CE44: 43871 | CF44: 43887 | CG44: 43888 | CH44: 44057 | CI44: 44077 | CK44: =COUNTIF(Upaya_Debitur[[#This Row],[Surat Pemberitahuan?]:[Gugatan Sederhana?]],"Ya") -> 7 | CL44: =Upaya_Debitur[[#This Row],[Target Upaya]]-COUNTIFS(Upaya_Debitur[[#This Row],[Surat Pemberitahuan?]:[Gugatan Sederhana?]],"Ya",Upaya_Debitur[[#This Row],[Surat Pemberitahuan]:[Gugatan Sederhana]],"") -> 7 | CM44: =IF(ISNUMBER(Upaya_Debitur[[#This Row],[Realisasi]]/Upaya_Debitur[[#This Row],[Target Upaya]]),Upaya_Debitur[[#This Row],[Realisasi]]/Upaya_Debitur[[#This Row],[Target Upaya]],1) -> 1 | CQ44: 26 | CR44: =DATE(YEAR(CR43),MONTH(CR43)+2,1)-1 -> 44530 | CS44: =Periode[[#This Row],[Bulan Ke]] -> 26
A45: 27 | C45: 01/MDA-MC/0007/VI/2009 | D45: AZHAR MUHAMMAD | E45: 2800000 | F45: 0 | G45: 0 | H45: =SUM(Upaya_Debitur[[#This Row],[Kewajiban Pokok]:[Kewajiban Denda]]) -> 2800000 | J45: =IF(ISNUMBER(Upaya_Debitur[[#This Row],[Angsuran Sesuai PK]]),Upaya_Debitur[[#This Row],[Angsuran Sesuai PK]],1) -> 1 | L45: Tidak koperatif | S45: =IF(Upaya_Debitur[[#This Row],[Periode Haircut]]="",0,IF(Upaya_Debitur[[#This Row],[Periode Haircut]]<=$B$6,Upaya_Debitur[[#This Row],[Haircut]],0)) -> 0 | T45: =IF($B$10="",0,IF($B$10<=$B$6,Upaya_Debitur[[#This Row],[Set Off]],0)) -> 0 | U45: 0 | V45: 0 | W45: 0 | X45: 0 | Y45: 2800000 | Z45: 0 | AA45: 0 | AB45: 0 | AC45: 0 | AD45: 0 | AE45: 0 | AF45: 0 | AG45: 0 | AH45: 0 | AI45: 0 | BQ45: =SUM(OFFSET(Upaya_Debitur[[#This Row],[Haircut Diperhitungkan]],0,0,1,$B$7+2)) -> 2800000 | BR45: =IF(Upaya_Debitur[[#This Row],[Total Pencairan]]>=Upaya_Debitur[[#This Row],[Kewajiban Total]],"Lunas","Belum Lunas") -> Lunas | BS45: ="Ya" -> Ya | BT45: ="Ya" -> Ya | BU45: =IF(AND(DATEDIF($B$5,$B$6,"D")>=30,Upaya_Debitur[[#This Row],[Haircut Diperhitungkan]]+Upaya_Debitur[[#This Row],[Set Off Diperhitungkan]]+SUM(OFFSET(Upaya_Debitur[[#This Row],[1]],0,0,1,$B$7))<Upaya_Debitur[[#This Row],[Kewajiban Total]],OR($B$7-COUNTIF(OFFSET(Upaya_Debitur[[#This Row],[1]],0,0,1,$B$7),">="&Upaya_Debitur[[#This Row],[Angsuran Diperhitungkan]])>=1,DATEDIF($B$6,EDATE($B$5,$B$8)-1,"D")<180)),"Ya","Tidak") -> Tidak | BV45: =IF(AND(Upaya_Debitur[[#This Row],[SP 1?]]="Ya",DATEDIF($B$5,$B$6,"D")>=60,Upaya_Debitur[[#This Row],[Haircut Diperhitungkan]]+Upaya_Debitur[[#This Row],[Set Off Diperhitungkan]]+SUM(OFFSET(Upaya_Debitur[[#This Row],[1]],0,0,1,$B$7))<Upaya_Debitur[[#This Row],[Kewajiban Total]],OR($B$7-COUNTIF(OFFSET(Upaya_Debitur[[#This Row],[1]],0,0,1,$B$7),">="&Upaya_Debitur[[#This Row],[Angsuran Diperhitungkan]])>=2,DATEDIF($B$6,EDATE($B$5,$B$8)-1,"D")<150)),"Ya","Tidak") -> Tidak | BW45: =IF(AND(Upaya_Debitur[[#This Row],[SP2?]]="Ya",DATEDIF($B$5,$B$6,"D")>=90,Upaya_Debitur[[#This Row],[Haircut Diperhitungkan]]+Upaya_Debitur[[#This Row],[Set Off Diperhitungkan]]+SUM(OFFSET(Upaya_Debitur[[#This Row],[1]],0,0,1,$B$7))<Upaya_Debitur[[#This Row],[Kewajiban Total]],OR($B$7-COUNTIF(OFFSET(Upaya_Debitur[[#This Row],[1]],0,0,1,$B$7),">="&Upaya_Debitur[[#This Row],[Angsuran Diperhitungkan]])>=3,DATEDIF($B$6,EDATE($B$5,$B$8)-1,"D")<120)),"Ya","Tidak") -> Tidak | BX45: =IF(Upaya_Debitur[[#This Row],[Kondisi Debitur]]="Tidak ditemukan","Ya","Tidak") -> Tidak | BY45: =IF(AND(Upaya_Debitur[[#This Row],[SP3?]]="Ya",DATEDIF($B$5,$B$6,"D")>=90,Upaya_Debitur[[#This Row],[Haircut Diperhitungkan]]+Upaya_Debitur[[#This Row],[Set Off Diperhitungkan]]+SUM(OFFSET(Upaya_Debitur[[#This Row],[1]],0,0,1,$B$7))<Upaya_Debitur[[#This Row],[Kewajiban Total]]),"Ya","Tidak") -> Tidak | BZ45: =IF(AND(Upaya_Debitur[[#This Row],[Iklan Cessie 1?]]="Ya",DATEDIF($B$5,$B$6,"D")>=120,Upaya_Debitur[[#This Row],[Haircut Diperhitungkan]]+Upaya_Debitur[[#This Row],[Set Off Diperhitungkan]]+SUM(OFFSET(Upaya_Debitur[[#This Row],[1]],0,0,1,$B$7))<Upaya_Debitur[[#This Row],[Kewajiban Total]]),"Ya","Tidak") -> Tidak | CA45: =IF(AND(ISNUMBER(MATCH(Upaya_Debitur[[#This Row],[Wilayah Hukum]],$E$5:$E$12,0)),Upaya_Debitur[[#This Row],[SP3?]]="Ya",DATEDIF($B$5,$B$6,"D")>=120,Upaya_Debitur[[#This Row],[Haircut Diperhitungkan]]+Upaya_Debitur[[#This Row],[Set Off Diperhitungkan]]+SUM(OFFSET(Upaya_Debitur[[#This Row],[1]],0,0,1,$B$7))<Upaya_Debitur[[#This Row],[Kewajiban Total]],COUNTIFS(Upaya_Agunan[Nomor PK],Upaya_Debitur[[#This Row],[Nomor PK]],Upaya_Agunan[Agunan],"SHM")+COUNTIFS(Upaya_Agunan[Nomor PK],Upaya_Debitur[[#This Row],[Nomor PK]],Upaya_Agunan[Agunan],"SHGB")>0,AND(Upaya_Debitur[[#This Row],[Kewajiban Pokok]]<=500000000,Upaya_Debitur[[#This Row],[Kewajiban Pokok]]>50000000)),"Ya","Tidak") -> Tidak | CB45: 43781 | CC45: 43999 | CD45: 43826 | CH45: 44057 | CI45: 44077 | CK45: =COUNTIF(Upaya_Debitur[[#This Row],[Surat Pemberitahuan?]:[Gugatan Sederhana?]],"Ya") -> 2 | CL45: =Upaya_Debitur[[#This Row],[Target Upaya]]-COUNTIFS(Upaya_Debitur[[#This Row],[Surat Pemberitahuan?]:[Gugatan Sederhana?]],"Ya",Upaya_Debitur[[#This Row],[Surat Pemberitahuan]:[Gugatan Sederhana]],"") -> 2 | CM45: =IF(ISNUMBER(Upaya_Debitur[[#This Row],[Realisasi]]/Upaya_Debitur[[#This Row],[Target Upaya]]),Upaya_Debitur[[#This Row],[Realisasi]]/Upaya_Debitur[[#This Row],[Target Upaya]],1) -> 1 | CQ45: 27 | CR45: =DATE(YEAR(CR44),MONTH(CR44)+2,1)-1 -> 44561 | CS45: =Periode[[#This Row],[Bulan Ke]] -> 27
A46: 28 | C46: 531/BBA/1758/XII/1994 | D46: AZHARI | E46: 140000 | F46: 0 | G46: 0 | H46: =SUM(Upaya_Debitur[[#This Row],[Kewajiban Pokok]:[Kewajiban Denda]]) -> 140000 | J46: =IF(ISNUMBER(Upaya_Debitur[[#This Row],[Angsuran Sesuai PK]]),Upaya_Debitur[[#This Row],[Angsuran Sesuai PK]],1) -> 1 | L46: Tidak ditemukan | S46: =IF(Upaya_Debitur[[#This Row],[Periode Haircut]]="",0,IF(Upaya_Debitur[[#This Row],[Periode Haircut]]<=$B$6,Upaya_Debitur[[#This Row],[Haircut]],0)) -> 0 | T46: =IF($B$10="",0,IF($B$10<=$B$6,Upaya_Debitur[[#This Row],[Set Off]],0)) -> 0 | U46: 0 | V46: 0 | W46: 0 | X46: 0 | Y46: 0 | Z46: 0 | AA46: 0 | AB46: 0 | AC46: 0 | AD46: 0 | AE46: 0 | AF46: 0 | AG46: 0 | AH46: 0 | AI46: 0 | BQ46: =SUM(OFFSET(Upaya_Debitur[[#This Row],[Haircut Diperhitungkan]],0,0,1,$B$7+2)) -> 0 | BR46: =IF(Upaya_Debitur[[#This Row],[Total Pencairan]]>=Upaya_Debitur[[#This Row],[Kewajiban Total]],"Lunas","Belum Lunas") -> Belum Lunas | BS46: ="Ya" -> Ya | BT46: ="Ya" -> Ya | BU46: =IF(AND(DATEDIF($B$5,$B$6,"D")>=30,Upaya_Debitur[[#This Row],[Haircut Diperhitungkan]]+Upaya_Debitur[[#This Row],[Set Off Diperhitungkan]]+SUM(OFFSET(Upaya_Debitur[[#This Row],[1]],0,0,1,$B$7))<Upaya_Debitur[[#This Row],[Kewajiban Total]],OR($B$7-COUNTIF(OFFSET(Upaya_Debitur[[#This Row],[1]],0,0,1,$B$7),">="&Upaya_Debitur[[#This Row],[Angsuran Diperhitungkan]])>=1,DATEDIF($B$6,EDATE($B$5,$B$8)-1,"D")<180)),"Ya","Tidak") -> Ya | BV46: =IF(AND(Upaya_Debitur[[#This Row],[SP 1?]]="Ya",DATEDIF($B$5,$B$6,"D")>=60,Upaya_Debitur[[#This Row],[Haircut Diperhitungkan]]+Upaya_Debitur[[#This Row],[Set Off Diperhitungkan]]+SUM(OFFSET(Upaya_Debitur[[#This Row],[1]],0,0,1,$B$7))<Upaya_Debitur[[#This Row],[Kewajiban Total]],OR($B$7-COUNTIF(OFFSET(Upaya_Debitur[[#This Row],[1]],0,0,1,$B$7),">="&Upaya_Debitur[[#This Row],[Angsuran Diperhitungkan]])>=2,DATEDIF($B$6,EDATE($B$5,$B$8)-1,"D")<150)),"Ya","Tidak") -> Ya | BW46: =IF(AND(Upaya_Debitur[[#This Row],[SP2?]]="Ya",DATEDIF($B$5,$B$6,"D")>=90,Upaya_Debitur[[#This Row],[Haircut Diperhitungkan]]+Upaya_Debitur[[#This Row],[Set Off Diperhitungkan]]+SUM(OFFSET(Upaya_Debitur[[#This Row],[1]],0,0,1,$B$7))<Upaya_Debitur[[#This Row],[Kewajiban Total]],OR($B$7-COUNTIF(OFFSET(Upaya_Debitur[[#This Row],[1]],0,0,1,$B$7),">="&Upaya_Debitur[[#This Row],[Angsuran Diperhitungkan]])>=3,DATEDIF($B$6,EDATE($B$5,$B$8)-1,"D")<120)),"Ya","Tidak") -> Ya | BX46: =IF(Upaya_Debitur[[#This Row],[Kondisi Debitur]]="Tidak ditemukan","Ya","Tidak") -> Ya | BY46: =IF(AND(Upaya_Debitur[[#This Row],[SP3?]]="Ya",DATEDIF($B$5,$B$6,"D")>=90,Upaya_Debitur[[#This Row],[Haircut Diperhitungkan]]+Upaya_Debitur[[#This Row],[Set Off Diperhitungkan]]+SUM(OFFSET(Upaya_Debitur[[#This Row],[1]],0,0,1,$B$7))<Upaya_Debitur[[#This Row],[Kewajiban Total]]),"Ya","Tidak") -> Ya | BZ46: =IF(AND(Upaya_Debitur[[#This Row],[Iklan Cessie 1?]]="Ya",DATEDIF($B$5,$B$6,"D")>=120,Upaya_Debitur[[#This Row],[Haircut Diperhitungkan]]+Upaya_Debitur[[#This Row],[Set Off Diperhitungkan]]+SUM(OFFSET(Upaya_Debitur[[#This Row],[1]],0,0,1,$B$7))<Upaya_Debitur[[#This Row],[Kewajiban Total]]),"Ya","Tidak") -> Ya | CA46: =IF(AND(ISNUMBER(MATCH(Upaya_Debitur[[#This Row],[Wilayah Hukum]],$E$5:$E$12,0)),Upaya_Debitur[[#This Row],[SP3?]]="Ya",DATEDIF($B$5,$B$6,"D")>=120,Upaya_Debitur[[#This Row],[Haircut Diperhitungkan]]+Upaya_Debitur[[#This Row],[Set Off Diperhitungkan]]+SUM(OFFSET(Upaya_Debitur[[#This Row],[1]],0,0,1,$B$7))<Upaya_Debitur[[#This Row],[Kewajiban Total]],COUNTIFS(Upaya_Agunan[Nomor PK],Upaya_Debitur[[#This Row],[Nomor PK]],Upaya_Agunan[Agunan],"SHM")+COUNTIFS(Upaya_Agunan[Nomor PK],Upaya_Debitur[[#This Row],[Nomor PK]],Upaya_Agunan[Agunan],"SHGB")>0,AND(Upaya_Debitur[[#This Row],[Kewajiban Pokok]]<=500000000,Upaya_Debitur[[#This Row],[Kewajiban Pokok]]>50000000)),"Ya","Tidak") -> Tidak | CB46: 43781 | CC46: 43999 | CD46: 43826 | CE46: 43871 | CF46: 43887 | CG46: 44035 | CH46: 44057 | CI46: 44077 | CK46: =COUNTIF(Upaya_Debitur[[#This Row],[Surat Pemberitahuan?]:[Gugatan Sederhana?]],"Ya") -> 8 | CL46: =Upaya_Debitur[[#This Row],[Target Upaya]]-COUNTIFS(Upaya_Debitur[[#This Row],[Surat Pemberitahuan?]:[Gugatan Sederhana?]],"Ya",Upaya_Debitur[[#This Row],[Surat Pemberitahuan]:[Gugatan Sederhana]],"") -> 8 | CM46: =IF(ISNUMBER(Upaya_Debitur[[#This Row],[Realisasi]]/Upaya_Debitur[[#This Row],[Target Upaya]]),Upaya_Debitur[[#This Row],[Realisasi]]/Upaya_Debitur[[#This Row],[Target Upaya]],1) -> 1 | CQ46: 28 | CR46: =DATE(YEAR(CR45),MONTH(CR45)+2,1)-1 -> 44592 | CS46: =Periode[[#This Row],[Bulan Ke]] -> 28
A47: 29 | C47: 50/MBA-02/1303/VI/2006 | D47: BAHRI IBRAHIM | E47: 16716913 | F47: 0 | G47: 0 | H47: =SUM(Upaya_Debitur[[#This Row],[Kewajiban Pokok]:[Kewajiban Denda]]) -> 16716913 | J47: =IF(ISNUMBER(Upaya_Debitur[[#This Row],[Angsuran Sesuai PK]]),Upaya_Debitur[[#This Row],[Angsuran Sesuai PK]],1) -> 1 | L47: Tidak koperatif | S47: =IF(Upaya_Debitur[[#This Row],[Periode Haircut]]="",0,IF(Upaya_Debitur[[#This Row],[Periode Haircut]]<=$B$6,Upaya_Debitur[[#This Row],[Haircut]],0)) -> 0 | T47: =IF($B$10="",0,IF($B$10<=$B$6,Upaya_Debitur[[#This Row],[Set Off]],0)) -> 0 | U47: 0 | V47: 0 | W47: 0 | X47: 0 | Y47: 0 | Z47: 0 | AA47: 0 | AB47: 0 | AC47: 0 | AD47: 0 | AE47: 0 | AF47: 0 | AG47: 0 | AH47: 0 | AI47: 0 | BQ47: =SUM(OFFSET(Upaya_Debitur[[#This Row],[Haircut Diperhitungkan]],0,0,1,$B$7+2)) -> 0 | BR47: =IF(Upaya_Debitur[[#This Row],[Total Pencairan]]>=Upaya_Debitur[[#This Row],[Kewajiban Total]],"Lunas","Belum Lunas") -> Belum Lunas | BS47: ="Ya" -> Ya | BT47: ="Ya" -> Ya | BU47: =IF(AND(DATEDIF($B$5,$B$6,"D")>=30,Upaya_Debitur[[#This Row],[Haircut Diperhitungkan]]+Upaya_Debitur[[#This Row],[Set Off Diperhitungkan]]+SUM(OFFSET(Upaya_Debitur[[#This Row],[1]],0,0,1,$B$7))<Upaya_Debitur[[#This Row],[Kewajiban Total]],OR($B$7-COUNTIF(OFFSET(Upaya_Debitur[[#This Row],[1]],0,0,1,$B$7),">="&Upaya_Debitur[[#This Row],[Angsuran Diperhitungkan]])>=1,DATEDIF($B$6,EDATE($B$5,$B$8)-1,"D")<180)),"Ya","Tidak") -> Ya | BV47: =IF(AND(Upaya_Debitur[[#This Row],[SP 1?]]="Ya",DATEDIF($B$5,$B$6,"D")>=60,Upaya_Debitur[[#This Row],[Haircut Diperhitungkan]]+Upaya_Debitur[[#This Row],[Set Off Diperhitungkan]]+SUM(OFFSET(Upaya_Debitur[[#This Row],[1]],0,0,1,$B$7))<Upaya_Debitur[[#This Row],[Kewajiban Total]],OR($B$7-COUNTIF(OFFSET(Upaya_Debitur[[#This Row],[1]],0,0,1,$B$7),">="&Upaya_Debitur[[#This Row],[Angsuran Diperhitungkan]])>=2,DATEDIF($B$6,EDATE($B$5,$B$8)-1,"D")<150)),"Ya","Tidak") -> Ya | BW47: =IF(AND(Upaya_Debitur[[#This Row],[SP2?]]="Ya",DATEDIF($B$5,$B$6,"D")>=90,Upaya_Debitur[[#This Row],[Haircut Diperhitungkan]]+Upaya_Debitur[[#This Row],[Set Off Diperhitungkan]]+SUM(OFFSET(Upaya_Debitur[[#This Row],[1]],0,0,1,$B$7))<Upaya_Debitur[[#This Row],[Kewajiban Total]],OR($B$7-COUNTIF(OFFSET(Upaya_Debitur[[#This Row],[1]],0,0,1,$B$7),">="&Upaya_Debitur[[#This Row],[Angsuran Diperhitungkan]])>=3,DATEDIF($B$6,EDATE($B$5,$B$8)-1,"D")<120)),"Ya","Tidak") -> Ya | BX47: =IF(Upaya_Debitur[[#This Row],[Kondisi Debitur]]="Tidak ditemukan","Ya","Tidak") -> Tidak | BY47: =IF(AND(Upaya_Debitur[[#This Row],[SP3?]]="Ya",DATEDIF($B$5,$B$6,"D")>=90,Upaya_Debitur[[#This Row],[Haircut Diperhitungkan]]+Upaya_Debitur[[#This Row],[Set Off Diperhitungkan]]+SUM(OFFSET(Upaya_Debitur[[#This Row],[1]],0,0,1,$B$7))<Upaya_Debitur[[#This Row],[Kewajiban Total]]),"Ya","Tidak") -> Ya | BZ47: =IF(AND(Upaya_Debitur[[#This Row],[Iklan Cessie 1?]]="Ya",DATEDIF($B$5,$B$6,"D")>=120,Upaya_Debitur[[#This Row],[Haircut Diperhitungkan]]+Upaya_Debitur[[#This Row],[Set Off Diperhitungkan]]+SUM(OFFSET(Upaya_Debitur[[#This Row],[1]],0,0,1,$B$7))<Upaya_Debitur[[#This Row],[Kewajiban Total]]),"Ya","Tidak") -> Ya | CA47: =IF(AND(ISNUMBER(MATCH(Upaya_Debitur[[#This Row],[Wilayah Hukum]],$E$5:$E$12,0)),Upaya_Debitur[[#This Row],[SP3?]]="Ya",DATEDIF($B$5,$B$6,"D")>=120,Upaya_Debitur[[#This Row],[Haircut Diperhitungkan]]+Upaya_Debitur[[#This Row],[Set Off Diperhitungkan]]+SUM(OFFSET(Upaya_Debitur[[#This Row],[1]],0,0,1,$B$7))<Upaya_Debitur[[#This Row],[Kewajiban Total]],COUNTIFS(Upaya_Agunan[Nomor PK],Upaya_Debitur[[#This Row],[Nomor PK]],Upaya_Agunan[Agunan],"SHM")+COUNTIFS(Upaya_Agunan[Nomor PK],Upaya_Debitur[[#This Row],[Nomor PK]],Upaya_Agunan[Agunan],"SHGB")>0,AND(Upaya_Debitur[[#This Row],[Kewajiban Pokok]]<=500000000,Upaya_Debitur[[#This Row],[Kewajiban Pokok]]>50000000)),"Ya","Tidak") -> Tidak | CB47: 43781 | CC47: 43999 | CD47: 43826 | CE47: 43871 | CF47: 43887 | CG47: 43888 | CH47: 44057 | CI47: 44077 | CK47: =COUNTIF(Upaya_Debitur[[#This Row],[Surat Pemberitahuan?]:[Gugatan Sederhana?]],"Ya") -> 7 | CL47: =Upaya_Debitur[[#This Row],[Target Upaya]]-COUNTIFS(Upaya_Debitur[[#This Row],[Surat Pemberitahuan?]:[Gugatan Sederhana?]],"Ya",Upaya_Debitur[[#This Row],[Surat Pemberitahuan]:[Gugatan Sederhana]],"") -> 7 | CM47: =IF(ISNUMBER(Upaya_Debitur[[#This Row],[Realisasi]]/Upaya_Debitur[[#This Row],[Target Upaya]]),Upaya_Debitur[[#This Row],[Realisasi]]/Upaya_Debitur[[#This Row],[Target Upaya]],1) -> 1 | CQ47: 29 | CR47: =DATE(YEAR(CR46),MONTH(CR46)+2,1)-1 -> 44620 | CS47: =Periode[[#This Row],[Bulan Ke]] -> 29
A48: 30 | C48: 116/BBA-03/0552/V/1996 | D48: BAKHTIAR AM | E48: 4120000 | F48: 0 | G48: 0 | H48: =SUM(Upaya_Debitur[[#This Row],[Kewajiban Pokok]:[Kewajiban Denda]]) -> 4120000 | J48: =IF(ISNUMBER(Upaya_Debitur[[#This Row],[Angsuran Sesuai PK]]),Upaya_Debitur[[#This Row],[Angsuran Sesuai PK]],1) -> 1 | L48: Tidak ditemukan | S48: =IF(Upaya_Debitur[[#This Row],[Periode Haircut]]="",0,IF(Upaya_Debitur[[#This Row],[Periode Haircut]]<=$B$6,Upaya_Debitur[[#This Row],[Haircut]],0)) -> 0 | T48: =IF($B$10="",0,IF($B$10<=$B$6,Upaya_Debitur[[#This Row],[Set Off]],0)) -> 0 | U48: 0 | V48: 0 | W48: 0 | X48: 0 | Y48: 0 | Z48: 0 | AA48: 0 | AB48: 0 | AC48: 0 | AD48: 0 | AE48: 0 | AF48: 0 | AG48: 0 | AH48: 0 | AI48: 0 | BQ48: =SUM(OFFSET(Upaya_Debitur[[#This Row],[Haircut Diperhitungkan]],0,0,1,$B$7+2)) -> 0 | BR48: =IF(Upaya_Debitur[[#This Row],[Total Pencairan]]>=Upaya_Debitur[[#This Row],[Kewajiban Total]],"Lunas","Belum Lunas") -> Belum Lunas | BS48: ="Ya" -> Ya | BT48: ="Ya" -> Ya | BU48: =IF(AND(DATEDIF($B$5,$B$6,"D")>=30,Upaya_Debitur[[#This Row],[Haircut Diperhitungkan]]+Upaya_Debitur[[#This Row],[Set Off Diperhitungkan]]+SUM(OFFSET(Upaya_Debitur[[#This Row],[1]],0,0,1,$B$7))<Upaya_Debitur[[#This Row],[Kewajiban Total]],OR($B$7-COUNTIF(OFFSET(Upaya_Debitur[[#This Row],[1]],0,0,1,$B$7),">="&Upaya_Debitur[[#This Row],[Angsuran Diperhitungkan]])>=1,DATEDIF($B$6,EDATE($B$5,$B$8)-1,"D")<180)),"Ya","Tidak") -> Ya | BV48: =IF(AND(Upaya_Debitur[[#This Row],[SP 1?]]="Ya",DATEDIF($B$5,$B$6,"D")>=60,Upaya_Debitur[[#This Row],[Haircut Diperhitungkan]]+Upaya_Debitur[[#This Row],[Set Off Diperhitungkan]]+SUM(OFFSET(Upaya_Debitur[[#This Row],[1]],0,0,1,$B$7))<Upaya_Debitur[[#This Row],[Kewajiban Total]],OR($B$7-COUNTIF(OFFSET(Upaya_Debitur[[#This Row],[1]],0,0,1,$B$7),">="&Upaya_Debitur[[#This Row],[Angsuran Diperhitungkan]])>=2,DATEDIF($B$6,EDATE($B$5,$B$8)-1,"D")<150)),"Ya","Tidak") -> Ya | BW48: =IF(AND(Upaya_Debitur[[#This Row],[SP2?]]="Ya",DATEDIF($B$5,$B$6,"D")>=90,Upaya_Debitur[[#This Row],[Haircut Diperhitungkan]]+Upaya_Debitur[[#This Row],[Set Off Diperhitungkan]]+SUM(OFFSET(Upaya_Debitur[[#This Row],[1]],0,0,1,$B$7))<Upaya_Debitur[[#This Row],[Kewajiban Total]],OR($B$7-COUNTIF(OFFSET(Upaya_Debitur[[#This Row],[1]],0,0,1,$B$7),">="&Upaya_Debitur[[#This Row],[Angsuran Diperhitungkan]])>=3,DATEDIF($B$6,EDATE($B$5,$B$8)-1,"D")<120)),"Ya","Tidak") -> Ya | BX48: =IF(Upaya_Debitur[[#This Row],[Kondisi Debitur]]="Tidak ditemukan","Ya","Tidak") -> Ya | BY48: =IF(AND(Upaya_Debitur[[#This Row],[SP3?]]="Ya",DATEDIF($B$5,$B$6,"D")>=90,Upaya_Debitur[[#This Row],[Haircut Diperhitungkan]]+Upaya_Debitur[[#This Row],[Set Off Diperhitungkan]]+SUM(OFFSET(Upaya_Debitur[[#This Row],[1]],0,0,1,$B$7))<Upaya_Debitur[[#This Row],[Kewajiban Total]]),"Ya","Tidak") -> Ya | BZ48: =IF(AND(Upaya_Debitur[[#This Row],[Iklan Cessie 1?]]="Ya",DATEDIF($B$5,$B$6,"D")>=120,Upaya_Debitur[[#This Row],[Haircut Diperhitungkan]]+Upaya_Debitur[[#This Row],[Set Off Diperhitungkan]]+SUM(OFFSET(Upaya_Debitur[[#This Row],[1]],0,0,1,$B$7))<Upaya_Debitur[[#This Row],[Kewajiban Total]]),"Ya","Tidak") -> Ya | CA48: =IF(AND(ISNUMBER(MATCH(Upaya_Debitur[[#This Row],[Wilayah Hukum]],$E$5:$E$12,0)),Upaya_Debitur[[#This Row],[SP3?]]="Ya",DATEDIF($B$5,$B$6,"D")>=120,Upaya_Debitur[[#This Row],[Haircut Diperhitungkan]]+Upaya_Debitur[[#This Row],[Set Off Diperhitungkan]]+SUM(OFFSET(Upaya_Debitur[[#This Row],[1]],0,0,1,$B$7))<Upaya_Debitur[[#This Row],[Kewajiban Total]],COUNTIFS(Upaya_Agunan[Nomor PK],Upaya_Debitur[[#This Row],[Nomor PK]],Upaya_Agunan[Agunan],"SHM")+COUNTIFS(Upaya_Agunan[Nomor PK],Upaya_Debitur[[#This Row],[Nomor PK]],Upaya_Agunan[Agunan],"SHGB")>0,AND(Upaya_Debitur[[#This Row],[Kewajiban Pokok]]<=500000000,Upaya_Debitur[[#This Row],[Kewajiban Pokok]]>50000000)),"Ya","Tidak") -> Tidak | CB48: 43781 | CC48: 43999 | CD48: 43826 | CE48: 43871 | CF48: 43887 | CG48: 43888 | CH48: 44057 | CI48: 44077 | CK48: =COUNTIF(Upaya_Debitur[[#This Row],[Surat Pemberitahuan?]:[Gugatan Sederhana?]],"Ya") -> 8 | CL48: =Upaya_Debitur[[#This Row],[Target Upaya]]-COUNTIFS(Upaya_Debitur[[#This Row],[Surat Pemberitahuan?]:[Gugatan Sederhana?]],"Ya",Upaya_Debitur[[#This Row],[Surat Pemberitahuan]:[Gugatan Sederhana]],"") -> 8 | CM48: =IF(ISNUMBER(Upaya_Debitur[[#This Row],[Realisasi]]/Upaya_Debitur[[#This Row],[Target Upaya]]),Upaya_Debitur[[#This Row],[Realisasi]]/Upaya_Debitur[[#This Row],[Target Upaya]],1) -> 1 | CQ48: 30 | CR48: =DATE(YEAR(CR47),MONTH(CR47)+2,1)-1 -> 44651 | CS48: =Periode[[#This Row],[Bulan Ke]] -> 30
A49: 31 | C49: 110/BBA-03/1104/XI/1999 | D49: BALUKIAH RUDDIN, SH | E49: 500000 | F49: 0 | G49: 0 | H49: =SUM(Upaya_Debitur[[#This Row],[Kewajiban Pokok]:[Kewajiban Denda]]) -> 500000 | J49: =IF(ISNUMBER(Upaya_Debitur[[#This Row],[Angsuran Sesuai PK]]),Upaya_Debitur[[#This Row],[Angsuran Sesuai PK]],1) -> 1 | L49: Tidak ditemukan | S49: =IF(Upaya_Debitur[[#This Row],[Periode Haircut]]="",0,IF(Upaya_Debitur[[#This Row],[Periode Haircut]]<=$B$6,Upaya_Debitur[[#This Row],[Haircut]],0)) -> 0 | T49: =IF($B$10="",0,IF($B$10<=$B$6,Upaya_Debitur[[#This Row],[Set Off]],0)) -> 0 | U49: 0 | V49: 0 | W49: 0 | X49: 0 | Y49: 0 | Z49: 0 | AA49: 0 | AB49: 0 | AC49: 0 | AD49: 0 | AE49: 0 | AF49: 0 | AG49: 0 | AH49: 0 | AI49: 0 | BQ49: =SUM(OFFSET(Upaya_Debitur[[#This Row],[Haircut Diperhitungkan]],0,0,1,$B$7+2)) -> 0 | BR49: =IF(Upaya_Debitur[[#This Row],[Total Pencairan]]>=Upaya_Debitur[[#This Row],[Kewajiban Total]],"Lunas","Belum Lunas") -> Belum Lunas | BS49: ="Ya" -> Ya | BT49: ="Ya" -> Ya | BU49: =IF(AND(DATEDIF($B$5,$B$6,"D")>=30,Upaya_Debitur[[#This Row],[Haircut Diperhitungkan]]+Upaya_Debitur[[#This Row],[Set Off Diperhitungkan]]+SUM(OFFSET(Upaya_Debitur[[#This Row],[1]],0,0,1,$B$7))<Upaya_Debitur[[#This Row],[Kewajiban Total]],OR($B$7-COUNTIF(OFFSET(Upaya_Debitur[[#This Row],[1]],0,0,1,$B$7),">="&Upaya_Debitur[[#This Row],[Angsuran Diperhitungkan]])>=1,DATEDIF($B$6,EDATE($B$5,$B$8)-1,"D")<180)),"Ya","Tidak") -> Ya | BV49: =IF(AND(Upaya_Debitur[[#This Row],[SP 1?]]="Ya",DATEDIF($B$5,$B$6,"D")>=60,Upaya_Debitur[[#This Row],[Haircut Diperhitungkan]]+Upaya_Debitur[[#This Row],[Set Off Diperhitungkan]]+SUM(OFFSET(Upaya_Debitur[[#This Row],[1]],0,0,1,$B$7))<Upaya_Debitur[[#This Row],[Kewajiban Total]],OR($B$7-COUNTIF(OFFSET(Upaya_Debitur[[#This Row],[1]],0,0,1,$B$7),">="&Upaya_Debitur[[#This Row],[Angsuran Diperhitungkan]])>=2,DATEDIF($B$6,EDATE($B$5,$B$8)-1,"D")<150)),"Ya","Tidak") -> Ya | BW49: =IF(AND(Upaya_Debitur[[#This Row],[SP2?]]="Ya",DATEDIF($B$5,$B$6,"D")>=90,Upaya_Debitur[[#This Row],[Haircut Diperhitungkan]]+Upaya_Debitur[[#This Row],[Set Off Diperhitungkan]]+SUM(OFFSET(Upaya_Debitur[[#This Row],[1]],0,0,1,$B$7))<Upaya_Debitur[[#This Row],[Kewajiban Total]],OR($B$7-COUNTIF(OFFSET(Upaya_Debitur[[#This Row],[1]],0,0,1,$B$7),">="&Upaya_Debitur[[#This Row],[Angsuran Diperhitungkan]])>=3,DATEDIF($B$6,EDATE($B$5,$B$8)-1,"D")<120)),"Ya","Tidak") -> Ya | BX49: =IF(Upaya_Debitur[[#This Row],[Kondisi Debitur]]="Tidak ditemukan","Ya","Tidak") -> Ya | BY49: =IF(AND(Upaya_Debitur[[#This Row],[SP3?]]="Ya",DATEDIF($B$5,$B$6,"D")>=90,Upaya_Debitur[[#This Row],[Haircut Diperhitungkan]]+Upaya_Debitur[[#This Row],[Set Off Diperhitungkan]]+SUM(OFFSET(Upaya_Debitur[[#This Row],[1]],0,0,1,$B$7))<Upaya_Debitur[[#This Row],[Kewajiban Total]]),"Ya","Tidak") -> Ya | BZ49: =IF(AND(Upaya_Debitur[[#This Row],[Iklan Cessie 1?]]="Ya",DATEDIF($B$5,$B$6,"D")>=120,Upaya_Debitur[[#This Row],[Haircut Diperhitungkan]]+Upaya_Debitur[[#This Row],[Set Off Diperhitungkan]]+SUM(OFFSET(Upaya_Debitur[[#This Row],[1]],0,0,1,$B$7))<Upaya_Debitur[[#This Row],[Kewajiban Total]]),"Ya","Tidak") -> Ya | CA49: =IF(AND(ISNUMBER(MATCH(Upaya_Debitur[[#This Row],[Wilayah Hukum]],$E$5:$E$12,0)),Upaya_Debitur[[#This Row],[SP3?]]="Ya",DATEDIF($B$5,$B$6,"D")>=120,Upaya_Debitur[[#This Row],[Haircut Diperhitungkan]]+Upaya_Debitur[[#This Row],[Set Off Diperhitungkan]]+SUM(OFFSET(Upaya_Debitur[[#This Row],[1]],0,0,1,$B$7))<Upaya_Debitur[[#This Row],[Kewajiban Total]],COUNTIFS(Upaya_Agunan[Nomor PK],Upaya_Debitur[[#This Row],[Nomor PK]],Upaya_Agunan[Agunan],"SHM")+COUNTIFS(Upaya_Agunan[Nomor PK],Upaya_Debitur[[#This Row],[Nomor PK]],Upaya_Agunan[Agunan],"SHGB")>0,AND(Upaya_Debitur[[#This Row],[Kewajiban Pokok]]<=500000000,Upaya_Debitur[[#This Row],[Kewajiban Pokok]]>50000000)),"Ya","Tidak") -> Tidak | CB49: 43781 | CC49: 43999 | CD49: 43826 | CE49: 43871 | CF49: 43887 | CG49: 43888 | CH49: 44057 | CI49: 44077 | CK49: =COUNTIF(Upaya_Debitur[[#This Row],[Surat Pemberitahuan?]:[Gugatan Sederhana?]],"Ya") -> 8 | CL49: =Upaya_Debitur[[#This Row],[Target Upaya]]-COUNTIFS(Upaya_Debitur[[#This Row],[Surat Pemberitahuan?]:[Gugatan Sederhana?]],"Ya",Upaya_Debitur[[#This Row],[Surat Pemberitahuan]:[Gugatan Sederhana]],"") -> 8 | CM49: =IF(ISNUMBER(Upaya_Debitur[[#This Row],[Realisasi]]/Upaya_Debitur[[#This Row],[Target Upaya]]),Upaya_Debitur[[#This Row],[Realisasi]]/Upaya_Debitur[[#This Row],[Target Upaya]],1) -> 1 | CQ49: 31 | CR49: =DATE(YEAR(CR48),MONTH(CR48)+2,1)-1 -> 44681 | CS49: =Periode[[#This Row],[Bulan Ke]] -> 31
A50: 32 | C50: 124/MBA-02/1070/VIII/2003 | D50: BANTA HARIADY. A.Hd | E50: 1522595 | F50: 0 | G50: 0 | H50: =SUM(Upaya_Debitur[[#This Row],[Kewajiban Pokok]:[Kewajiban Denda]]) -> 1522595 | J50: =IF(ISNUMBER(Upaya_Debitur[[#This Row],[Angsuran Sesuai PK]]),Upaya_Debitur[[#This Row],[Angsuran Sesuai PK]],1) -> 1 | L50: Tidak ditemukan | S50: =IF(Upaya_Debitur[[#This Row],[Periode Haircut]]="",0,IF(Upaya_Debitur[[#This Row],[Periode Haircut]]<=$B$6,Upaya_Debitur[[#This Row],[Haircut]],0)) -> 0 | T50: =IF($B$10="",0,IF($B$10<=$B$6,Upaya_Debitur[[#This Row],[Set Off]],0)) -> 0 | U50: 0 | V50: 0 | W50: 0 | X50: 0 | Y50: 0 | Z50: 0 | AA50: 0 | AB50: 0 | AC50: 0 | AD50: 0 | AE50: 0 | AF50: 0 | AG50: 0 | AH50: 0 | AI50: 0 | BQ50: =SUM(OFFSET(Upaya_Debitur[[#This Row],[Haircut Diperhitungkan]],0,0,1,$B$7+2)) -> 0 | BR50: =IF(Upaya_Debitur[[#This Row],[Total Pencairan]]>=Upaya_Debitur[[#This Row],[Kewajiban Total]],"Lunas","Belum Lunas") -> Belum Lunas | BS50: ="Ya" -> Ya | BT50: ="Ya" -> Ya | BU50: =IF(AND(DATEDIF($B$5,$B$6,"D")>=30,Upaya_Debitur[[#This Row],[Haircut Diperhitungkan]]+Upaya_Debitur[[#This Row],[Set Off Diperhitungkan]]+SUM(OFFSET(Upaya_Debitur[[#This Row],[1]],0,0,1,$B$7))<Upaya_Debitur[[#This Row],[Kewajiban Total]],OR($B$7-COUNTIF(OFFSET(Upaya_Debitur[[#This Row],[1]],0,0,1,$B$7),">="&Upaya_Debitur[[#This Row],[Angsuran Diperhitungkan]])>=1,DATEDIF($B$6,EDATE($B$5,$B$8)-1,"D")<180)),"Ya","Tidak") -> Ya | BV50: =IF(AND(Upaya_Debitur[[#This Row],[SP 1?]]="Ya",DATEDIF($B$5,$B$6,"D")>=60,Upaya_Debitur[[#This Row],[Haircut Diperhitungkan]]+Upaya_Debitur[[#This Row],[Set Off Diperhitungkan]]+SUM(OFFSET(Upaya_Debitur[[#This Row],[1]],0,0,1,$B$7))<Upaya_Debitur[[#This Row],[Kewajiban Total]],OR($B$7-COUNTIF(OFFSET(Upaya_Debitur[[#This Row],[1]],0,0,1,$B$7),">="&Upaya_Debitur[[#This Row],[Angsuran Diperhitungkan]])>=2,DATEDIF($B$6,EDATE($B$5,$B$8)-1,"D")<150)),"Ya","Tidak") -> Ya | BW50: =IF(AND(Upaya_Debitur[[#This Row],[SP2?]]="Ya",DATEDIF($B$5,$B$6,"D")>=90,Upaya_Debitur[[#This Row],[Haircut Diperhitungkan]]+Upaya_Debitur[[#This Row],[Set Off Diperhitungkan]]+SUM(OFFSET(Upaya_Debitur[[#This Row],[1]],0,0,1,$B$7))<Upaya_Debitur[[#This Row],[Kewajiban Total]],OR($B$7-COUNTIF(OFFSET(Upaya_Debitur[[#This Row],[1]],0,0,1,$B$7),">="&Upaya_Debitur[[#This Row],[Angsuran Diperhitungkan]])>=3,DATEDIF($B$6,EDATE($B$5,$B$8)-1,"D")<120)),"Ya","Tidak") -> Ya | BX50: =IF(Upaya_Debitur[[#This Row],[Kondisi Debitur]]="Tidak ditemukan","Ya","Tidak") -> Ya | BY50: =IF(AND(Upaya_Debitur[[#This Row],[SP3?]]="Ya",DATEDIF($B$5,$B$6,"D")>=90,Upaya_Debitur[[#This Row],[Haircut Diperhitungkan]]+Upaya_Debitur[[#This Row],[Set Off Diperhitungkan]]+SUM(OFFSET(Upaya_Debitur[[#This Row],[1]],0,0,1,$B$7))<Upaya_Debitur[[#This Row],[Kewajiban Total]]),"Ya","Tidak") -> Ya | BZ50: =IF(AND(Upaya_Debitur[[#This Row],[Iklan Cessie 1?]]="Ya",DATEDIF($B$5,$B$6,"D")>=120,Upaya_Debitur[[#This Row],[Haircut Diperhitungkan]]+Upaya_Debitur[[#This Row],[Set Off Diperhitungkan]]+SUM(OFFSET(Upaya_Debitur[[#This Row],[1]],0,0,1,$B$7))<Upaya_Debitur[[#This Row],[Kewajiban Total]]),"Ya","Tidak") -> Ya | CA50: =IF(AND(ISNUMBER(MATCH(Upaya_Debitur[[#This Row],[Wilayah Hukum]],$E$5:$E$12,0)),Upaya_Debitur[[#This Row],[SP3?]]="Ya",DATEDIF($B$5,$B$6,"D")>=120,Upaya_Debitur[[#This Row],[Haircut Diperhitungkan]]+Upaya_Debitur[[#This Row],[Set Off Diperhitungkan]]+SUM(OFFSET(Upaya_Debitur[[#This Row],[1]],0,0,1,$B$7))<Upaya_Debitur[[#This Row],[Kewajiban Total]],COUNTIFS(Upaya_Agunan[Nomor PK],Upaya_Debitur[[#This Row],[Nomor PK]],Upaya_Agunan[Agunan],"SHM")+COUNTIFS(Upaya_Agunan[Nomor PK],Upaya_Debitur[[#This Row],[Nomor PK]],Upaya_Agunan[Agunan],"SHGB")>0,AND(Upaya_Debitur[[#This Row],[Kewajiban Pokok]]<=500000000,Upaya_Debitur[[#This Row],[Kewajiban Pokok]]>50000000)),"Ya","Tidak") -> Tidak | CB50: 43781 | CC50: 43999 | CD50: 43826 | CE50: 43871 | CF50: 43887 | CG50: 43888 | CH50: 44057 | CI50: 44077 | CK50: =COUNTIF(Upaya_Debitur[[#This Row],[Surat Pemberitahuan?]:[Gugatan Sederhana?]],"Ya") -> 8 | CL50: =Upaya_Debitur[[#This Row],[Target Upaya]]-COUNTIFS(Upaya_Debitur[[#This Row],[Surat Pemberitahuan?]:[Gugatan Sederhana?]],"Ya",Upaya_Debitur[[#This Row],[Surat Pemberitahuan]:[Gugatan Sederhana]],"") -> 8 | CM50: =IF(ISNUMBER(Upaya_Debitur[[#This Row],[Realisasi]]/Upaya_Debitur[[#This Row],[Target Upaya]]),Upaya_Debitur[[#This Row],[Realisasi]]/Upaya_Debitur[[#This Row],[Target Upaya]],1) -> 1 | CQ50: 32 | CR50: =DATE(YEAR(CR49),MONTH(CR49)+2,1)-1 -> 44712 | CS50: =Periode[[#This Row],[Bulan Ke]] -> 32
A51: 33 | C51: 84/MBA-02/1456/IV/2007 | D51: BASRI | E51: 532344 | F51: 0 | G51: 0 | H51: =SUM(Upaya_Debitur[[#This Row],[Kewajiban Pokok]:[Kewajiban Denda]]) -> 532344 | J51: =IF(ISNUMBER(Upaya_Debitur[[#This Row],[Angsuran Sesuai PK]]),Upaya_Debitur[[#This Row],[Angsuran Sesuai PK]],1) -> 1 | L51: Tidak ditemukan | S51: =IF(Upaya_Debitur[[#This Row],[Periode Haircut]]="",0,IF(Upaya_Debitur[[#This Row],[Periode Haircut]]<=$B$6,Upaya_Debitur[[#This Row],[Haircut]],0)) -> 0 | T51: =IF($B$10="",0,IF($B$10<=$B$6,Upaya_Debitur[[#This Row],[Set Off]],0)) -> 0 | U51: 0 | V51: 0 | W51: 0 | X51: 0 | Y51: 532344 | Z51: 0 | AA51: 0 | AB51: 0 | AC51: 0 | AD51: 0 | AE51: 0 | AF51: 0 | AG51: 0 | AH51: 0 | AI51: 0 | BQ51: =SUM(OFFSET(Upaya_Debitur[[#This Row],[Haircut Diperhitungkan]],0,0,1,$B$7+2)) -> 532344 | BR51: =IF(Upaya_Debitur[[#This Row],[Total Pencairan]]>=Upaya_Debitur[[#This Row],[Kewajiban Total]],"Lunas","Belum Lunas") -> Lunas | BS51: ="Ya" -> Ya | BT51: ="Ya" -> Ya | BU51: =IF(AND(DATEDIF($B$5,$B$6,"D")>=30,Upaya_Debitur[[#This Row],[Haircut Diperhitungkan]]+Upaya_Debitur[[#This Row],[Set Off Diperhitungkan]]+SUM(OFFSET(Upaya_Debitur[[#This Row],[1]],0,0,1,$B$7))<Upaya_Debitur[[#This Row],[Kewajiban Total]],OR($B$7-COUNTIF(OFFSET(Upaya_Debitur[[#This Row],[1]],0,0,1,$B$7),">="&Upaya_Debitur[[#This Row],[Angsuran Diperhitungkan]])>=1,DATEDIF($B$6,EDATE($B$5,$B$8)-1,"D")<180)),"Ya","Tidak") -> Tidak | BV51: =IF(AND(Upaya_Debitur[[#This Row],[SP 1?]]="Ya",DATEDIF($B$5,$B$6,"D")>=60,Upaya_Debitur[[#This Row],[Haircut Diperhitungkan]]+Upaya_Debitur[[#This Row],[Set Off Diperhitungkan]]+SUM(OFFSET(Upaya_Debitur[[#This Row],[1]],0,0,1,$B$7))<Upaya_Debitur[[#This Row],[Kewajiban Total]],OR($B$7-COUNTIF(OFFSET(Upaya_Debitur[[#This Row],[1]],0,0,1,$B$7),">="&Upaya_Debitur[[#This Row],[Angsuran Diperhitungkan]])>=2,DATEDIF($B$6,EDATE($B$5,$B$8)-1,"D")<150)),"Ya","Tidak") -> Tidak | BW51: =IF(AND(Upaya_Debitur[[#This Row],[SP2?]]="Ya",DATEDIF($B$5,$B$6,"D")>=90,Upaya_Debitur[[#This Row],[Haircut Diperhitungkan]]+Upaya_Debitur[[#This Row],[Set Off Diperhitungkan]]+SUM(OFFSET(Upaya_Debitur[[#This Row],[1]],0,0,1,$B$7))<Upaya_Debitur[[#This Row],[Kewajiban Total]],OR($B$7-COUNTIF(OFFSET(Upaya_Debitur[[#This Row],[1]],0,0,1,$B$7),">="&Upaya_Debitur[[#This Row],[Angsuran Diperhitungkan]])>=3,DATEDIF($B$6,EDATE($B$5,$B$8)-1,"D")<120)),"Ya","Tidak") -> Tidak | BX51: =IF(Upaya_Debitur[[#This Row],[Kondisi Debitur]]="Tidak ditemukan","Ya","Tidak") -> Ya | BY51: =IF(AND(Upaya_Debitur[[#This Row],[SP3?]]="Ya",DATEDIF($B$5,$B$6,"D")>=90,Upaya_Debitur[[#This Row],[Haircut Diperhitungkan]]+Upaya_Debitur[[#This Row],[Set Off Diperhitungkan]]+SUM(OFFSET(Upaya_Debitur[[#This Row],[1]],0,0,1,$B$7))<Upaya_Debitur[[#This Row],[Kewajiban Total]]),"Ya","Tidak") -> Tidak | BZ51: =IF(AND(Upaya_Debitur[[#This Row],[Iklan Cessie 1?]]="Ya",DATEDIF($B$5,$B$6,"D")>=120,Upaya_Debitur[[#This Row],[Haircut Diperhitungkan]]+Upaya_Debitur[[#This Row],[Set Off Diperhitungkan]]+SUM(OFFSET(Upaya_Debitur[[#This Row],[1]],0,0,1,$B$7))<Upaya_Debitur[[#This Row],[Kewajiban Total]]),"Ya","Tidak") -> Tidak | CA51: =IF(AND(ISNUMBER(MATCH(Upaya_Debitur[[#This Row],[Wilayah Hukum]],$E$5:$E$12,0)),Upaya_Debitur[[#This Row],[SP3?]]="Ya",DATEDIF($B$5,$B$6,"D")>=120,Upaya_Debitur[[#This Row],[Haircut Diperhitungkan]]+Upaya_Debitur[[#This Row],[Set Off Diperhitungkan]]+SUM(OFFSET(Upaya_Debitur[[#This Row],[1]],0,0,1,$B$7))<Upaya_Debitur[[#This Row],[Kewajiban Total]],COUNTIFS(Upaya_Agunan[Nomor PK],Upaya_Debitur[[#This Row],[Nomor PK]],Upaya_Agunan[Agunan],"SHM")+COUNTIFS(Upaya_Agunan[Nomor PK],Upaya_Debitur[[#This Row],[Nomor PK]],Upaya_Agunan[Agunan],"SHGB")>0,AND(Upaya_Debitur[[#This Row],[Kewajiban Pokok]]<=500000000,Upaya_Debitur[[#This Row],[Kewajiban Pokok]]>50000000)),"Ya","Tidak") -> Tidak | CB51: 43781 | CC51: 43999 | CD51: 43826 | CE51: 43871 | CG51: 44035 | CH51: 44057 | CI51: 44077 | CK51: =COUNTIF(Upaya_Debitur[[#This Row],[Surat Pemberitahuan?]:[Gugatan Sederhana?]],"Ya") -> 3 | CL51: =Upaya_Debitur[[#This Row],[Target Upaya]]-COUNTIFS(Upaya_Debitur[[#This Row],[Surat Pemberitahuan?]:[Gugatan Sederhana?]],"Ya",Upaya_Debitur[[#This Row],[Surat Pemberitahuan]:[Gugatan Sederhana]],"") -> 3 | CM51: =IF(ISNUMBER(Upaya_Debitur[[#This Row],[Realisasi]]/Upaya_Debitur[[#This Row],[Target Upaya]]),Upaya_Debitur[[#This Row],[Realisasi]]/Upaya_Debitur[[#This Row],[Target Upaya]],1) -> 1 | CQ51: 33 | CR51: =DATE(YEAR(CR50),MONTH(CR50)+2,1)-1 -> 44742 | CS51: =Periode[[#This Row],[Bulan Ke]] -> 33
A52: 34 | C52: 45/MDA/0073/I/1992 | D52: BASRI DAUD | E52: 434000 | F52: 0 | G52: 0 | H52: =SUM(Upaya_Debitur[[#This Row],[Kewajiban Pokok]:[Kewajiban Denda]]) -> 434000 | J52: =IF(ISNUMBER(Upaya_Debitur[[#This Row],[Angsuran Sesuai PK]]),Upaya_Debitur[[#This Row],[Angsuran Sesuai PK]],1) -> 1 | L52: Tidak ditemukan | S52: =IF(Upaya_Debitur[[#This Row],[Periode Haircut]]="",0,IF(Upaya_Debitur[[#This Row],[Periode Haircut]]<=$B$6,Upaya_Debitur[[#This Row],[Haircut]],0)) -> 0 | T52: =IF($B$10="",0,IF($B$10<=$B$6,Upaya_Debitur[[#This Row],[Set Off]],0)) -> 0 | U52: 0 | V52: 0 | W52: 0 | X52: 0 | Y52: 0 | Z52: 0 | AA52: 0 | AB52: 0 | AC52: 0 | AD52: 0 | AE52: 0 | AF52: 0 | AG52: 0 | AH52: 0 | AI52: 0 | BQ52: =SUM(OFFSET(Upaya_Debitur[[#This Row],[Haircut Diperhitungkan]],0,0,1,$B$7+2)) -> 0 | BR52: =IF(Upaya_Debitur[[#This Row],[Total Pencairan]]>=Upaya_Debitur[[#This Row],[Kewajiban Total]],"Lunas","Belum Lunas") -> Belum Lunas | BS52: ="Ya" -> Ya | BT52: ="Ya" -> Ya | BU52: =IF(AND(DATEDIF($B$5,$B$6,"D")>=30,Upaya_Debitur[[#This Row],[Haircut Diperhitungkan]]+Upaya_Debitur[[#This Row],[Set Off Diperhitungkan]]+SUM(OFFSET(Upaya_Debitur[[#This Row],[1]],0,0,1,$B$7))<Upaya_Debitur[[#This Row],[Kewajiban Total]],OR($B$7-COUNTIF(OFFSET(Upaya_Debitur[[#This Row],[1]],0,0,1,$B$7),">="&Upaya_Debitur[[#This Row],[Angsuran Diperhitungkan]])>=1,DATEDIF($B$6,EDATE($B$5,$B$8)-1,"D")<180)),"Ya","Tidak") -> Ya | BV52: =IF(AND(Upaya_Debitur[[#This Row],[SP 1?]]="Ya",DATEDIF($B$5,$B$6,"D")>=60,Upaya_Debitur[[#This Row],[Haircut Diperhitungkan]]+Upaya_Debitur[[#This Row],[Set Off Diperhitungkan]]+SUM(OFFSET(Upaya_Debitur[[#This Row],[1]],0,0,1,$B$7))<Upaya_Debitur[[#This Row],[Kewajiban Total]],OR($B$7-COUNTIF(OFFSET(Upaya_Debitur[[#This Row],[1]],0,0,1,$B$7),">="&Upaya_Debitur[[#This Row],[Angsuran Diperhitungkan]])>=2,DATEDIF($B$6,EDATE($B$5,$B$8)-1,"D")<150)),"Ya","Tidak") -> Ya | BW52: =IF(AND(Upaya_Debitur[[#This Row],[SP2?]]="Ya",DATEDIF($B$5,$B$6,"D")>=90,Upaya_Debitur[[#This Row],[Haircut Diperhitungkan]]+Upaya_Debitur[[#This Row],[Set Off Diperhitungkan]]+SUM(OFFSET(Upaya_Debitur[[#This Row],[1]],0,0,1,$B$7))<Upaya_Debitur[[#This Row],[Kewajiban Total]],OR($B$7-COUNTIF(OFFSET(Upaya_Debitur[[#This Row],[1]],0,0,1,$B$7),">="&Upaya_Debitur[[#This Row],[Angsuran Diperhitungkan]])>=3,DATEDIF($B$6,EDATE($B$5,$B$8)-1,"D")<120)),"Ya","Tidak") -> Ya | BX52: =IF(Upaya_Debitur[[#This Row],[Kondisi Debitur]]="Tidak ditemukan","Ya","Tidak") -> Ya | BY52: =IF(AND(Upaya_Debitur[[#This Row],[SP3?]]="Ya",DATEDIF($B$5,$B$6,"D")>=90,Upaya_Debitur[[#This Row],[Haircut Diperhitungkan]]+Upaya_Debitur[[#This Row],[Set Off Diperhitungkan]]+SUM(OFFSET(Upaya_Debitur[[#This Row],[1]],0,0,1,$B$7))<Upaya_Debitur[[#This Row],[Kewajiban Total]]),"Ya","Tidak") -> Ya | BZ52: =IF(AND(Upaya_Debitur[[#This Row],[Iklan Cessie 1?]]="Ya",DATEDIF($B$5,$B$6,"D")>=120,Upaya_Debitur[[#This Row],[Haircut Diperhitungkan]]+Upaya_Debitur[[#This Row],[Set Off Diperhitungkan]]+SUM(OFFSET(Upaya_Debitur[[#This Row],[1]],0,0,1,$B$7))<Upaya_Debitur[[#This Row],[Kewajiban Total]]),"Ya","Tidak") -> Ya | CA52: =IF(AND(ISNUMBER(MATCH(Upaya_Debitur[[#This Row],[Wilayah Hukum]],$E$5:$E$12,0)),Upaya_Debitur[[#This Row],[SP3?]]="Ya",DATEDIF($B$5,$B$6,"D")>=120,Upaya_Debitur[[#This Row],[Haircut Diperhitungkan]]+Upaya_Debitur[[#This Row],[Set Off Diperhitungkan]]+SUM(OFFSET(Upaya_Debitur[[#This Row],[1]],0,0,1,$B$7))<Upaya_Debitur[[#This Row],[Kewajiban Total]],COUNTIFS(Upaya_Agunan[Nomor PK],Upaya_Debitur[[#This Row],[Nomor PK]],Upaya_Agunan[Agunan],"SHM")+COUNTIFS(Upaya_Agunan[Nomor PK],Upaya_Debitur[[#This Row],[Nomor PK]],Upaya_Agunan[Agunan],"SHGB")>0,AND(Upaya_Debitur[[#This Row],[Kewajiban Pokok]]<=500000000,Upaya_Debitur[[#This Row],[Kewajiban Pokok]]>50000000)),"Ya","Tidak") -> Tidak | CB52: 43781 | CC52: 43999 | CD52: 43826 | CE52: 43871 | CF52: 43887 | CG52: 44035 | CH52: 44057 | CI52: 44077 | CK52: =COUNTIF(Upaya_Debitur[[#This Row],[Surat Pemberitahuan?]:[Gugatan Sederhana?]],"Ya") -> 8 | CL52: =Upaya_Debitur[[#This Row],[Target Upaya]]-COUNTIFS(Upaya_Debitur[[#This Row],[Surat Pemberitahuan?]:[Gugatan Sederhana?]],"Ya",Upaya_Debitur[[#This Row],[Surat Pemberitahuan]:[Gugatan Sederhana]],"") -> 8 | CM52: =IF(ISNUMBER(Upaya_Debitur[[#This Row],[Realisasi]]/Upaya_Debitur[[#This Row],[Target Upaya]]),Upaya_Debitur[[#This Row],[Realisasi]]/Upaya_Debitur[[#This Row],[Target Upaya]],1) -> 1 | CQ52: 34 | CR52: =DATE(YEAR(CR51),MONTH(CR51)+2,1)-1 -> 44773 | CS52: =Periode[[#This Row],[Bulan Ke]] -> 34
A53: 35 | C53: 019/MBA-02/0180/VI/1999 | D53: BONA HARISTA | E53: 3650000 | F53: 0 | G53: 0 | H53: =SUM(Upaya_Debitur[[#This Row],[Kewajiban Pokok]:[Kewajiban Denda]]) -> 3650000 | J53: =IF(ISNUMBER(Upaya_Debitur[[#This Row],[Angsuran Sesuai PK]]),Upaya_Debitur[[#This Row],[Angsuran Sesuai PK]],1) -> 1 | L53: Tidak ditemukan | S53: =IF(Upaya_Debitur[[#This Row],[Periode Haircut]]="",0,IF(Upaya_Debitur[[#This Row],[Periode Haircut]]<=$B$6,Upaya_Debitur[[#This Row],[Haircut]],0)) -> 0 | T53: =IF($B$10="",0,IF($B$10<=$B$6,Upaya_Debitur[[#This Row],[Set Off]],0)) -> 0 | U53: 0 | V53: 0 | W53: 0 | X53: 0 | Y53: 0 | Z53: 0 | AA53: 0 | AB53: 0 | AC53: 0 | AD53: 0 | AE53: 0 | AF53: 0 | AG53: 0 | AH53: 0 | AI53: 0 | BQ53: =SUM(OFFSET(Upaya_Debitur[[#This Row],[Haircut Diperhitungkan]],0,0,1,$B$7+2)) -> 0 | BR53: =IF(Upaya_Debitur[[#This Row],[Total Pencairan]]>=Upaya_Debitur[[#This Row],[Kewajiban Total]],"Lunas","Belum Lunas") -> Belum Lunas | BS53: ="Ya" -> Ya | BT53: ="Ya" -> Ya | BU53: =IF(AND(DATEDIF($B$5,$B$6,"D")>=30,Upaya_Debitur[[#This Row],[Haircut Diperhitungkan]]+Upaya_Debitur[[#This Row],[Set Off Diperhitungkan]]+SUM(OFFSET(Upaya_Debitur[[#This Row],[1]],0,0,1,$B$7))<Upaya_Debitur[[#This Row],[Kewajiban Total]],OR($B$7-COUNTIF(OFFSET(Upaya_Debitur[[#This Row],[1]],0,0,1,$B$7),">="&Upaya_Debitur[[#This Row],[Angsuran Diperhitungkan]])>=1,DATEDIF($B$6,EDATE($B$5,$B$8)-1,"D")<180)),"Ya","Tidak") -> Ya | BV53: =IF(AND(Upaya_Debitur[[#This Row],[SP 1?]]="Ya",DATEDIF($B$5,$B$6,"D")>=60,Upaya_Debitur[[#This Row],[Haircut Diperhitungkan]]+Upaya_Debitur[[#This Row],[Set Off Diperhitungkan]]+SUM(OFFSET(Upaya_Debitur[[#This Row],[1]],0,0,1,$B$7))<Upaya_Debitur[[#This Row],[Kewajiban Total]],OR($B$7-COUNTIF(OFFSET(Upaya_Debitur[[#This Row],[1]],0,0,1,$B$7),">="&Upaya_Debitur[[#This Row],[Angsuran Diperhitungkan]])>=2,DATEDIF($B$6,EDATE($B$5,$B$8)-1,"D")<150)),"Ya","Tidak") -> Ya | BW53: =IF(AND(Upaya_Debitur[[#This Row],[SP2?]]="Ya",DATEDIF($B$5,$B$6,"D")>=90,Upaya_Debitur[[#This Row],[Haircut Diperhitungkan]]+Upaya_Debitur[[#This Row],[Set Off Diperhitungkan]]+SUM(OFFSET(Upaya_Debitur[[#This Row],[1]],0,0,1,$B$7))<Upaya_Debitur[[#This Row],[Kewajiban Total]],OR($B$7-COUNTIF(OFFSET(Upaya_Debitur[[#This Row],[1]],0,0,1,$B$7),">="&Upaya_Debitur[[#This Row],[Angsuran Diperhitungkan]])>=3,DATEDIF($B$6,EDATE($B$5,$B$8)-1,"D")<120)),"Ya","Tidak") -> Ya | BX53: =IF(Upaya_Debitur[[#This Row],[Kondisi Debitur]]="Tidak ditemukan","Ya","Tidak") -> Ya | BY53: =IF(AND(Upaya_Debitur[[#This Row],[SP3?]]="Ya",DATEDIF($B$5,$B$6,"D")>=90,Upaya_Debitur[[#This Row],[Haircut Diperhitungkan]]+Upaya_Debitur[[#This Row],[Set Off Diperhitungkan]]+SUM(OFFSET(Upaya_Debitur[[#This Row],[1]],0,0,1,$B$7))<Upaya_Debitur[[#This Row],[Kewajiban Total]]),"Ya","Tidak") -> Ya | BZ53: =IF(AND(Upaya_Debitur[[#This Row],[Iklan Cessie 1?]]="Ya",DATEDIF($B$5,$B$6,"D")>=120,Upaya_Debitur[[#This Row],[Haircut Diperhitungkan]]+Upaya_Debitur[[#This Row],[Set Off Diperhitungkan]]+SUM(OFFSET(Upaya_Debitur[[#This Row],[1]],0,0,1,$B$7))<Upaya_Debitur[[#This Row],[Kewajiban Total]]),"Ya","Tidak") -> Ya | CA53: =IF(AND(ISNUMBER(MATCH(Upaya_Debitur[[#This Row],[Wilayah Hukum]],$E$5:$E$12,0)),Upaya_Debitur[[#This Row],[SP3?]]="Ya",DATEDIF($B$5,$B$6,"D")>=120,Upaya_Debitur[[#This Row],[Haircut Diperhitungkan]]+Upaya_Debitur[[#This Row],[Set Off Diperhitungkan]]+SUM(OFFSET(Upaya_Debitur[[#This Row],[1]],0,0,1,$B$7))<Upaya_Debitur[[#This Row],[Kewajiban Total]],COUNTIFS(Upaya_Agunan[Nomor PK],Upaya_Debitur[[#This Row],[Nomor PK]],Upaya_Agunan[Agunan],"SHM")+COUNTIFS(Upaya_Agunan[Nomor PK],Upaya_Debitur[[#This Row],[Nomor PK]],Upaya_Agunan[Agunan],"SHGB")>0,AND(Upaya_Debitur[[#This Row],[Kewajiban Pokok]]<=500000000,Upaya_Debitur[[#This Row],[Kewajiban Pokok]]>50000000)),"Ya","Tidak") -> Tidak | CB53: 43781 | CC53: 43999 | CD53: 43826 | CE53: 43871 | CF53: 43887 | CG53: 44035 | CH53: 44057 | CI53: 44077 | CK53: =COUNTIF(Upaya_Debitur[[#This Row],[Surat Pemberitahuan?]:[Gugatan Sederhana?]],"Ya") -> 8 | CL53: =Upaya_Debitur[[#This Row],[Target Upaya]]-COUNTIFS(Upaya_Debitur[[#This Row],[Surat Pemberitahuan?]:[Gugatan Sederhana?]],"Ya",Upaya_Debitur[[#This Row],[Surat Pemberitahuan]:[Gugatan Sederhana]],"") -> 8 | CM53: =IF(ISNUMBER(Upaya_Debitur[[#This Row],[Realisasi]]/Upaya_Debitur[[#This Row],[Target Upaya]]),Upaya_Debitur[[#This Row],[Realisasi]]/Upaya_Debitur[[#This Row],[Target Upaya]],1) -> 1 | CQ53: 35 | CR53: =DATE(YEAR(CR52),MONTH(CR52)+2,1)-1 -> 44804 | CS53: =Periode[[#This Row],[Bulan Ke]] -> 35
A54: 36 | C54: 186/BBA-03/1413/V/1994 | D54: BUCHARI | E54: 1200000 | F54: 0 | G54: 0 | H54: =SUM(Upaya_Debitur[[#This Row],[Kewajiban Pokok]:[Kewajiban Denda]]) -> 1200000 | J54: =IF(ISNUMBER(Upaya_Debitur[[#This Row],[Angsuran Sesuai PK]]),Upaya_Debitur[[#This Row],[Angsuran Sesuai PK]],1) -> 1 | L54: Tidak ditemukan | S54: =IF(Upaya_Debitur[[#This Row],[Periode Haircut]]="",0,IF(Upaya_Debitur[[#This Row],[Periode Haircut]]<=$B$6,Upaya_Debitur[[#This Row],[Haircut]],0)) -> 0 | T54: =IF($B$10="",0,IF($B$10<=$B$6,Upaya_Debitur[[#This Row],[Set Off]],0)) -> 0 | U54: 0 | V54: 0 | W54: 0 | X54: 0 | Y54: 0 | Z54: 0 | AA54: 0 | AB54: 0 | AC54: 0 | AD54: 0 | AE54: 0 | AF54: 0 | AG54: 0 | AH54: 0 | AI54: 0 | BQ54: =SUM(OFFSET(Upaya_Debitur[[#This Row],[Haircut Diperhitungkan]],0,0,1,$B$7+2)) -> 0 | BR54: =IF(Upaya_Debitur[[#This Row],[Total Pencairan]]>=Upaya_Debitur[[#This Row],[Kewajiban Total]],"Lunas","Belum Lunas") -> Belum Lunas | BS54: ="Ya" -> Ya | BT54: ="Ya" -> Ya | BU54: =IF(AND(DATEDIF($B$5,$B$6,"D")>=30,Upaya_Debitur[[#This Row],[Haircut Diperhitungkan]]+Upaya_Debitur[[#This Row],[Set Off Diperhitungkan]]+SUM(OFFSET(Upaya_Debitur[[#This Row],[1]],0,0,1,$B$7))<Upaya_Debitur[[#This Row],[Kewajiban Total]],OR($B$7-COUNTIF(OFFSET(Upaya_Debitur[[#This Row],[1]],0,0,1,$B$7),">="&Upaya_Debitur[[#This Row],[Angsuran Diperhitungkan]])>=1,DATEDIF($B$6,EDATE($B$5,$B$8)-1,"D")<180)),"Ya","Tidak") -> Ya | BV54: =IF(AND(Upaya_Debitur[[#This Row],[SP 1?]]="Ya",DATEDIF($B$5,$B$6,"D")>=60,Upaya_Debitur[[#This Row],[Haircut Diperhitungkan]]+Upaya_Debitur[[#This Row],[Set Off Diperhitungkan]]+SUM(OFFSET(Upaya_Debitur[[#This Row],[1]],0,0,1,$B$7))<Upaya_Debitur[[#This Row],[Kewajiban Total]],OR($B$7-COUNTIF(OFFSET(Upaya_Debitur[[#This Row],[1]],0,0,1,$B$7),">="&Upaya_Debitur[[#This Row],[Angsuran Diperhitungkan]])>=2,DATEDIF($B$6,EDATE($B$5,$B$8)-1,"D")<150)),"Ya","Tidak") -> Ya | BW54: =IF(AND(Upaya_Debitur[[#This Row],[SP2?]]="Ya",DATEDIF($B$5,$B$6,"D")>=90,Upaya_Debitur[[#This Row],[Haircut Diperhitungkan]]+Upaya_Debitur[[#This Row],[Set Off Diperhitungkan]]+SUM(OFFSET(Upaya_Debitur[[#This Row],[1]],0,0,1,$B$7))<Upaya_Debitur[[#This Row],[Kewajiban Total]],OR($B$7-COUNTIF(OFFSET(Upaya_Debitur[[#This Row],[1]],0,0,1,$B$7),">="&Upaya_Debitur[[#This Row],[Angsuran Diperhitungkan]])>=3,DATEDIF($B$6,EDATE($B$5,$B$8)-1,"D")<120)),"Ya","Tidak") -> Ya | BX54: =IF(Upaya_Debitur[[#This Row],[Kondisi Debitur]]="Tidak ditemukan","Ya","Tidak") -> Ya | BY54: =IF(AND(Upaya_Debitur[[#This Row],[SP3?]]="Ya",DATEDIF($B$5,$B$6,"D")>=90,Upaya_Debitur[[#This Row],[Haircut Diperhitungkan]]+Upaya_Debitur[[#This Row],[Set Off Diperhitungkan]]+SUM(OFFSET(Upaya_Debitur[[#This Row],[1]],0,0,1,$B$7))<Upaya_Debitur[[#This Row],[Kewajiban Total]]),"Ya","Tidak") -> Ya | BZ54: =IF(AND(Upaya_Debitur[[#This Row],[Iklan Cessie 1?]]="Ya",DATEDIF($B$5,$B$6,"D")>=120,Upaya_Debitur[[#This Row],[Haircut Diperhitungkan]]+Upaya_Debitur[[#This Row],[Set Off Diperhitungkan]]+SUM(OFFSET(Upaya_Debitur[[#This Row],[1]],0,0,1,$B$7))<Upaya_Debitur[[#This Row],[Kewajiban Total]]),"Ya","Tidak") -> Ya | CA54: =IF(AND(ISNUMBER(MATCH(Upaya_Debitur[[#This Row],[Wilayah Hukum]],$E$5:$E$12,0)),Upaya_Debitur[[#This Row],[SP3?]]="Ya",DATEDIF($B$5,$B$6,"D")>=120,Upaya_Debitur[[#This Row],[Haircut Diperhitungkan]]+Upaya_Debitur[[#This Row],[Set Off Diperhitungkan]]+SUM(OFFSET(Upaya_Debitur[[#This Row],[1]],0,0,1,$B$7))<Upaya_Debitur[[#This Row],[Kewajiban Total]],COUNTIFS(Upaya_Agunan[Nomor PK],Upaya_Debitur[[#This Row],[Nomor PK]],Upaya_Agunan[Agunan],"SHM")+COUNTIFS(Upaya_Agunan[Nomor PK],Upaya_Debitur[[#This Row],[Nomor PK]],Upaya_Agunan[Agunan],"SHGB")>0,AND(Upaya_Debitur[[#This Row],[Kewajiban Pokok]]<=500000000,Upaya_Debitur[[#This Row],[Kewajiban Pokok]]>50000000)),"Ya","Tidak") -> Tidak | CB54: 43781 | CC54: 43999 | CD54: 43826 | CE54: 43871 | CF54: 43887 | CG54: 43888 | CH54: 44057 | CI54: 44077 | CK54: =COUNTIF(Upaya_Debitur[[#This Row],[Surat Pemberitahuan?]:[Gugatan Sederhana?]],"Ya") -> 8 | CL54: =Upaya_Debitur[[#This Row],[Target Upaya]]-COUNTIFS(Upaya_Debitur[[#This Row],[Surat Pemberitahuan?]:[Gugatan Sederhana?]],"Ya",Upaya_Debitur[[#This Row],[Surat Pemberitahuan]:[Gugatan Sederhana]],"") -> 8 | CM54: =IF(ISNUMBER(Upaya_Debitur[[#This Row],[Realisasi]]/Upaya_Debitur[[#This Row],[Target Upaya]]),Upaya_Debitur[[#This Row],[Realisasi]]/Upaya_Debitur[[#This Row],[Target Upaya]],1) -> 1 | CQ54: 36 | CR54: =DATE(YEAR(CR53),MONTH(CR53)+2,1)-1 -> 44834 | CS54: =Periode[[#This Row],[Bulan Ke]] -> 36
A55: 37 | C55: 04/BAT-05/0004/X/1996 | D55: CHALIDI | E55: 230628 | F55: 0 | G55: 0 | H55: =SUM(Upaya_Debitur[[#This Row],[Kewajiban Pokok]:[Kewajiban Denda]]) -> 230628 | J55: =IF(ISNUMBER(Upaya_Debitur[[#This Row],[Angsuran Sesuai PK]]),Upaya_Debitur[[#This Row],[Angsuran Sesuai PK]],1) -> 1 | L55: Tidak ditemukan | S55: =IF(Upaya_Debitur[[#This Row],[Periode Haircut]]="",0,IF(Upaya_Debitur[[#This Row],[Periode Haircut]]<=$B$6,Upaya_Debitur[[#This Row],[Haircut]],0)) -> 0 | T55: =IF($B$10="",0,IF($B$10<=$B$6,Upaya_Debitur[[#This Row],[Set Off]],0)) -> 0 | U55: 0 | V55: 0 | W55: 0 | X55: 0 | Y55: 0 | Z55: 0 | AA55: 0 | AB55: 0 | AC55: 0 | AD55: 0 | AE55: 0 | AF55: 0 | AG55: 0 | AH55: 0 | AI55: 0 | BQ55: =SUM(OFFSET(Upaya_Debitur[[#This Row],[Haircut Diperhitungkan]],0,0,1,$B$7+2)) -> 0 | BR55: =IF(Upaya_Debitur[[#This Row],[Total Pencairan]]>=Upaya_Debitur[[#This Row],[Kewajiban Total]],"Lunas","Belum Lunas") -> Belum Lunas | BS55: ="Ya" -> Ya | BT55: ="Ya" -> Ya | BU55: =IF(AND(DATEDIF($B$5,$B$6,"D")>=30,Upaya_Debitur[[#This Row],[Haircut Diperhitungkan]]+Upaya_Debitur[[#This Row],[Set Off Diperhitungkan]]+SUM(OFFSET(Upaya_Debitur[[#This Row],[1]],0,0,1,$B$7))<Upaya_Debitur[[#This Row],[Kewajiban Total]],OR($B$7-COUNTIF(OFFSET(Upaya_Debitur[[#This Row],[1]],0,0,1,$B$7),">="&Upaya_Debitur[[#This Row],[Angsuran Diperhitungkan]])>=1,DATEDIF($B$6,EDATE($B$5,$B$8)-1,"D")<180)),"Ya","Tidak") -> Ya | BV55: =IF(AND(Upaya_Debitur[[#This Row],[SP 1?]]="Ya",DATEDIF($B$5,$B$6,"D")>=60,Upaya_Debitur[[#This Row],[Haircut Diperhitungkan]]+Upaya_Debitur[[#This Row],[Set Off Diperhitungkan]]+SUM(OFFSET(Upaya_Debitur[[#This Row],[1]],0,0,1,$B$7))<Upaya_Debitur[[#This Row],[Kewajiban Total]],OR($B$7-COUNTIF(OFFSET(Upaya_Debitur[[#This Row],[1]],0,0,1,$B$7),">="&Upaya_Debitur[[#This Row],[Angsuran Diperhitungkan]])>=2,DATEDIF($B$6,EDATE($B$5,$B$8)-1,"D")<150)),"Ya","Tidak") -> Ya | BW55: =IF(AND(Upaya_Debitur[[#This Row],[SP2?]]="Ya",DATEDIF($B$5,$B$6,"D")>=90,Upaya_Debitur[[#This Row],[Haircut Diperhitungkan]]+Upaya_Debitur[[#This Row],[Set Off Diperhitungkan]]+SUM(OFFSET(Upaya_Debitur[[#This Row],[1]],0,0,1,$B$7))<Upaya_Debitur[[#This Row],[Kewajiban Total]],OR($B$7-COUNTIF(OFFSET(Upaya_Debitur[[#This Row],[1]],0,0,1,$B$7),">="&Upaya_Debitur[[#This Row],[Angsuran Diperhitungkan]])>=3,DATEDIF($B$6,EDATE($B$5,$B$8)-1,"D")<120)),"Ya","Tidak") -> Ya | BX55: =IF(Upaya_Debitur[[#This Row],[Kondisi Debitur]]="Tidak ditemukan","Ya","Tidak") -> Ya | BY55: =IF(AND(Upaya_Debitur[[#This Row],[SP3?]]="Ya",DATEDIF($B$5,$B$6,"D")>=90,Upaya_Debitur[[#This Row],[Haircut Diperhitungkan]]+Upaya_Debitur[[#This Row],[Set Off Diperhitungkan]]+SUM(OFFSET(Upaya_Debitur[[#This Row],[1]],0,0,1,$B$7))<Upaya_Debitur[[#This Row],[Kewajiban Total]]),"Ya","Tidak") -> Ya | BZ55: =IF(AND(Upaya_Debitur[[#This Row],[Iklan Cessie 1?]]="Ya",DATEDIF($B$5,$B$6,"D")>=120,Upaya_Debitur[[#This Row],[Haircut Diperhitungkan]]+Upaya_Debitur[[#This Row],[Set Off Diperhitungkan]]+SUM(OFFSET(Upaya_Debitur[[#This Row],[1]],0,0,1,$B$7))<Upaya_Debitur[[#This Row],[Kewajiban Total]]),"Ya","Tidak") -> Ya | CA55: =IF(AND(ISNUMBER(MATCH(Upaya_Debitur[[#This Row],[Wilayah Hukum]],$E$5:$E$12,0)),Upaya_Debitur[[#This Row],[SP3?]]="Ya",DATEDIF($B$5,$B$6,"D")>=120,Upaya_Debitur[[#This Row],[Haircut Diperhitungkan]]+Upaya_Debitur[[#This Row],[Set Off Diperhitungkan]]+SUM(OFFSET(Upaya_Debitur[[#This Row],[1]],0,0,1,$B$7))<Upaya_Debitur[[#This Row],[Kewajiban Total]],COUNTIFS(Upaya_Agunan[Nomor PK],Upaya_Debitur[[#This Row],[Nomor PK]],Upaya_Agunan[Agunan],"SHM")+COUNTIFS(Upaya_Agunan[Nomor PK],Upaya_Debitur[[#This Row],[Nomor PK]],Upaya_Agunan[Agunan],"SHGB")>0,AND(Upaya_Debitur[[#This Row],[Kewajiban Pokok]]<=500000000,Upaya_Debitur[[#This Row],[Kewajiban Pokok]]>50000000)),"Ya","Tidak") -> Tidak | CB55: 43781 | CC55: 43999 | CD55: 43826 | CE55: 43871 | CF55: 43887 | CG55: 44035 | CH55: 44057 | CI55: 44077 | CK55: =COUNTIF(Upaya_Debitur[[#This Row],[Surat Pemberitahuan?]:[Gugatan Sederhana?]],"Ya") -> 8 | CL55: =Upaya_Debitur[[#This Row],[Target Upaya]]-COUNTIFS(Upaya_Debitur[[#This Row],[Surat Pemberitahuan?]:[Gugatan Sederhana?]],"Ya",Upaya_Debitur[[#This Row],[Surat Pemberitahuan]:[Gugatan Sederhana]],"") -> 8 | CM55: =IF(ISNUMBER(Upaya_Debitur[[#This Row],[Realisasi]]/Upaya_Debitur[[#This Row],[Target Upaya]]),Upaya_Debitur[[#This Row],[Realisasi]]/Upaya_Debitur[[#This Row],[Target Upaya]],1) -> 1 | CQ55: 37 | CR55: =DATE(YEAR(CR54),MONTH(CR54)+2,1)-1 -> 44865 | CS55: =Periode[[#This Row],[Bulan Ke]] -> 37
A56: 38 | C56: 004/BBA-03/1210/III/2001 | D56: CUT FAUZIAH | E56: 3299410 | F56: 0 | G56: 0 | H56: =SUM(Upaya_Debitur[[#This Row],[Kewajiban Pokok]:[Kewajiban Denda]]) -> 3299410 | J56: =IF(ISNUMBER(Upaya_Debitur[[#This Row],[Angsuran Sesuai PK]]),Upaya_Debitur[[#This Row],[Angsuran Sesuai PK]],1) -> 1 | L56: Tidak koperatif | S56: =IF(Upaya_Debitur[[#This Row],[Periode Haircut]]="",0,IF(Upaya_Debitur[[#This Row],[Periode Haircut]]<=$B$6,Upaya_Debitur[[#This Row],[Haircut]],0)) -> 0 | T56: =IF($B$10="",0,IF($B$10<=$B$6,Upaya_Debitur[[#This Row],[Set Off]],0)) -> 0 | U56: 0 | V56: 0 | W56: 0 | X56: 0 | Y56: 0 | Z56: 0 | AA56: 0 | AB56: 0 | AC56: 0 | AD56: 0 | AE56: 0 | AF56: 0 | AG56: 0 | AH56: 0 | AI56: 0 | BQ56: =SUM(OFFSET(Upaya_Debitur[[#This Row],[Haircut Diperhitungkan]],0,0,1,$B$7+2)) -> 0 | BR56: =IF(Upaya_Debitur[[#This Row],[Total Pencairan]]>=Upaya_Debitur[[#This Row],[Kewajiban Total]],"Lunas","Belum Lunas") -> Belum Lunas | BS56: ="Ya" -> Ya | BT56: ="Ya" -> Ya | BU56: =IF(AND(DATEDIF($B$5,$B$6,"D")>=30,Upaya_Debitur[[#This Row],[Haircut Diperhitungkan]]+Upaya_Debitur[[#This Row],[Set Off Diperhitungkan]]+SUM(OFFSET(Upaya_Debitur[[#This Row],[1]],0,0,1,$B$7))<Upaya_Debitur[[#This Row],[Kewajiban Total]],OR($B$7-COUNTIF(OFFSET(Upaya_Debitur[[#This Row],[1]],0,0,1,$B$7),">="&Upaya_Debitur[[#This Row],[Angsuran Diperhitungkan]])>=1,DATEDIF($B$6,EDATE($B$5,$B$8)-1,"D")<180)),"Ya","Tidak") -> Ya | BV56: =IF(AND(Upaya_Debitur[[#This Row],[SP 1?]]="Ya",DATEDIF($B$5,$B$6,"D")>=60,Upaya_Debitur[[#This Row],[Haircut Diperhitungkan]]+Upaya_Debitur[[#This Row],[Set Off Diperhitungkan]]+SUM(OFFSET(Upaya_Debitur[[#This Row],[1]],0,0,1,$B$7))<Upaya_Debitur[[#This Row],[Kewajiban Total]],OR($B$7-COUNTIF(OFFSET(Upaya_Debitur[[#This Row],[1]],0,0,1,$B$7),">="&Upaya_Debitur[[#This Row],[Angsuran Diperhitungkan]])>=2,DATEDIF($B$6,EDATE($B$5,$B$8)-1,"D")<150)),"Ya","Tidak") -> Ya | BW56: =IF(AND(Upaya_Debitur[[#This Row],[SP2?]]="Ya",DATEDIF($B$5,$B$6,"D")>=90,Upaya_Debitur[[#This Row],[Haircut Diperhitungkan]]+Upaya_Debitur[[#This Row],[Set Off Diperhitungkan]]+SUM(OFFSET(Upaya_Debitur[[#This Row],[1]],0,0,1,$B$7))<Upaya_Debitur[[#This Row],[Kewajiban Total]],OR($B$7-COUNTIF(OFFSET(Upaya_Debitur[[#This Row],[1]],0,0,1,$B$7),">="&Upaya_Debitur[[#This Row],[Angsuran Diperhitungkan]])>=3,DATEDIF($B$6,EDATE($B$5,$B$8)-1,"D")<120)),"Ya","Tidak") -> Ya | BX56: =IF(Upaya_Debitur[[#This Row],[Kondisi Debitur]]="Tidak ditemukan","Ya","Tidak") -> Tidak | BY56: =IF(AND(Upaya_Debitur[[#This Row],[SP3?]]="Ya",DATEDIF($B$5,$B$6,"D")>=90,Upaya_Debitur[[#This Row],[Haircut Diperhitungkan]]+Upaya_Debitur[[#This Row],[Set Off Diperhitungkan]]+SUM(OFFSET(Upaya_Debitur[[#This Row],[1]],0,0,1,$B$7))<Upaya_Debitur[[#This Row],[Kewajiban Total]]),"Ya","Tidak") -> Ya | BZ56: =IF(AND(Upaya_Debitur[[#This Row],[Iklan Cessie 1?]]="Ya",DATEDIF($B$5,$B$6,"D")>=120,Upaya_Debitur[[#This Row],[Haircut Diperhitungkan]]+Upaya_Debitur[[#This Row],[Set Off Diperhitungkan]]+SUM(OFFSET(Upaya_Debitur[[#This Row],[1]],0,0,1,$B$7))<Upaya_Debitur[[#This Row],[Kewajiban Total]]),"Ya","Tidak") -> Ya | CA56: =IF(AND(ISNUMBER(MATCH(Upaya_Debitur[[#This Row],[Wilayah Hukum]],$E$5:$E$12,0)),Upaya_Debitur[[#This Row],[SP3?]]="Ya",DATEDIF($B$5,$B$6,"D")>=120,Upaya_Debitur[[#This Row],[Haircut Diperhitungkan]]+Upaya_Debitur[[#This Row],[Set Off Diperhitungkan]]+SUM(OFFSET(Upaya_Debitur[[#This Row],[1]],0,0,1,$B$7))<Upaya_Debitur[[#This Row],[Kewajiban Total]],COUNTIFS(Upaya_Agunan[Nomor PK],Upaya_Debitur[[#This Row],[Nomor PK]],Upaya_Agunan[Agunan],"SHM")+COUNTIFS(Upaya_Agunan[Nomor PK],Upaya_Debitur[[#This Row],[Nomor PK]],Upaya_Agunan[Agunan],"SHGB")>0,AND(Upaya_Debitur[[#This Row],[Kewajiban Pokok]]<=500000000,Upaya_Debitur[[#This Row],[Kewajiban Pokok]]>50000000)),"Ya","Tidak") -> Tidak | CB56: 43781 | CC56: 43999 | CD56: 43826 | CE56: 43871 | CF56: 43887 | CH56: 44057 | CI56: 44077 | CK56: =COUNTIF(Upaya_Debitur[[#This Row],[Surat Pemberitahuan?]:[Gugatan Sederhana?]],"Ya") -> 7 | CL56: =Upaya_Debitur[[#This Row],[Target Upaya]]-COUNTIFS(Upaya_Debitur[[#This Row],[Surat Pemberitahuan?]:[Gugatan Sederhana?]],"Ya",Upaya_Debitur[[#This Row],[Surat Pemberitahuan]:[Gugatan Sederhana]],"") -> 7 | CM56: =IF(ISNUMBER(Upaya_Debitur[[#This Row],[Realisasi]]/Upaya_Debitur[[#This Row],[Target Upaya]]),Upaya_Debitur[[#This Row],[Realisasi]]/Upaya_Debitur[[#This Row],[Target Upaya]],1) -> 1 | CQ56: 38 | CR56: =DATE(YEAR(CR55),MONTH(CR55)+2,1)-1 -> 44895 | CS56: =Periode[[#This Row],[Bulan Ke]] -> 38
A57: 39 | C57: 159/BBA-03/0876/X/1997 | D57: CUT RATNA | E57: 2856000 | F57: 0 | G57: 0 | H57: =SUM(Upaya_Debitur[[#This Row],[Kewajiban Pokok]:[Kewajiban Denda]]) -> 2856000 | J57: =IF(ISNUMBER(Upaya_Debitur[[#This Row],[Angsuran Sesuai PK]]),Upaya_Debitur[[#This Row],[Angsuran Sesuai PK]],1) -> 1 | L57: Tidak koperatif | S57: =IF(Upaya_Debitur[[#This Row],[Periode Haircut]]="",0,IF(Upaya_Debitur[[#This Row],[Periode Haircut]]<=$B$6,Upaya_Debitur[[#This Row],[Haircut]],0)) -> 0 | T57: =IF($B$10="",0,IF($B$10<=$B$6,Upaya_Debitur[[#This Row],[Set Off]],0)) -> 0 | U57: 0 | V57: 0 | W57: 0 | X57: 0 | Y57: 0 | Z57: 0 | AA57: 0 | AB57: 0 | AC57: 0 | AD57: 0 | AE57: 0 | AF57: 0 | AG57: 0 | AH57: 0 | AI57: 0 | BQ57: =SUM(OFFSET(Upaya_Debitur[[#This Row],[Haircut Diperhitungkan]],0,0,1,$B$7+2)) -> 0 | BR57: =IF(Upaya_Debitur[[#This Row],[Total Pencairan]]>=Upaya_Debitur[[#This Row],[Kewajiban Total]],"Lunas","Belum Lunas") -> Belum Lunas | BS57: ="Ya" -> Ya | BT57: ="Ya" -> Ya | BU57: =IF(AND(DATEDIF($B$5,$B$6,"D")>=30,Upaya_Debitur[[#This Row],[Haircut Diperhitungkan]]+Upaya_Debitur[[#This Row],[Set Off Diperhitungkan]]+SUM(OFFSET(Upaya_Debitur[[#This Row],[1]],0,0,1,$B$7))<Upaya_Debitur[[#This Row],[Kewajiban Total]],OR($B$7-COUNTIF(OFFSET(Upaya_Debitur[[#This Row],[1]],0,0,1,$B$7),">="&Upaya_Debitur[[#This Row],[Angsuran Diperhitungkan]])>=1,DATEDIF($B$6,EDATE($B$5,$B$8)-1,"D")<180)),"Ya","Tidak") -> Ya | BV57: =IF(AND(Upaya_Debitur[[#This Row],[SP 1?]]="Ya",DATEDIF($B$5,$B$6,"D")>=60,Upaya_Debitur[[#This Row],[Haircut Diperhitungkan]]+Upaya_Debitur[[#This Row],[Set Off Diperhitungkan]]+SUM(OFFSET(Upaya_Debitur[[#This Row],[1]],0,0,1,$B$7))<Upaya_Debitur[[#This Row],[Kewajiban Total]],OR($B$7-COUNTIF(OFFSET(Upaya_Debitur[[#This Row],[1]],0,0,1,$B$7),">="&Upaya_Debitur[[#This Row],[Angsuran Diperhitungkan]])>=2,DATEDIF($B$6,EDATE($B$5,$B$8)-1,"D")<150)),"Ya","Tidak") -> Ya | BW57: =IF(AND(Upaya_Debitur[[#This Row],[SP2?]]="Ya",DATEDIF($B$5,$B$6,"D")>=90,Upaya_Debitur[[#This Row],[Haircut Diperhitungkan]]+Upaya_Debitur[[#This Row],[Set Off Diperhitungkan]]+SUM(OFFSET(Upaya_Debitur[[#This Row],[1]],0,0,1,$B$7))<Upaya_Debitur[[#This Row],[Kewajiban Total]],OR($B$7-COUNTIF(OFFSET(Upaya_Debitur[[#This Row],[1]],0,0,1,$B$7),">="&Upaya_Debitur[[#This Row],[Angsuran Diperhitungkan]])>=3,DATEDIF($B$6,EDATE($B$5,$B$8)-1,"D")<120)),"Ya","Tidak") -> Ya | BX57: =IF(Upaya_Debitur[[#This Row],[Kondisi Debitur]]="Tidak ditemukan","Ya","Tidak") -> Tidak | BY57: =IF(AND(Upaya_Debitur[[#This Row],[SP3?]]="Ya",DATEDIF($B$5,$B$6,"D")>=90,Upaya_Debitur[[#This Row],[Haircut Diperhitungkan]]+Upaya_Debitur[[#This Row],[Set Off Diperhitungkan]]+SUM(OFFSET(Upaya_Debitur[[#This Row],[1]],0,0,1,$B$7))<Upaya_Debitur[[#This Row],[Kewajiban Total]]),"Ya","Tidak") -> Ya | BZ57: =IF(AND(Upaya_Debitur[[#This Row],[Iklan Cessie 1?]]="Ya",DATEDIF($B$5,$B$6,"D")>=120,Upaya_Debitur[[#This Row],[Haircut Diperhitungkan]]+Upaya_Debitur[[#This Row],[Set Off Diperhitungkan]]+SUM(OFFSET(Upaya_Debitur[[#This Row],[1]],0,0,1,$B$7))<Upaya_Debitur[[#This Row],[Kewajiban Total]]),"Ya","Tidak") -> Ya | CA57: =IF(AND(ISNUMBER(MATCH(Upaya_Debitur[[#This Row],[Wilayah Hukum]],$E$5:$E$12,0)),Upaya_Debitur[[#This Row],[SP3?]]="Ya",DATEDIF($B$5,$B$6,"D")>=120,Upaya_Debitur[[#This Row],[Haircut Diperhitungkan]]+Upaya_Debitur[[#This Row],[Set Off Diperhitungkan]]+SUM(OFFSET(Upaya_Debitur[[#This Row],[1]],0,0,1,$B$7))<Upaya_Debitur[[#This Row],[Kewajiban Total]],COUNTIFS(Upaya_Agunan[Nomor PK],Upaya_Debitur[[#This Row],[Nomor PK]],Upaya_Agunan[Agunan],"SHM")+COUNTIFS(Upaya_Agunan[Nomor PK],Upaya_Debitur[[#This Row],[Nomor PK]],Upaya_Agunan[Agunan],"SHGB")>0,AND(Upaya_Debitur[[#This Row],[Kewajiban Pokok]]<=500000000,Upaya_Debitur[[#This Row],[Kewajiban Pokok]]>50000000)),"Ya","Tidak") -> Tidak | CB57: 43781 | CC57: 43999 | CD57: 43826 | CE57: 43871 | CF57: 43887 | CG57: 43888 | CH57: 44057 | CI57: 44077 | CK57: =COUNTIF(Upaya_Debitur[[#This Row],[Surat Pemberitahuan?]:[Gugatan Sederhana?]],"Ya") -> 7 | CL57: =Upaya_Debitur[[#This Row],[Target Upaya]]-COUNTIFS(Upaya_Debitur[[#This Row],[Surat Pemberitahuan?]:[Gugatan Sederhana?]],"Ya",Upaya_Debitur[[#This Row],[Surat Pemberitahuan]:[Gugatan Sederhana]],"") -> 7 | CM57: =IF(ISNUMBER(Upaya_Debitur[[#This Row],[Realisasi]]/Upaya_Debitur[[#This Row],[Target Upaya]]),Upaya_Debitur[[#This Row],[Realisasi]]/Upaya_Debitur[[#This Row],[Target Upaya]],1) -> 1 | CQ57: 39 | CR57: =DATE(YEAR(CR56),MONTH(CR56)+2,1)-1 -> 44926 | CS57: =Periode[[#This Row],[Bulan Ke]] -> 39
A58: 40 | C58: 256/MBA-02/0898/IX/2002 | D58: CUT SANIAH | E58: 799033 | F58: 0 | G58: 0 | H58: =SUM(Upaya_Debitur[[#This Row],[Kewajiban Pokok]:[Kewajiban Denda]]) -> 799033 | J58: =IF(ISNUMBER(Upaya_Debitur[[#This Row],[Angsuran Sesuai PK]]),Upaya_Debitur[[#This Row],[Angsuran Sesuai PK]],1) -> 1 | L58: Tidak ditemukan | S58: =IF(Upaya_Debitur[[#This Row],[Periode Haircut]]="",0,IF(Upaya_Debitur[[#This Row],[Periode Haircut]]<=$B$6,Upaya_Debitur[[#This Row],[Haircut]],0)) -> 0 | T58: =IF($B$10="",0,IF($B$10<=$B$6,Upaya_Debitur[[#This Row],[Set Off]],0)) -> 0 | U58: 0 | V58: 0 | W58: 0 | X58: 0 | Y58: 0 | Z58: 0 | AA58: 0 | AB58: 0 | AC58: 0 | AD58: 0 | AE58: 0 | AF58: 0 | AG58: 0 | AH58: 0 | AI58: 0 | BQ58: =SUM(OFFSET(Upaya_Debitur[[#This Row],[Haircut Diperhitungkan]],0,0,1,$B$7+2)) -> 0 | BR58: =IF(Upaya_Debitur[[#This Row],[Total Pencairan]]>=Upaya_Debitur[[#This Row],[Kewajiban Total]],"Lunas","Belum Lunas") -> Belum Lunas | BS58: ="Ya" -> Ya | BT58: ="Ya" -> Ya | BU58: =IF(AND(DATEDIF($B$5,$B$6,"D")>=30,Upaya_Debitur[[#This Row],[Haircut Diperhitungkan]]+Upaya_Debitur[[#This Row],[Set Off Diperhitungkan]]+SUM(OFFSET(Upaya_Debitur[[#This Row],[1]],0,0,1,$B$7))<Upaya_Debitur[[#This Row],[Kewajiban Total]],OR($B$7-COUNTIF(OFFSET(Upaya_Debitur[[#This Row],[1]],0,0,1,$B$7),">="&Upaya_Debitur[[#This Row],[Angsuran Diperhitungkan]])>=1,DATEDIF($B$6,EDATE($B$5,$B$8)-1,"D")<180)),"Ya","Tidak") -> Ya | BV58: =IF(AND(Upaya_Debitur[[#This Row],[SP 1?]]="Ya",DATEDIF($B$5,$B$6,"D")>=60,Upaya_Debitur[[#This Row],[Haircut Diperhitungkan]]+Upaya_Debitur[[#This Row],[Set Off Diperhitungkan]]+SUM(OFFSET(Upaya_Debitur[[#This Row],[1]],0,0,1,$B$7))<Upaya_Debitur[[#This Row],[Kewajiban Total]],OR($B$7-COUNTIF(OFFSET(Upaya_Debitur[[#This Row],[1]],0,0,1,$B$7),">="&Upaya_Debitur[[#This Row],[Angsuran Diperhitungkan]])>=2,DATEDIF($B$6,EDATE($B$5,$B$8)-1,"D")<150)),"Ya","Tidak") -> Ya | BW58: =IF(AND(Upaya_Debitur[[#This Row],[SP2?]]="Ya",DATEDIF($B$5,$B$6,"D")>=90,Upaya_Debitur[[#This Row],[Haircut Diperhitungkan]]+Upaya_Debitur[[#This Row],[Set Off Diperhitungkan]]+SUM(OFFSET(Upaya_Debitur[[#This Row],[1]],0,0,1,$B$7))<Upaya_Debitur[[#This Row],[Kewajiban Total]],OR($B$7-COUNTIF(OFFSET(Upaya_Debitur[[#This Row],[1]],0,0,1,$B$7),">="&Upaya_Debitur[[#This Row],[Angsuran Diperhitungkan]])>=3,DATEDIF($B$6,EDATE($B$5,$B$8)-1,"D")<120)),"Ya","Tidak") -> Ya | BX58: =IF(Upaya_Debitur[[#This Row],[Kondisi Debitur]]="Tidak ditemukan","Ya","Tidak") -> Ya | BY58: =IF(AND(Upaya_Debitur[[#This Row],[SP3?]]="Ya",DATEDIF($B$5,$B$6,"D")>=90,Upaya_Debitur[[#This Row],[Haircut Diperhitungkan]]+Upaya_Debitur[[#This Row],[Set Off Diperhitungkan]]+SUM(OFFSET(Upaya_Debitur[[#This Row],[1]],0,0,1,$B$7))<Upaya_Debitur[[#This Row],[Kewajiban Total]]),"Ya","Tidak") -> Ya | BZ58: =IF(AND(Upaya_Debitur[[#This Row],[Iklan Cessie 1?]]="Ya",DATEDIF($B$5,$B$6,"D")>=120,Upaya_Debitur[[#This Row],[Haircut Diperhitungkan]]+Upaya_Debitur[[#This Row],[Set Off Diperhitungkan]]+SUM(OFFSET(Upaya_Debitur[[#This Row],[1]],0,0,1,$B$7))<Upaya_Debitur[[#This Row],[Kewajiban Total]]),"Ya","Tidak") -> Ya | CA58: =IF(AND(ISNUMBER(MATCH(Upaya_Debitur[[#This Row],[Wilayah Hukum]],$E$5:$E$12,0)),Upaya_Debitur[[#This Row],[SP3?]]="Ya",DATEDIF($B$5,$B$6,"D")>=120,Upaya_Debitur[[#This Row],[Haircut Diperhitungkan]]+Upaya_Debitur[[#This Row],[Set Off Diperhitungkan]]+SUM(OFFSET(Upaya_Debitur[[#This Row],[1]],0,0,1,$B$7))<Upaya_Debitur[[#This Row],[Kewajiban Total]],COUNTIFS(Upaya_Agunan[Nomor PK],Upaya_Debitur[[#This Row],[Nomor PK]],Upaya_Agunan[Agunan],"SHM")+COUNTIFS(Upaya_Agunan[Nomor PK],Upaya_Debitur[[#This Row],[Nomor PK]],Upaya_Agunan[Agunan],"SHGB")>0,AND(Upaya_Debitur[[#This Row],[Kewajiban Pokok]]<=500000000,Upaya_Debitur[[#This Row],[Kewajiban Pokok]]>50000000)),"Ya","Tidak") -> Tidak | CB58: 43781 | CC58: 43999 | CD58: 43826 | CE58: 43871 | CF58: 43887 | CG58: 43888 | CH58: 44057 | CI58: 44077 | CK58: =COUNTIF(Upaya_Debitur[[#This Row],[Surat Pemberitahuan?]:[Gugatan Sederhana?]],"Ya") -> 8 | CL58: =Upaya_Debitur[[#This Row],[Target Upaya]]-COUNTIFS(Upaya_Debitur[[#This Row],[Surat Pemberitahuan?]:[Gugatan Sederhana?]],"Ya",Upaya_Debitur[[#This Row],[Surat Pemberitahuan]:[Gugatan Sederhana]],"") -> 8 | CM58: =IF(ISNUMBER(Upaya_Debitur[[#This Row],[Realisasi]]/Upaya_Debitur[[#This Row],[Target Upaya]]),Upaya_Debitur[[#This Row],[Realisasi]]/Upaya_Debitur[[#This Row],[Target Upaya]],1) -> 1 | CQ58: 40 | CR58: =DATE(YEAR(CR57),MONTH(CR57)+2,1)-1 -> 44957 | CS58: =Periode[[#This Row],[Bulan Ke]] -> 40
A59: 41 | C59: 08/MBA-02/1380/I/2007 | D59: CUT YUSRIATI UMAR | E59: 5740100 | F59: 0 | G59: 0 | H59: =SUM(Upaya_Debitur[[#This Row],[Kewajiban Pokok]:[Kewajiban Denda]]) -> 5740100 | J59: =IF(ISNUMBER(Upaya_Debitur[[#This Row],[Angsuran Sesuai PK]]),Upaya_Debitur[[#This Row],[Angsuran Sesuai PK]],1) -> 1 | L59: Tidak ditemukan | S59: =IF(Upaya_Debitur[[#This Row],[Periode Haircut]]="",0,IF(Upaya_Debitur[[#This Row],[Periode Haircut]]<=$B$6,Upaya_Debitur[[#This Row],[Haircut]],0)) -> 0 | T59: =IF($B$10="",0,IF($B$10<=$B$6,Upaya_Debitur[[#This Row],[Set Off]],0)) -> 0 | U59: 0 | V59: 0 | W59: 0 | X59: 0 | Y59: 0 | Z59: 0 | AA59: 0 | AB59: 0 | AC59: 0 | AD59: 0 | AE59: 0 | AF59: 0 | AG59: 0 | AH59: 0 | AI59: 0 | BQ59: =SUM(OFFSET(Upaya_Debitur[[#This Row],[Haircut Diperhitungkan]],0,0,1,$B$7+2)) -> 0 | BR59: =IF(Upaya_Debitur[[#This Row],[Total Pencairan]]>=Upaya_Debitur[[#This Row],[Kewajiban Total]],"Lunas","Belum Lunas") -> Belum Lunas | BS59: ="Ya" -> Ya | BT59: ="Ya" -> Ya | BU59: =IF(AND(DATEDIF($B$5,$B$6,"D")>=30,Upaya_Debitur[[#This Row],[Haircut Diperhitungkan]]+Upaya_Debitur[[#This Row],[Set Off Diperhitungkan]]+SUM(OFFSET(Upaya_Debitur[[#This Row],[1]],0,0,1,$B$7))<Upaya_Debitur[[#This Row],[Kewajiban Total]],OR($B$7-COUNTIF(OFFSET(Upaya_Debitur[[#This Row],[1]],0,0,1,$B$7),">="&Upaya_Debitur[[#This Row],[Angsuran Diperhitungkan]])>=1,DATEDIF($B$6,EDATE($B$5,$B$8)-1,"D")<180)),"Ya","Tidak") -> Ya | BV59: =IF(AND(Upaya_Debitur[[#This Row],[SP 1?]]="Ya",DATEDIF($B$5,$B$6,"D")>=60,Upaya_Debitur[[#This Row],[Haircut Diperhitungkan]]+Upaya_Debitur[[#This Row],[Set Off Diperhitungkan]]+SUM(OFFSET(Upaya_Debitur[[#This Row],[1]],0,0,1,$B$7))<Upaya_Debitur[[#This Row],[Kewajiban Total]],OR($B$7-COUNTIF(OFFSET(Upaya_Debitur[[#This Row],[1]],0,0,1,$B$7),">="&Upaya_Debitur[[#This Row],[Angsuran Diperhitungkan]])>=2,DATEDIF($B$6,EDATE($B$5,$B$8)-1,"D")<150)),"Ya","Tidak") -> Ya | BW59: =IF(AND(Upaya_Debitur[[#This Row],[SP2?]]="Ya",DATEDIF($B$5,$B$6,"D")>=90,Upaya_Debitur[[#This Row],[Haircut Diperhitungkan]]+Upaya_Debitur[[#This Row],[Set Off Diperhitungkan]]+SUM(OFFSET(Upaya_Debitur[[#This Row],[1]],0,0,1,$B$7))<Upaya_Debitur[[#This Row],[Kewajiban Total]],OR($B$7-COUNTIF(OFFSET(Upaya_Debitur[[#This Row],[1]],0,0,1,$B$7),">="&Upaya_Debitur[[#This Row],[Angsuran Diperhitungkan]])>=3,DATEDIF($B$6,EDATE($B$5,$B$8)-1,"D")<120)),"Ya","Tidak") -> Ya | BX59: =IF(Upaya_Debitur[[#This Row],[Kondisi Debitur]]="Tidak ditemukan","Ya","Tidak") -> Ya | BY59: =IF(AND(Upaya_Debitur[[#This Row],[SP3?]]="Ya",DATEDIF($B$5,$B$6,"D")>=90,Upaya_Debitur[[#This Row],[Haircut Diperhitungkan]]+Upaya_Debitur[[#This Row],[Set Off Diperhitungkan]]+SUM(OFFSET(Upaya_Debitur[[#This Row],[1]],0,0,1,$B$7))<Upaya_Debitur[[#This Row],[Kewajiban Total]]),"Ya","Tidak") -> Ya | BZ59: =IF(AND(Upaya_Debitur[[#This Row],[Iklan Cessie 1?]]="Ya",DATEDIF($B$5,$B$6,"D")>=120,Upaya_Debitur[[#This Row],[Haircut Diperhitungkan]]+Upaya_Debitur[[#This Row],[Set Off Diperhitungkan]]+SUM(OFFSET(Upaya_Debitur[[#This Row],[1]],0,0,1,$B$7))<Upaya_Debitur[[#This Row],[Kewajiban Total]]),"Ya","Tidak") -> Ya | CA59: =IF(AND(ISNUMBER(MATCH(Upaya_Debitur[[#This Row],[Wilayah Hukum]],$E$5:$E$12,0)),Upaya_Debitur[[#This Row],[SP3?]]="Ya",DATEDIF($B$5,$B$6,"D")>=120,Upaya_Debitur[[#This Row],[Haircut Diperhitungkan]]+Upaya_Debitur[[#This Row],[Set Off Diperhitungkan]]+SUM(OFFSET(Upaya_Debitur[[#This Row],[1]],0,0,1,$B$7))<Upaya_Debitur[[#This Row],[Kewajiban Total]],COUNTIFS(Upaya_Agunan[Nomor PK],Upaya_Debitur[[#This Row],[Nomor PK]],Upaya_Agunan[Agunan],"SHM")+COUNTIFS(Upaya_Agunan[Nomor PK],Upaya_Debitur[[#This Row],[Nomor PK]],Upaya_Agunan[Agunan],"SHGB")>0,AND(Upaya_Debitur[[#This Row],[Kewajiban Pokok]]<=500000000,Upaya_Debitur[[#This Row],[Kewajiban Pokok]]>50000000)),"Ya","Tidak") -> Tidak | CB59: 43781 | CC59: 43999 | CD59: 43826 | CE59: 43871 | CF59: 43887 | CG59: 43888 | CH59: 44057 | CI59: 44077 | CK59: =COUNTIF(Upaya_Debitur[[#This Row],[Surat Pemberitahuan?]:[Gugatan Sederhana?]],"Ya") -> 8 | CL59: =Upaya_Debitur[[#This Row],[Target Upaya]]-COUNTIFS(Upaya_Debitur[[#This Row],[Surat Pemberitahuan?]:[Gugatan Sederhana?]],"Ya",Upaya_Debitur[[#This Row],[Surat Pemberitahuan]:[Gugatan Sederhana]],"") -> 8 | CM59: =IF(ISNUMBER(Upaya_Debitur[[#This Row],[Realisasi]]/Upaya_Debitur[[#This Row],[Target Upaya]]),Upaya_Debitur[[#This Row],[Realisasi]]/Upaya_Debitur[[#This Row],[Target Upaya]],1) -> 1 | CQ59: 41 | CR59: =DATE(YEAR(CR58),MONTH(CR58)+2,1)-1 -> 44985 | CS59: =Periode[[#This Row],[Bulan Ke]] -> 41
A60: 42 | C60: 036/MBA-02/0244/VIII/2000 | D60: DAFRIAN | E60: 1836905 | F60: 0 | G60: 0 | H60: =SUM(Upaya_Debitur[[#This Row],[Kewajiban Pokok]:[Kewajiban Denda]]) -> 1836905 | J60: =IF(ISNUMBER(Upaya_Debitur[[#This Row],[Angsuran Sesuai PK]]),Upaya_Debitur[[#This Row],[Angsuran Sesuai PK]],1) -> 1 | L60: Meninggal | S60: =IF(Upaya_Debitur[[#This Row],[Periode Haircut]]="",0,IF(Upaya_Debitur[[#This Row],[Periode Haircut]]<=$B$6,Upaya_Debitur[[#This Row],[Haircut]],0)) -> 0 | T60: =IF($B$10="",0,IF($B$10<=$B$6,Upaya_Debitur[[#This Row],[Set Off]],0)) -> 0 | U60: 0 | V60: 0 | W60: 0 | X60: 0 | Y60: 0 | Z60: 0 | AA60: 0 | AB60: 0 | AC60: 0 | AD60: 0 | AE60: 0 | AF60: 0 | AG60: 0 | AH60: 0 | AI60: 0 | BQ60: =SUM(OFFSET(Upaya_Debitur[[#This Row],[Haircut Diperhitungkan]],0,0,1,$B$7+2)) -> 0 | BR60: =IF(Upaya_Debitur[[#This Row],[Total Pencairan]]>=Upaya_Debitur[[#This Row],[Kewajiban Total]],"Lunas","Belum Lunas") -> Belum Lunas | BS60: ="Ya" -> Ya | BT60: ="Ya" -> Ya | BU60: =IF(AND(DATEDIF($B$5,$B$6,"D")>=30,Upaya_Debitur[[#This Row],[Haircut Diperhitungkan]]+Upaya_Debitur[[#This Row],[Set Off Diperhitungkan]]+SUM(OFFSET(Upaya_Debitur[[#This Row],[1]],0,0,1,$B$7))<Upaya_Debitur[[#This Row],[Kewajiban Total]],OR($B$7-COUNTIF(OFFSET(Upaya_Debitur[[#This Row],[1]],0,0,1,$B$7),">="&Upaya_Debitur[[#This Row],[Angsuran Diperhitungkan]])>=1,DATEDIF($B$6,EDATE($B$5,$B$8)-1,"D")<180)),"Ya","Tidak") -> Ya | BV60: =IF(AND(Upaya_Debitur[[#This Row],[SP 1?]]="Ya",DATEDIF($B$5,$B$6,"D")>=60,Upaya_Debitur[[#This Row],[Haircut Diperhitungkan]]+Upaya_Debitur[[#This Row],[Set Off Diperhitungkan]]+SUM(OFFSET(Upaya_Debitur[[#This Row],[1]],0,0,1,$B$7))<Upaya_Debitur[[#This Row],[Kewajiban Total]],OR($B$7-COUNTIF(OFFSET(Upaya_Debitur[[#This Row],[1]],0,0,1,$B$7),">="&Upaya_Debitur[[#This Row],[Angsuran Diperhitungkan]])>=2,DATEDIF($B$6,EDATE($B$5,$B$8)-1,"D")<150)),"Ya","Tidak") -> Ya | BW60: =IF(AND(Upaya_Debitur[[#This Row],[SP2?]]="Ya",DATEDIF($B$5,$B$6,"D")>=90,Upaya_Debitur[[#This Row],[Haircut Diperhitungkan]]+Upaya_Debitur[[#This Row],[Set Off Diperhitungkan]]+SUM(OFFSET(Upaya_Debitur[[#This Row],[1]],0,0,1,$B$7))<Upaya_Debitur[[#This Row],[Kewajiban Total]],OR($B$7-COUNTIF(OFFSET(Upaya_Debitur[[#This Row],[1]],0,0,1,$B$7),">="&Upaya_Debitur[[#This Row],[Angsuran Diperhitungkan]])>=3,DATEDIF($B$6,EDATE($B$5,$B$8)-1,"D")<120)),"Ya","Tidak") -> Ya | BX60: =IF(Upaya_Debitur[[#This Row],[Kondisi Debitur]]="Tidak ditemukan","Ya","Tidak") -> Tidak | BY60: =IF(AND(Upaya_Debitur[[#This Row],[SP3?]]="Ya",DATEDIF($B$5,$B$6,"D")>=90,Upaya_Debitur[[#This Row],[Haircut Diperhitungkan]]+Upaya_Debitur[[#This Row],[Set Off Diperhitungkan]]+SUM(OFFSET(Upaya_Debitur[[#This Row],[1]],0,0,1,$B$7))<Upaya_Debitur[[#This Row],[Kewajiban Total]]),"Ya","Tidak") -> Ya | BZ60: =IF(AND(Upaya_Debitur[[#This Row],[Iklan Cessie 1?]]="Ya",DATEDIF($B$5,$B$6,"D")>=120,Upaya_Debitur[[#This Row],[Haircut Diperhitungkan]]+Upaya_Debitur[[#This Row],[Set Off Diperhitungkan]]+SUM(OFFSET(Upaya_Debitur[[#This Row],[1]],0,0,1,$B$7))<Upaya_Debitur[[#This Row],[Kewajiban Total]]),"Ya","Tidak") -> Ya | CA60: =IF(AND(ISNUMBER(MATCH(Upaya_Debitur[[#This Row],[Wilayah Hukum]],$E$5:$E$12,0)),Upaya_Debitur[[#This Row],[SP3?]]="Ya",DATEDIF($B$5,$B$6,"D")>=120,Upaya_Debitur[[#This Row],[Haircut Diperhitungkan]]+Upaya_Debitur[[#This Row],[Set Off Diperhitungkan]]+SUM(OFFSET(Upaya_Debitur[[#This Row],[1]],0,0,1,$B$7))<Upaya_Debitur[[#This Row],[Kewajiban Total]],COUNTIFS(Upaya_Agunan[Nomor PK],Upaya_Debitur[[#This Row],[Nomor PK]],Upaya_Agunan[Agunan],"SHM")+COUNTIFS(Upaya_Agunan[Nomor PK],Upaya_Debitur[[#This Row],[Nomor PK]],Upaya_Agunan[Agunan],"SHGB")>0,AND(Upaya_Debitur[[#This Row],[Kewajiban Pokok]]<=500000000,Upaya_Debitur[[#This Row],[Kewajiban Pokok]]>50000000)),"Ya","Tidak") -> Tidak | CB60: 43781 | CC60: 43999 | CD60: 43826 | CE60: 43871 | CF60: 43887 | CG60: 43888 | CH60: 44057 | CI60: 44077 | CK60: =COUNTIF(Upaya_Debitur[[#This Row],[Surat Pemberitahuan?]:[Gugatan Sederhana?]],"Ya") -> 7 | CL60: =Upaya_Debitur[[#This Row],[Target Upaya]]-COUNTIFS(Upaya_Debitur[[#This Row],[Surat Pemberitahuan?]:[Gugatan Sederhana?]],"Ya",Upaya_Debitur[[#This Row],[Surat Pemberitahuan]:[Gugatan Sederhana]],"") -> 7 | CM60: =IF(ISNUMBER(Upaya_Debitur[[#This Row],[Realisasi]]/Upaya_Debitur[[#This Row],[Target Upaya]]),Upaya_Debitur[[#This Row],[Realisasi]]/Upaya_Debitur[[#This Row],[Target Upaya]],1) -> 1 | CQ60: 42 | CR60: =DATE(YEAR(CR59),MONTH(CR59)+2,1)-1 -> 45016 | CS60: =Periode[[#This Row],[Bulan Ke]] -> 42
A61: 43 | C61: 163/MBA-02/0805/VI/2002 | D61: DRH. TEUKU KHALID | E61: 1740000 | F61: 0 | G61: 0 | H61: =SUM(Upaya_Debitur[[#This Row],[Kewajiban Pokok]:[Kewajiban Denda]]) -> 1740000 | J61: =IF(ISNUMBER(Upaya_Debitur[[#This Row],[Angsuran Sesuai PK]]),Upaya_Debitur[[#This Row],[Angsuran Sesuai PK]],1) -> 1 | L61: Tidak koperatif | S61: =IF(Upaya_Debitur[[#This Row],[Periode Haircut]]="",0,IF(Upaya_Debitur[[#This Row],[Periode Haircut]]<=$B$6,Upaya_Debitur[[#This Row],[Haircut]],0)) -> 0 | T61: =IF($B$10="",0,IF($B$10<=$B$6,Upaya_Debitur[[#This Row],[Set Off]],0)) -> 0 | U61: 0 | V61: 0 | W61: 0 | X61: 600000 | Y61: 600000 | Z61: 0 | AA61: 0 | AB61: 0 | AC61: 0 | AD61: 0 | AE61: 0 | AF61: 0 | AG61: 0 | AH61: 0 | AI61: 0 | BQ61: =SUM(OFFSET(Upaya_Debitur[[#This Row],[Haircut Diperhitungkan]],0,0,1,$B$7+2)) -> 1200000 | BR61: =IF(Upaya_Debitur[[#This Row],[Total Pencairan]]>=Upaya_Debitur[[#This Row],[Kewajiban Total]],"Lunas","Belum Lunas") -> Belum Lunas | BS61: ="Ya" -> Ya | BT61: ="Ya" -> Ya | BU61: =IF(AND(DATEDIF($B$5,$B$6,"D")>=30,Upaya_Debitur[[#This Row],[Haircut Diperhitungkan]]+Upaya_Debitur[[#This Row],[Set Off Diperhitungkan]]+SUM(OFFSET(Upaya_Debitur[[#This Row],[1]],0,0,1,$B$7))<Upaya_Debitur[[#This Row],[Kewajiban Total]],OR($B$7-COUNTIF(OFFSET(Upaya_Debitur[[#This Row],[1]],0,0,1,$B$7),">="&Upaya_Debitur[[#This Row],[Angsuran Diperhitungkan]])>=1,DATEDIF($B$6,EDATE($B$5,$B$8)-1,"D")<180)),"Ya","Tidak") -> Ya | BV61: =IF(AND(Upaya_Debitur[[#This Row],[SP 1?]]="Ya",DATEDIF($B$5,$B$6,"D")>=60,Upaya_Debitur[[#This Row],[Haircut Diperhitungkan]]+Upaya_Debitur[[#This Row],[Set Off Diperhitungkan]]+SUM(OFFSET(Upaya_Debitur[[#This Row],[1]],0,0,1,$B$7))<Upaya_Debitur[[#This Row],[Kewajiban Total]],OR($B$7-COUNTIF(OFFSET(Upaya_Debitur[[#This Row],[1]],0,0,1,$B$7),">="&Upaya_Debitur[[#This Row],[Angsuran Diperhitungkan]])>=2,DATEDIF($B$6,EDATE($B$5,$B$8)-1,"D")<150)),"Ya","Tidak") -> Ya | BW61: =IF(AND(Upaya_Debitur[[#This Row],[SP2?]]="Ya",DATEDIF($B$5,$B$6,"D")>=90,Upaya_Debitur[[#This Row],[Haircut Diperhitungkan]]+Upaya_Debitur[[#This Row],[Set Off Diperhitungkan]]+SUM(OFFSET(Upaya_Debitur[[#This Row],[1]],0,0,1,$B$7))<Upaya_Debitur[[#This Row],[Kewajiban Total]],OR($B$7-COUNTIF(OFFSET(Upaya_Debitur[[#This Row],[1]],0,0,1,$B$7),">="&Upaya_Debitur[[#This Row],[Angsuran Diperhitungkan]])>=3,DATEDIF($B$6,EDATE($B$5,$B$8)-1,"D")<120)),"Ya","Tidak") -> Ya | BX61: =IF(Upaya_Debitur[[#This Row],[Kondisi Debitur]]="Tidak ditemukan","Ya","Tidak") -> Tidak | BY61: =IF(AND(Upaya_Debitur[[#This Row],[SP3?]]="Ya",DATEDIF($B$5,$B$6,"D")>=90,Upaya_Debitur[[#This Row],[Haircut Diperhitungkan]]+Upaya_Debitur[[#This Row],[Set Off Diperhitungkan]]+SUM(OFFSET(Upaya_Debitur[[#This Row],[1]],0,0,1,$B$7))<Upaya_Debitur[[#This Row],[Kewajiban Total]]),"Ya","Tidak") -> Ya | BZ61: =IF(AND(Upaya_Debitur[[#This Row],[Iklan Cessie 1?]]="Ya",DATEDIF($B$5,$B$6,"D")>=120,Upaya_Debitur[[#This Row],[Haircut Diperhitungkan]]+Upaya_Debitur[[#This Row],[Set Off Diperhitungkan]]+SUM(OFFSET(Upaya_Debitur[[#This Row],[1]],0,0,1,$B$7))<Upaya_Debitur[[#This Row],[Kewajiban Total]]),"Ya","Tidak") -> Ya | CA61: =IF(AND(ISNUMBER(MATCH(Upaya_Debitur[[#This Row],[Wilayah Hukum]],$E$5:$E$12,0)),Upaya_Debitur[[#This Row],[SP3?]]="Ya",DATEDIF($B$5,$B$6,"D")>=120,Upaya_Debitur[[#This Row],[Haircut Diperhitungkan]]+Upaya_Debitur[[#This Row],[Set Off Diperhitungkan]]+SUM(OFFSET(Upaya_Debitur[[#This Row],[1]],0,0,1,$B$7))<Upaya_Debitur[[#This Row],[Kewajiban Total]],COUNTIFS(Upaya_Agunan[Nomor PK],Upaya_Debitur[[#This Row],[Nomor PK]],Upaya_Agunan[Agunan],"SHM")+COUNTIFS(Upaya_Agunan[Nomor PK],Upaya_Debitur[[#This Row],[Nomor PK]],Upaya_Agunan[Agunan],"SHGB")>0,AND(Upaya_Debitur[[#This Row],[Kewajiban Pokok]]<=500000000,Upaya_Debitur[[#This Row],[Kewajiban Pokok]]>50000000)),"Ya","Tidak") -> Tidak | CB61: 43781 | CC61: 43999 | CD61: 43826 | CE61: 43871 | CF61: 43887 | CH61: 44057 | CI61: 44077 | CK61: =COUNTIF(Upaya_Debitur[[#This Row],[Surat Pemberitahuan?]:[Gugatan Sederhana?]],"Ya") -> 7 | CL61: =Upaya_Debitur[[#This Row],[Target Upaya]]-COUNTIFS(Upaya_Debitur[[#This Row],[Surat Pemberitahuan?]:[Gugatan Sederhana?]],"Ya",Upaya_Debitur[[#This Row],[Surat Pemberitahuan]:[Gugatan Sederhana]],"") -> 7 | CM61: =IF(ISNUMBER(Upaya_Debitur[[#This Row],[Realisasi]]/Upaya_Debitur[[#This Row],[Target Upaya]]),Upaya_Debitur[[#This Row],[Realisasi]]/Upaya_Debitur[[#This Row],[Target Upaya]],1) -> 1 | CQ61: 43 | CR61: =DATE(YEAR(CR60),MONTH(CR60)+2,1)-1 -> 45046 | CS61: =Periode[[#This Row],[Bulan Ke]] -> 43
A62: 44 | C62: 789/BBA/0789/IV/1993 | D62: DRS. JAMALUDDIN | E62: 465250 | F62: 0 | G62: 0 | H62: =SUM(Upaya_Debitur[[#This Row],[Kewajiban Pokok]:[Kewajiban Denda]]) -> 465250 | J62: =IF(ISNUMBER(Upaya_Debitur[[#This Row],[Angsuran Sesuai PK]]),Upaya_Debitur[[#This Row],[Angsuran Sesuai PK]],1) -> 1 | L62: Tidak ditemukan | S62: =IF(Upaya_Debitur[[#This Row],[Periode Haircut]]="",0,IF(Upaya_Debitur[[#This Row],[Periode Haircut]]<=$B$6,Upaya_Debitur[[#This Row],[Haircut]],0)) -> 0 | T62: =IF($B$10="",0,IF($B$10<=$B$6,Upaya_Debitur[[#This Row],[Set Off]],0)) -> 0 | U62: 0 | V62: 0 | W62: 0 | X62: 0 | Y62: 0 | Z62: 0 | AA62: 0 | AB62: 0 | AC62: 0 | AD62: 0 | AE62: 0 | AF62: 0 | AG62: 0 | AH62: 0 | AI62: 0 | BQ62: =SUM(OFFSET(Upaya_Debitur[[#This Row],[Haircut Diperhitungkan]],0,0,1,$B$7+2)) -> 0 | BR62: =IF(Upaya_Debitur[[#This Row],[Total Pencairan]]>=Upaya_Debitur[[#This Row],[Kewajiban Total]],"Lunas","Belum Lunas") -> Belum Lunas | BS62: ="Ya" -> Ya | BT62: ="Ya" -> Ya | BU62: =IF(AND(DATEDIF($B$5,$B$6,"D")>=30,Upaya_Debitur[[#This Row],[Haircut Diperhitungkan]]+Upaya_Debitur[[#This Row],[Set Off Diperhitungkan]]+SUM(OFFSET(Upaya_Debitur[[#This Row],[1]],0,0,1,$B$7))<Upaya_Debitur[[#This Row],[Kewajiban Total]],OR($B$7-COUNTIF(OFFSET(Upaya_Debitur[[#This Row],[1]],0,0,1,$B$7),">="&Upaya_Debitur[[#This Row],[Angsuran Diperhitungkan]])>=1,DATEDIF($B$6,EDATE($B$5,$B$8)-1,"D")<180)),"Ya","Tidak") -> Ya | BV62: =IF(AND(Upaya_Debitur[[#This Row],[SP 1?]]="Ya",DATEDIF($B$5,$B$6,"D")>=60,Upaya_Debitur[[#This Row],[Haircut Diperhitungkan]]+Upaya_Debitur[[#This Row],[Set Off Diperhitungkan]]+SUM(OFFSET(Upaya_Debitur[[#This Row],[1]],0,0,1,$B$7))<Upaya_Debitur[[#This Row],[Kewajiban Total]],OR($B$7-COUNTIF(OFFSET(Upaya_Debitur[[#This Row],[1]],0,0,1,$B$7),">="&Upaya_Debitur[[#This Row],[Angsuran Diperhitungkan]])>=2,DATEDIF($B$6,EDATE($B$5,$B$8)-1,"D")<150)),"Ya","Tidak") -> Ya | BW62: =IF(AND(Upaya_Debitur[[#This Row],[SP2?]]="Ya",DATEDIF($B$5,$B$6,"D")>=90,Upaya_Debitur[[#This Row],[Haircut Diperhitungkan]]+Upaya_Debitur[[#This Row],[Set Off Diperhitungkan]]+SUM(OFFSET(Upaya_Debitur[[#This Row],[1]],0,0,1,$B$7))<Upaya_Debitur[[#This Row],[Kewajiban Total]],OR($B$7-COUNTIF(OFFSET(Upaya_Debitur[[#This Row],[1]],0,0,1,$B$7),">="&Upaya_Debitur[[#This Row],[Angsuran Diperhitungkan]])>=3,DATEDIF($B$6,EDATE($B$5,$B$8)-1,"D")<120)),"Ya","Tidak") -> Ya | BX62: =IF(Upaya_Debitur[[#This Row],[Kondisi Debitur]]="Tidak ditemukan","Ya","Tidak") -> Ya | BY62: =IF(AND(Upaya_Debitur[[#This Row],[SP3?]]="Ya",DATEDIF($B$5,$B$6,"D")>=90,Upaya_Debitur[[#This Row],[Haircut Diperhitungkan]]+Upaya_Debitur[[#This Row],[Set Off Diperhitungkan]]+SUM(OFFSET(Upaya_Debitur[[#This Row],[1]],0,0,1,$B$7))<Upaya_Debitur[[#This Row],[Kewajiban Total]]),"Ya","Tidak") -> Ya | BZ62: =IF(AND(Upaya_Debitur[[#This Row],[Iklan Cessie 1?]]="Ya",DATEDIF($B$5,$B$6,"D")>=120,Upaya_Debitur[[#This Row],[Haircut Diperhitungkan]]+Upaya_Debitur[[#This Row],[Set Off Diperhitungkan]]+SUM(OFFSET(Upaya_Debitur[[#This Row],[1]],0,0,1,$B$7))<Upaya_Debitur[[#This Row],[Kewajiban Total]]),"Ya","Tidak") -> Ya | CA62: =IF(AND(ISNUMBER(MATCH(Upaya_Debitur[[#This Row],[Wilayah Hukum]],$E$5:$E$12,0)),Upaya_Debitur[[#This Row],[SP3?]]="Ya",DATEDIF($B$5,$B$6,"D")>=120,Upaya_Debitur[[#This Row],[Haircut Diperhitungkan]]+Upaya_Debitur[[#This Row],[Set Off Diperhitungkan]]+SUM(OFFSET(Upaya_Debitur[[#This Row],[1]],0,0,1,$B$7))<Upaya_Debitur[[#This Row],[Kewajiban Total]],COUNTIFS(Upaya_Agunan[Nomor PK],Upaya_Debitur[[#This Row],[Nomor PK]],Upaya_Agunan[Agunan],"SHM")+COUNTIFS(Upaya_Agunan[Nomor PK],Upaya_Debitur[[#This Row],[Nomor PK]],Upaya_Agunan[Agunan],"SHGB")>0,AND(Upaya_Debitur[[#This Row],[Kewajiban Pokok]]<=500000000,Upaya_Debitur[[#This Row],[Kewajiban Pokok]]>50000000)),"Ya","Tidak") -> Tidak | CB62: 43781 | CC62: 43999 | CD62: 43826 | CE62: 43871 | CF62: 43887 | CG62: 44035 | CH62: 44057 | CI62: 44077 | CK62: =COUNTIF(Upaya_Debitur[[#This Row],[Surat Pemberitahuan?]:[Gugatan Sederhana?]],"Ya") -> 8 | CL62: =Upaya_Debitur[[#This Row],[Target Upaya]]-COUNTIFS(Upaya_Debitur[[#This Row],[Surat Pemberitahuan?]:[Gugatan Sederhana?]],"Ya",Upaya_Debitur[[#This Row],[Surat Pemberitahuan]:[Gugatan Sederhana]],"") -> 8 | CM62: =IF(ISNUMBER(Upaya_Debitur[[#This Row],[Realisasi]]/Upaya_Debitur[[#This Row],[Target Upaya]]),Upaya_Debitur[[#This Row],[Realisasi]]/Upaya_Debitur[[#This Row],[Target Upaya]],1) -> 1 | CQ62: 44 | CR62: =DATE(YEAR(CR61),MONTH(CR61)+2,1)-1 -> 45077 | CS62: =Periode[[#This Row],[Bulan Ke]] -> 44
A63: 45 | C63: 122/MBA-02/0459/V/2001 | D63: DRS. KARIMUDDIN | E63: 6900000 | F63: 0 | G63: 0 | H63: =SUM(Upaya_Debitur[[#This Row],[Kewajiban Pokok]:[Kewajiban Denda]]) -> 6900000 | J63: =IF(ISNUMBER(Upaya_Debitur[[#This Row],[Angsuran Sesuai PK]]),Upaya_Debitur[[#This Row],[Angsuran Sesuai PK]],1) -> 1 | L63: Tidak ditemukan | S63: =IF(Upaya_Debitur[[#This Row],[Periode Haircut]]="",0,IF(Upaya_Debitur[[#This Row],[Periode Haircut]]<=$B$6,Upaya_Debitur[[#This Row],[Haircut]],0)) -> 0 | T63: =IF($B$10="",0,IF($B$10<=$B$6,Upaya_Debitur[[#This Row],[Set Off]],0)) -> 0 | U63: 0 | V63: 0 | W63: 0 | X63: 0 | Y63: 0 | Z63: 0 | AA63: 0 | AB63: 0 | AC63: 0 | AD63: 0 | AE63: 0 | AF63: 0 | AG63: 0 | AH63: 0 | AI63: 0 | BQ63: =SUM(OFFSET(Upaya_Debitur[[#This Row],[Haircut Diperhitungkan]],0,0,1,$B$7+2)) -> 0 | BR63: =IF(Upaya_Debitur[[#This Row],[Total Pencairan]]>=Upaya_Debitur[[#This Row],[Kewajiban Total]],"Lunas","Belum Lunas") -> Belum Lunas | BS63: ="Ya" -> Ya | BT63: ="Ya" -> Ya | BU63: =IF(AND(DATEDIF($B$5,$B$6,"D")>=30,Upaya_Debitur[[#This Row],[Haircut Diperhitungkan]]+Upaya_Debitur[[#This Row],[Set Off Diperhitungkan]]+SUM(OFFSET(Upaya_Debitur[[#This Row],[1]],0,0,1,$B$7))<Upaya_Debitur[[#This Row],[Kewajiban Total]],OR($B$7-COUNTIF(OFFSET(Upaya_Debitur[[#This Row],[1]],0,0,1,$B$7),">="&Upaya_Debitur[[#This Row],[Angsuran Diperhitungkan]])>=1,DATEDIF($B$6,EDATE($B$5,$B$8)-1,"D")<180)),"Ya","Tidak") -> Ya | BV63: =IF(AND(Upaya_Debitur[[#This Row],[SP 1?]]="Ya",DATEDIF($B$5,$B$6,"D")>=60,Upaya_Debitur[[#This Row],[Haircut Diperhitungkan]]+Upaya_Debitur[[#This Row],[Set Off Diperhitungkan]]+SUM(OFFSET(Upaya_Debitur[[#This Row],[1]],0,0,1,$B$7))<Upaya_Debitur[[#This Row],[Kewajiban Total]],OR($B$7-COUNTIF(OFFSET(Upaya_Debitur[[#This Row],[1]],0,0,1,$B$7),">="&Upaya_Debitur[[#This Row],[Angsuran Diperhitungkan]])>=2,DATEDIF($B$6,EDATE($B$5,$B$8)-1,"D")<150)),"Ya","Tidak") -> Ya | BW63: =IF(AND(Upaya_Debitur[[#This Row],[SP2?]]="Ya",DATEDIF($B$5,$B$6,"D")>=90,Upaya_Debitur[[#This Row],[Haircut Diperhitungkan]]+Upaya_Debitur[[#This Row],[Set Off Diperhitungkan]]+SUM(OFFSET(Upaya_Debitur[[#This Row],[1]],0,0,1,$B$7))<Upaya_Debitur[[#This Row],[Kewajiban Total]],OR($B$7-COUNTIF(OFFSET(Upaya_Debitur[[#This Row],[1]],0,0,1,$B$7),">="&Upaya_Debitur[[#This Row],[Angsuran Diperhitungkan]])>=3,DATEDIF($B$6,EDATE($B$5,$B$8)-1,"D")<120)),"Ya","Tidak") -> Ya | BX63: =IF(Upaya_Debitur[[#This Row],[Kondisi Debitur]]="Tidak ditemukan","Ya","Tidak") -> Ya | BY63: =IF(AND(Upaya_Debitur[[#This Row],[SP3?]]="Ya",DATEDIF($B$5,$B$6,"D")>=90,Upaya_Debitur[[#This Row],[Haircut Diperhitungkan]]+Upaya_Debitur[[#This Row],[Set Off Diperhitungkan]]+SUM(OFFSET(Upaya_Debitur[[#This Row],[1]],0,0,1,$B$7))<Upaya_Debitur[[#This Row],[Kewajiban Total]]),"Ya","Tidak") -> Ya | BZ63: =IF(AND(Upaya_Debitur[[#This Row],[Iklan Cessie 1?]]="Ya",DATEDIF($B$5,$B$6,"D")>=120,Upaya_Debitur[[#This Row],[Haircut Diperhitungkan]]+Upaya_Debitur[[#This Row],[Set Off Diperhitungkan]]+SUM(OFFSET(Upaya_Debitur[[#This Row],[1]],0,0,1,$B$7))<Upaya_Debitur[[#This Row],[Kewajiban Total]]),"Ya","Tidak") -> Ya | CA63: =IF(AND(ISNUMBER(MATCH(Upaya_Debitur[[#This Row],[Wilayah Hukum]],$E$5:$E$12,0)),Upaya_Debitur[[#This Row],[SP3?]]="Ya",DATEDIF($B$5,$B$6,"D")>=120,Upaya_Debitur[[#This Row],[Haircut Diperhitungkan]]+Upaya_Debitur[[#This Row],[Set Off Diperhitungkan]]+SUM(OFFSET(Upaya_Debitur[[#This Row],[1]],0,0,1,$B$7))<Upaya_Debitur[[#This Row],[Kewajiban Total]],COUNTIFS(Upaya_Agunan[Nomor PK],Upaya_Debitur[[#This Row],[Nomor PK]],Upaya_Agunan[Agunan],"SHM")+COUNTIFS(Upaya_Agunan[Nomor PK],Upaya_Debitur[[#This Row],[Nomor PK]],Upaya_Agunan[Agunan],"SHGB")>0,AND(Upaya_Debitur[[#This Row],[Kewajiban Pokok]]<=500000000,Upaya_Debitur[[#This Row],[Kewajiban Pokok]]>50000000)),"Ya","Tidak") -> Tidak | CB63: 43781 | CC63: 43999 | CD63: 43826 | CE63: 43871 | CF63: 43887 | CG63: 43888 | CH63: 44057 | CI63: 44077 | CK63: =COUNTIF(Upaya_Debitur[[#This Row],[Surat Pemberitahuan?]:[Gugatan Sederhana?]],"Ya") -> 8 | CL63: =Upaya_Debitur[[#This Row],[Target Upaya]]-COUNTIFS(Upaya_Debitur[[#This Row],[Surat Pemberitahuan?]:[Gugatan Sederhana?]],"Ya",Upaya_Debitur[[#This Row],[Surat Pemberitahuan]:[Gugatan Sederhana]],"") -> 8 | CM63: =IF(ISNUMBER(Upaya_Debitur[[#This Row],[Realisasi]]/Upaya_Debitur[[#This Row],[Target Upaya]]),Upaya_Debitur[[#This Row],[Realisasi]]/Upaya_Debitur[[#This Row],[Target Upaya]],1) -> 1 | CQ63: 45 | CR63: =DATE(YEAR(CR62),MONTH(CR62)+2,1)-1 -> 45107 | CS63: =Periode[[#This Row],[Bulan Ke]] -> 45
A64: 46 | C64: 065/BBA-03/1059/VII/1999 | D64: DRS. M. JAMIL | E64: 1952319 | F64: 0 | G64: 0 | H64: =SUM(Upaya_Debitur[[#This Row],[Kewajiban Pokok]:[Kewajiban Denda]]) -> 1952319 | J64: =IF(ISNUMBER(Upaya_Debitur[[#This Row],[Angsuran Sesuai PK]]),Upaya_Debitur[[#This Row],[Angsuran Sesuai PK]],1) -> 1 | L64: Tidak koperatif | S64: =IF(Upaya_Debitur[[#This Row],[Periode Haircut]]="",0,IF(Upaya_Debitur[[#This Row],[Periode Haircut]]<=$B$6,Upaya_Debitur[[#This Row],[Haircut]],0)) -> 0 | T64: =IF($B$10="",0,IF($B$10<=$B$6,Upaya_Debitur[[#This Row],[Set Off]],0)) -> 0 | U64: 0 | V64: 0 | W64: 0 | X64: 0 | Y64: 0 | Z64: 0 | AA64: 0 | AB64: 0 | AC64: 0 | AD64: 0 | AE64: 0 | AF64: 0 | AG64: 0 | AH64: 0 | AI64: 0 | BQ64: =SUM(OFFSET(Upaya_Debitur[[#This Row],[Haircut Diperhitungkan]],0,0,1,$B$7+2)) -> 0 | BR64: =IF(Upaya_Debitur[[#This Row],[Total Pencairan]]>=Upaya_Debitur[[#This Row],[Kewajiban Total]],"Lunas","Belum Lunas") -> Belum Lunas | BS64: ="Ya" -> Ya | BT64: ="Ya" -> Ya | BU64: =IF(AND(DATEDIF($B$5,$B$6,"D")>=30,Upaya_Debitur[[#This Row],[Haircut Diperhitungkan]]+Upaya_Debitur[[#This Row],[Set Off Diperhitungkan]]+SUM(OFFSET(Upaya_Debitur[[#This Row],[1]],0,0,1,$B$7))<Upaya_Debitur[[#This Row],[Kewajiban Total]],OR($B$7-COUNTIF(OFFSET(Upaya_Debitur[[#This Row],[1]],0,0,1,$B$7),">="&Upaya_Debitur[[#This Row],[Angsuran Diperhitungkan]])>=1,DATEDIF($B$6,EDATE($B$5,$B$8)-1,"D")<180)),"Ya","Tidak") -> Ya | BV64: =IF(AND(Upaya_Debitur[[#This Row],[SP 1?]]="Ya",DATEDIF($B$5,$B$6,"D")>=60,Upaya_Debitur[[#This Row],[Haircut Diperhitungkan]]+Upaya_Debitur[[#This Row],[Set Off Diperhitungkan]]+SUM(OFFSET(Upaya_Debitur[[#This Row],[1]],0,0,1,$B$7))<Upaya_Debitur[[#This Row],[Kewajiban Total]],OR($B$7-COUNTIF(OFFSET(Upaya_Debitur[[#This Row],[1]],0,0,1,$B$7),">="&Upaya_Debitur[[#This Row],[Angsuran Diperhitungkan]])>=2,DATEDIF($B$6,EDATE($B$5,$B$8)-1,"D")<150)),"Ya","Tidak") -> Ya | BW64: =IF(AND(Upaya_Debitur[[#This Row],[SP2?]]="Ya",DATEDIF($B$5,$B$6,"D")>=90,Upaya_Debitur[[#This Row],[Haircut Diperhitungkan]]+Upaya_Debitur[[#This Row],[Set Off Diperhitungkan]]+SUM(OFFSET(Upaya_Debitur[[#This Row],[1]],0,0,1,$B$7))<Upaya_Debitur[[#This Row],[Kewajiban Total]],OR($B$7-COUNTIF(OFFSET(Upaya_Debitur[[#This Row],[1]],0,0,1,$B$7),">="&Upaya_Debitur[[#This Row],[Angsuran Diperhitungkan]])>=3,DATEDIF($B$6,EDATE($B$5,$B$8)-1,"D")<120)),"Ya","Tidak") -> Ya | BX64: =IF(Upaya_Debitur[[#This Row],[Kondisi Debitur]]="Tidak ditemukan","Ya","Tidak") -> Tidak | BY64: =IF(AND(Upaya_Debitur[[#This Row],[SP3?]]="Ya",DATEDIF($B$5,$B$6,"D")>=90,Upaya_Debitur[[#This Row],[Haircut Diperhitungkan]]+Upaya_Debitur[[#This Row],[Set Off Diperhitungkan]]+SUM(OFFSET(Upaya_Debitur[[#This Row],[1]],0,0,1,$B$7))<Upaya_Debitur[[#This Row],[Kewajiban Total]]),"Ya","Tidak") -> Ya | BZ64: =IF(AND(Upaya_Debitur[[#This Row],[Iklan Cessie 1?]]="Ya",DATEDIF($B$5,$B$6,"D")>=120,Upaya_Debitur[[#This Row],[Haircut Diperhitungkan]]+Upaya_Debitur[[#This Row],[Set Off Diperhitungkan]]+SUM(OFFSET(Upaya_Debitur[[#This Row],[1]],0,0,1,$B$7))<Upaya_Debitur[[#This Row],[Kewajiban Total]]),"Ya","Tidak") -> Ya | CA64: =IF(AND(ISNUMBER(MATCH(Upaya_Debitur[[#This Row],[Wilayah Hukum]],$E$5:$E$12,0)),Upaya_Debitur[[#This Row],[SP3?]]="Ya",DATEDIF($B$5,$B$6,"D")>=120,Upaya_Debitur[[#This Row],[Haircut Diperhitungkan]]+Upaya_Debitur[[#This Row],[Set Off Diperhitungkan]]+SUM(OFFSET(Upaya_Debitur[[#This Row],[1]],0,0,1,$B$7))<Upaya_Debitur[[#This Row],[Kewajiban Total]],COUNTIFS(Upaya_Agunan[Nomor PK],Upaya_Debitur[[#This Row],[Nomor PK]],Upaya_Agunan[Agunan],"SHM")+COUNTIFS(Upaya_Agunan[Nomor PK],Upaya_Debitur[[#This Row],[Nomor PK]],Upaya_Agunan[Agunan],"SHGB")>0,AND(Upaya_Debitur[[#This Row],[Kewajiban Pokok]]<=500000000,Upaya_Debitur[[#This Row],[Kewajiban Pokok]]>50000000)),"Ya","Tidak") -> Tidak | CB64: 43781 | CC64: 43999 | CD64: 43826 | CE64: 43871 | CF64: 43887 | CG64: 43888 | CH64: 44057 | CI64: 44077 | CK64: =COUNTIF(Upaya_Debitur[[#This Row],[Surat Pemberitahuan?]:[Gugatan Sederhana?]],"Ya") -> 7 | CL64: =Upaya_Debitur[[#This Row],[Target Upaya]]-COUNTIFS(Upaya_Debitur[[#This Row],[Surat Pemberitahuan?]:[Gugatan Sederhana?]],"Ya",Upaya_Debitur[[#This Row],[Surat Pemberitahuan]:[Gugatan Sederhana]],"") -> 7 | CM64: =IF(ISNUMBER(Upaya_Debitur[[#This Row],[Realisasi]]/Upaya_Debitur[[#This Row],[Target Upaya]]),Upaya_Debitur[[#This Row],[Realisasi]]/Upaya_Debitur[[#This Row],[Target Upaya]],1) -> 1 | CQ64: 46 | CR64: =DATE(YEAR(CR63),MONTH(CR63)+2,1)-1 -> 45138 | CS64: =Periode[[#This Row],[Bulan Ke]] -> 46
A65: 47 | C65: 181/BBA-03/0181/VI/1995 | D65: DRS. MAHDI AR | E65: 175000 | F65: 0 | G65: 0 | H65: =SUM(Upaya_Debitur[[#This Row],[Kewajiban Pokok]:[Kewajiban Denda]]) -> 175000 | J65: =IF(ISNUMBER(Upaya_Debitur[[#This Row],[Angsuran Sesuai PK]]),Upaya_Debitur[[#This Row],[Angsuran Sesuai PK]],1) -> 1 | L65: Tidak ditemukan | S65: =IF(Upaya_Debitur[[#This Row],[Periode Haircut]]="",0,IF(Upaya_Debitur[[#This Row],[Periode Haircut]]<=$B$6,Upaya_Debitur[[#This Row],[Haircut]],0)) -> 0 | T65: =IF($B$10="",0,IF($B$10<=$B$6,Upaya_Debitur[[#This Row],[Set Off]],0)) -> 0 | U65: 0 | V65: 0 | W65: 0 | X65: 0 | Y65: 0 | Z65: 0 | AA65: 0 | AB65: 0 | AC65: 0 | AD65: 0 | AE65: 0 | AF65: 0 | AG65: 0 | AH65: 0 | AI65: 0 | BQ65: =SUM(OFFSET(Upaya_Debitur[[#This Row],[Haircut Diperhitungkan]],0,0,1,$B$7+2)) -> 0 | BR65: =IF(Upaya_Debitur[[#This Row],[Total Pencairan]]>=Upaya_Debitur[[#This Row],[Kewajiban Total]],"Lunas","Belum Lunas") -> Belum Lunas | BS65: ="Ya" -> Ya | BT65: ="Ya" -> Ya | BU65: =IF(AND(DATEDIF($B$5,$B$6,"D")>=30,Upaya_Debitur[[#This Row],[Haircut Diperhitungkan]]+Upaya_Debitur[[#This Row],[Set Off Diperhitungkan]]+SUM(OFFSET(Upaya_Debitur[[#This Row],[1]],0,0,1,$B$7))<Upaya_Debitur[[#This Row],[Kewajiban Total]],OR($B$7-COUNTIF(OFFSET(Upaya_Debitur[[#This Row],[1]],0,0,1,$B$7),">="&Upaya_Debitur[[#This Row],[Angsuran Diperhitungkan]])>=1,DATEDIF($B$6,EDATE($B$5,$B$8)-1,"D")<180)),"Ya","Tidak") -> Ya | BV65: =IF(AND(Upaya_Debitur[[#This Row],[SP 1?]]="Ya",DATEDIF($B$5,$B$6,"D")>=60,Upaya_Debitur[[#This Row],[Haircut Diperhitungkan]]+Upaya_Debitur[[#This Row],[Set Off Diperhitungkan]]+SUM(OFFSET(Upaya_Debitur[[#This Row],[1]],0,0,1,$B$7))<Upaya_Debitur[[#This Row],[Kewajiban Total]],OR($B$7-COUNTIF(OFFSET(Upaya_Debitur[[#This Row],[1]],0,0,1,$B$7),">="&Upaya_Debitur[[#This Row],[Angsuran Diperhitungkan]])>=2,DATEDIF($B$6,EDATE($B$5,$B$8)-1,"D")<150)),"Ya","Tidak") -> Ya | BW65: =IF(AND(Upaya_Debitur[[#This Row],[SP2?]]="Ya",DATEDIF($B$5,$B$6,"D")>=90,Upaya_Debitur[[#This Row],[Haircut Diperhitungkan]]+Upaya_Debitur[[#This Row],[Set Off Diperhitungkan]]+SUM(OFFSET(Upaya_Debitur[[#This Row],[1]],0,0,1,$B$7))<Upaya_Debitur[[#This Row],[Kewajiban Total]],OR($B$7-COUNTIF(OFFSET(Upaya_Debitur[[#This Row],[1]],0,0,1,$B$7),">="&Upaya_Debitur[[#This Row],[Angsuran Diperhitungkan]])>=3,DATEDIF($B$6,EDATE($B$5,$B$8)-1,"D")<120)),"Ya","Tidak") -> Ya | BX65: =IF(Upaya_Debitur[[#This Row],[Kondisi Debitur]]="Tidak ditemukan","Ya","Tidak") -> Ya | BY65: =IF(AND(Upaya_Debitur[[#This Row],[SP3?]]="Ya",DATEDIF($B$5,$B$6,"D")>=90,Upaya_Debitur[[#This Row],[Haircut Diperhitungkan]]+Upaya_Debitur[[#This Row],[Set Off Diperhitungkan]]+SUM(OFFSET(Upaya_Debitur[[#This Row],[1]],0,0,1,$B$7))<Upaya_Debitur[[#This Row],[Kewajiban Total]]),"Ya","Tidak") -> Ya | BZ65: =IF(AND(Upaya_Debitur[[#This Row],[Iklan Cessie 1?]]="Ya",DATEDIF($B$5,$B$6,"D")>=120,Upaya_Debitur[[#This Row],[Haircut Diperhitungkan]]+Upaya_Debitur[[#This Row],[Set Off Diperhitungkan]]+SUM(OFFSET(Upaya_Debitur[[#This Row],[1]],0,0,1,$B$7))<Upaya_Debitur[[#This Row],[Kewajiban Total]]),"Ya","Tidak") -> Ya | CA65: =IF(AND(ISNUMBER(MATCH(Upaya_Debitur[[#This Row],[Wilayah Hukum]],$E$5:$E$12,0)),Upaya_Debitur[[#This Row],[SP3?]]="Ya",DATEDIF($B$5,$B$6,"D")>=120,Upaya_Debitur[[#This Row],[Haircut Diperhitungkan]]+Upaya_Debitur[[#This Row],[Set Off Diperhitungkan]]+SUM(OFFSET(Upaya_Debitur[[#This Row],[1]],0,0,1,$B$7))<Upaya_Debitur[[#This Row],[Kewajiban Total]],COUNTIFS(Upaya_Agunan[Nomor PK],Upaya_Debitur[[#This Row],[Nomor PK]],Upaya_Agunan[Agunan],"SHM")+COUNTIFS(Upaya_Agunan[Nomor PK],Upaya_Debitur[[#This Row],[Nomor PK]],Upaya_Agunan[Agunan],"SHGB")>0,AND(Upaya_Debitur[[#This Row],[Kewajiban Pokok]]<=500000000,Upaya_Debitur[[#This Row],[Kewajiban Pokok]]>50000000)),"Ya","Tidak") -> Tidak | CB65: 43781 | CC65: 43999 | CD65: 43826 | CE65: 43871 | CF65: 43887 | CG65: 44035 | CH65: 44057 | CI65: 44077 | CK65: =COUNTIF(Upaya_Debitur[[#This Row],[Surat Pemberitahuan?]:[Gugatan Sederhana?]],"Ya") -> 8 | CL65: =Upaya_Debitur[[#This Row],[Target Upaya]]-COUNTIFS(Upaya_Debitur[[#This Row],[Surat Pemberitahuan?]:[Gugatan Sederhana?]],"Ya",Upaya_Debitur[[#This Row],[Surat Pemberitahuan]:[Gugatan Sederhana]],"") -> 8 | CM65: =IF(ISNUMBER(Upaya_Debitur[[#This Row],[Realisasi]]/Upaya_Debitur[[#This Row],[Target Upaya]]),Upaya_Debitur[[#This Row],[Realisasi]]/Upaya_Debitur[[#This Row],[Target Upaya]],1) -> 1 | CQ65: 47 | CR65: =DATE(YEAR(CR64),MONTH(CR64)+2,1)-1 -> 45169 | CS65: =Periode[[#This Row],[Bulan Ke]] -> 47
A66: 48 | C66: 165/BBA-03/0165/V/1995 | D66: DRS. MANSUR M.KIRAN | E66: 2804915 | F66: 0 | G66: 0 | H66: =SUM(Upaya_Debitur[[#This Row],[Kewajiban Pokok]:[Kewajiban Denda]]) -> 2804915 | J66: =IF(ISNUMBER(Upaya_Debitur[[#This Row],[Angsuran Sesuai PK]]),Upaya_Debitur[[#This Row],[Angsuran Sesuai PK]],1) -> 1 | L66: Meninggal | S66: =IF(Upaya_Debitur[[#This Row],[Periode Haircut]]="",0,IF(Upaya_Debitur[[#This Row],[Periode Haircut]]<=$B$6,Upaya_Debitur[[#This Row],[Haircut]],0)) -> 0 | T66: =IF($B$10="",0,IF($B$10<=$B$6,Upaya_Debitur[[#This Row],[Set Off]],0)) -> 0 | U66: 0 | V66: 0 | W66: 0 | X66: 0 | Y66: 0 | Z66: 0 | AA66: 0 | AB66: 0 | AC66: 0 | AD66: 0 | AE66: 0 | AF66: 0 | AG66: 0 | AH66: 0 | AI66: 0 | BQ66: =SUM(OFFSET(Upaya_Debitur[[#This Row],[Haircut Diperhitungkan]],0,0,1,$B$7+2)) -> 0 | BR66: =IF(Upaya_Debitur[[#This Row],[Total Pencairan]]>=Upaya_Debitur[[#This Row],[Kewajiban Total]],"Lunas","Belum Lunas") -> Belum Lunas | BS66: ="Ya" -> Ya | BT66: ="Ya" -> Ya | BU66: =IF(AND(DATEDIF($B$5,$B$6,"D")>=30,Upaya_Debitur[[#This Row],[Haircut Diperhitungkan]]+Upaya_Debitur[[#This Row],[Set Off Diperhitungkan]]+SUM(OFFSET(Upaya_Debitur[[#This Row],[1]],0,0,1,$B$7))<Upaya_Debitur[[#This Row],[Kewajiban Total]],OR($B$7-COUNTIF(OFFSET(Upaya_Debitur[[#This Row],[1]],0,0,1,$B$7),">="&Upaya_Debitur[[#This Row],[Angsuran Diperhitungkan]])>=1,DATEDIF($B$6,EDATE($B$5,$B$8)-1,"D")<180)),"Ya","Tidak") -> Ya | BV66: =IF(AND(Upaya_Debitur[[#This Row],[SP 1?]]="Ya",DATEDIF($B$5,$B$6,"D")>=60,Upaya_Debitur[[#This Row],[Haircut Diperhitungkan]]+Upaya_Debitur[[#This Row],[Set Off Diperhitungkan]]+SUM(OFFSET(Upaya_Debitur[[#This Row],[1]],0,0,1,$B$7))<Upaya_Debitur[[#This Row],[Kewajiban Total]],OR($B$7-COUNTIF(OFFSET(Upaya_Debitur[[#This Row],[1]],0,0,1,$B$7),">="&Upaya_Debitur[[#This Row],[Angsuran Diperhitungkan]])>=2,DATEDIF($B$6,EDATE($B$5,$B$8)-1,"D")<150)),"Ya","Tidak") -> Ya | BW66: =IF(AND(Upaya_Debitur[[#This Row],[SP2?]]="Ya",DATEDIF($B$5,$B$6,"D")>=90,Upaya_Debitur[[#This Row],[Haircut Diperhitungkan]]+Upaya_Debitur[[#This Row],[Set Off Diperhitungkan]]+SUM(OFFSET(Upaya_Debitur[[#This Row],[1]],0,0,1,$B$7))<Upaya_Debitur[[#This Row],[Kewajiban Total]],OR($B$7-COUNTIF(OFFSET(Upaya_Debitur[[#This Row],[1]],0,0,1,$B$7),">="&Upaya_Debitur[[#This Row],[Angsuran Diperhitungkan]])>=3,DATEDIF($B$6,EDATE($B$5,$B$8)-1,"D")<120)),"Ya","Tidak") -> Ya | BX66: =IF(Upaya_Debitur[[#This Row],[Kondisi Debitur]]="Tidak ditemukan","Ya","Tidak") -> Tidak | BY66: =IF(AND(Upaya_Debitur[[#This Row],[SP3?]]="Ya",DATEDIF($B$5,$B$6,"D")>=90,Upaya_Debitur[[#This Row],[Haircut Diperhitungkan]]+Upaya_Debitur[[#This Row],[Set Off Diperhitungkan]]+SUM(OFFSET(Upaya_Debitur[[#This Row],[1]],0,0,1,$B$7))<Upaya_Debitur[[#This Row],[Kewajiban Total]]),"Ya","Tidak") -> Ya | BZ66: =IF(AND(Upaya_Debitur[[#This Row],[Iklan Cessie 1?]]="Ya",DATEDIF($B$5,$B$6,"D")>=120,Upaya_Debitur[[#This Row],[Haircut Diperhitungkan]]+Upaya_Debitur[[#This Row],[Set Off Diperhitungkan]]+SUM(OFFSET(Upaya_Debitur[[#This Row],[1]],0,0,1,$B$7))<Upaya_Debitur[[#This Row],[Kewajiban Total]]),"Ya","Tidak") -> Ya | CA66: =IF(AND(ISNUMBER(MATCH(Upaya_Debitur[[#This Row],[Wilayah Hukum]],$E$5:$E$12,0)),Upaya_Debitur[[#This Row],[SP3?]]="Ya",DATEDIF($B$5,$B$6,"D")>=120,Upaya_Debitur[[#This Row],[Haircut Diperhitungkan]]+Upaya_Debitur[[#This Row],[Set Off Diperhitungkan]]+SUM(OFFSET(Upaya_Debitur[[#This Row],[1]],0,0,1,$B$7))<Upaya_Debitur[[#This Row],[Kewajiban Total]],COUNTIFS(Upaya_Agunan[Nomor PK],Upaya_Debitur[[#This Row],[Nomor PK]],Upaya_Agunan[Agunan],"SHM")+COUNTIFS(Upaya_Agunan[Nomor PK],Upaya_Debitur[[#This Row],[Nomor PK]],Upaya_Agunan[Agunan],"SHGB")>0,AND(Upaya_Debitur[[#This Row],[Kewajiban Pokok]]<=500000000,Upaya_Debitur[[#This Row],[Kewajiban Pokok]]>50000000)),"Ya","Tidak") -> Tidak | CB66: 43781 | CC66: 43999 | CD66: 43826 | CE66: 43871 | CF66: 43887 | CG66: 43888 | CH66: 44057 | CI66: 44077 | CK66: =COUNTIF(Upaya_Debitur[[#This Row],[Surat Pemberitahuan?]:[Gugatan Sederhana?]],"Ya") -> 7 | CL66: =Upaya_Debitur[[#This Row],[Target Upaya]]-COUNTIFS(Upaya_Debitur[[#This Row],[Surat Pemberitahuan?]:[Gugatan Sederhana?]],"Ya",Upaya_Debitur[[#This Row],[Surat Pemberitahuan]:[Gugatan Sederhana]],"") -> 7 | CM66: =IF(ISNUMBER(Upaya_Debitur[[#This Row],[Realisasi]]/Upaya_Debitur[[#This Row],[Target Upaya]]),Upaya_Debitur[[#This Row],[Realisasi]]/Upaya_Debitur[[#This Row],[Target Upaya]],1) -> 1 | CQ66: 48 | CR66: =DATE(YEAR(CR65),MONTH(CR65)+2,1)-1 -> 45199 | CS66: =Periode[[#This Row],[Bulan Ke]] -> 48
